target,prediction,confidence,correct
16,16,0.9997814297676086,True
1,1,0.9999836683273315,True
38,38,0.9997310042381287,True
33,33,0.9998231530189514,True
11,11,0.999940037727356,True
38,38,0.9997536540031433,True
18,18,0.9998435974121094,True
12,12,0.9994065761566162,True
25,25,0.9994096755981445,True
35,35,0.9998047947883606,True
12,12,0.9989557266235352,True
7,7,0.9999674558639526,True
23,23,0.9925299286842346,True
7,7,0.9986151456832886,True
4,4,0.9995591044425964,True
9,9,0.999861478805542,True
21,21,0.8399714827537537,True
20,20,0.6915957927703857,True
27,27,0.9869681000709534,True
38,38,0.999688982963562,True
4,4,0.999889612197876,True
33,33,0.9993993043899536,True
9,9,0.9999784231185913,True
3,3,0.9994149208068848,True
1,1,0.999923586845398,True
11,11,0.999984622001648,True
13,13,0.9999475479125977,True
10,10,0.99996018409729,True
9,9,0.999987006187439,True
11,11,0.9998383522033691,True
5,5,0.9993940591812134,True
17,17,0.9998916387557983,True
34,34,0.9999682903289795,True
23,20,0.546032726764679,False
2,2,0.9997689127922058,True
17,17,0.9998550415039062,True
3,3,0.9977560639381409,True
12,12,0.9998412132263184,True
16,16,0.9999700784683228,True
8,8,0.9970134496688843,True
7,7,0.9999129772186279,True
30,30,0.7216968536376953,True
18,18,0.9999840259552002,True
12,12,0.9999516010284424,True
24,24,0.9999133348464966,True
25,25,0.9804660677909851,True
3,3,0.9923496246337891,True
10,10,0.9999799728393555,True
18,18,0.9743097424507141,True
8,8,0.9923797845840454,True
25,25,0.6066061854362488,True
13,13,0.9997664093971252,True
15,15,0.9987649917602539,True
9,9,0.9999765157699585,True
13,13,0.9996840953826904,True
35,35,0.9993048906326294,True
5,5,0.9998961687088013,True
26,26,0.9997335076332092,True
9,9,0.9999901056289673,True
16,16,0.9999357461929321,True
38,38,0.9985009431838989,True
10,10,0.9998623132705688,True
4,4,0.999955415725708,True
9,9,0.9999885559082031,True
15,15,0.9993108510971069,True
9,9,0.9999792575836182,True
26,26,0.9996652603149414,True
2,2,0.9922484159469604,True
5,5,0.9568089246749878,True
28,27,0.8619695901870728,False
11,11,0.9996875524520874,True
25,25,0.9998444318771362,True
30,11,0.9467490315437317,False
34,34,0.9572029709815979,True
5,5,0.9995049238204956,True
12,12,0.9997747540473938,True
1,1,0.9662914276123047,True
10,10,0.9997944235801697,True
25,25,0.9089145660400391,True
25,25,0.9960436820983887,True
21,21,0.9998809099197388,True
33,33,0.9994901418685913,True
25,25,0.9998694658279419,True
7,7,0.9496089220046997,True
10,10,0.9998761415481567,True
35,35,0.9999693632125854,True
3,3,0.9992146492004395,True
7,7,0.9975336790084839,True
22,22,0.9998916387557983,True
13,13,0.9995902180671692,True
3,3,0.9920251369476318,True
1,1,0.9999600648880005,True
2,2,0.9984115362167358,True
14,14,0.9999481439590454,True
12,12,0.9992457628250122,True
32,32,0.9621544480323792,True
3,3,0.9999818801879883,True
38,38,0.9998263716697693,True
9,9,0.9999639987945557,True
33,33,0.9998154044151306,True
1,1,0.9999423027038574,True
10,10,0.9998806715011597,True
5,5,0.9990884065628052,True
11,11,0.999997615814209,True
33,33,0.9996780157089233,True
4,4,0.9999459981918335,True
35,35,0.9999966621398926,True
25,25,0.9986178874969482,True
33,33,0.999886155128479,True
4,4,0.9999284744262695,True
1,1,0.9998456239700317,True
14,14,0.9993108510971069,True
16,16,0.9996035695075989,True
10,10,0.9999433755874634,True
30,30,0.5359210968017578,True
3,3,0.9999750852584839,True
27,27,0.9979658126831055,True
29,12,0.8745908737182617,False
1,1,0.9989107847213745,True
17,17,0.32681652903556824,True
13,13,0.9997512698173523,True
7,7,0.9998519420623779,True
1,2,0.6722147464752197,False
8,8,0.9994111061096191,True
2,2,0.9693233966827393,True
10,10,0.9992607235908508,True
10,10,0.9999017715454102,True
30,11,0.6117205023765564,False
1,1,0.9999940395355225,True
6,6,0.9732145071029663,True
36,36,0.998828113079071,True
3,3,0.9994391798973083,True
14,14,0.9969894289970398,True
13,13,0.9996333122253418,True
11,11,0.9999475479125977,True
10,10,0.9999779462814331,True
18,18,0.9994718432426453,True
40,40,0.9581813812255859,True
2,2,0.9998194575309753,True
38,38,0.998791515827179,True
41,41,0.8173971176147461,True
4,4,0.9997301697731018,True
6,6,0.9998140931129456,True
18,18,0.998144268989563,True
17,17,0.9991055130958557,True
25,25,0.5830853581428528,True
2,2,0.999707043170929,True
41,9,0.7560203075408936,False
11,11,0.9988320469856262,True
21,21,0.9999732971191406,True
7,7,0.9998843669891357,True
24,24,0.993289053440094,True
11,11,0.9999972581863403,True
25,25,0.991290807723999,True
17,17,0.999955415725708,True
3,3,0.9999865293502808,True
6,6,0.9991198182106018,True
9,9,0.9908543825149536,True
7,7,0.9999773502349854,True
4,4,0.999099612236023,True
13,13,0.9996459484100342,True
16,16,0.9999908208847046,True
4,4,0.9999586343765259,True
25,28,0.4037754535675049,False
18,18,0.9884519577026367,True
9,9,0.9996034502983093,True
13,13,0.9998830556869507,True
14,14,0.9984776377677917,True
29,29,0.994451105594635,True
17,17,0.9999018907546997,True
13,13,0.9997480511665344,True
38,38,0.9858565330505371,True
26,26,0.9995539784431458,True
25,25,0.9999593496322632,True
33,33,0.8825108408927917,True
1,1,0.9986807703971863,True
3,3,0.9947682619094849,True
40,40,0.9986308217048645,True
13,13,0.9996628761291504,True
2,2,0.9997100234031677,True
8,8,0.9998576641082764,True
4,4,0.9999552965164185,True
36,36,0.9999697208404541,True
25,25,0.9998072981834412,True
20,20,0.9963244795799255,True
25,25,0.9998654127120972,True
18,18,0.9966110587120056,True
1,1,0.941447913646698,True
10,10,0.9999245405197144,True
8,8,0.9997921586036682,True
10,10,0.99998939037323,True
29,29,0.9993908405303955,True
12,12,0.9994456171989441,True
38,38,0.9902001023292542,True
31,31,0.9985344409942627,True
2,2,0.9998389482498169,True
8,8,0.9978411197662354,True
38,38,0.16442403197288513,True
18,18,0.4708956182003021,True
28,28,0.9687733054161072,True
17,17,0.9998866319656372,True
9,9,0.9999845027923584,True
4,4,0.999987006187439,True
1,1,0.9985315799713135,True
17,17,0.9998718500137329,True
9,9,0.9999923706054688,True
2,2,0.999982476234436,True
31,31,0.9049679040908813,True
13,13,0.99957674741745,True
15,15,0.9998098015785217,True
15,15,0.9986481070518494,True
38,38,0.9990241527557373,True
25,25,0.9998379945755005,True
5,5,0.999660849571228,True
25,25,0.9994117021560669,True
13,13,0.9996016621589661,True
10,10,0.9998875856399536,True
5,5,0.9997106194496155,True
4,4,0.9999558925628662,True
10,10,0.9999624490737915,True
2,2,0.9998582601547241,True
4,4,0.9997413754463196,True
5,5,0.9906160235404968,True
1,1,0.9997785687446594,True
14,14,0.9997445940971375,True
12,12,0.9996730089187622,True
12,12,0.9995331764221191,True
5,5,0.9999402761459351,True
8,8,0.9997332692146301,True
36,36,0.9998856782913208,True
25,25,0.9999758005142212,True
13,13,0.9998633861541748,True
33,33,0.9971768856048584,True
18,18,0.9990167617797852,True
33,33,0.5892213582992554,True
19,19,0.8173355460166931,True
12,12,0.9995800852775574,True
30,30,0.7533738017082214,True
4,4,0.9998732805252075,True
18,18,0.9995239973068237,True
12,12,0.9996786117553711,True
13,13,0.9996017813682556,True
20,20,0.9928251504898071,True
0,0,0.9968889355659485,True
10,10,0.9999362230300903,True
40,40,0.9999356269836426,True
5,5,0.9577257633209229,True
8,8,0.9988572597503662,True
12,12,0.9988918900489807,True
38,38,0.9995070695877075,True
20,20,0.6300234198570251,True
14,14,0.9999229907989502,True
0,0,0.891215443611145,True
36,36,0.9999556541442871,True
34,34,0.9999057054519653,True
28,28,0.9999915361404419,True
35,35,0.9998321533203125,True
13,13,0.9997854828834534,True
25,25,0.9938454031944275,True
15,15,0.9999204874038696,True
35,35,0.9999310970306396,True
14,14,0.9999536275863647,True
18,18,0.9992209672927856,True
25,25,0.26767340302467346,True
1,1,0.9998512268066406,True
12,13,0.575947642326355,False
5,5,0.9997401833534241,True
25,25,0.9998958110809326,True
2,2,0.9995383024215698,True
18,18,0.9999099969863892,True
18,27,0.8928611278533936,False
18,18,0.9913859367370605,True
34,34,0.9925289154052734,True
9,9,0.999995231628418,True
25,25,0.9997742772102356,True
18,18,0.9980986714363098,True
34,34,0.9999704360961914,True
39,39,0.9966244697570801,True
31,31,0.999152421951294,True
1,1,0.9996893405914307,True
9,9,0.9999322891235352,True
35,35,0.9890347719192505,True
31,31,0.9975530505180359,True
26,26,0.9995148181915283,True
1,1,0.999994158744812,True
1,1,0.9996829032897949,True
33,33,0.9999388456344604,True
30,30,0.7830153107643127,True
17,17,0.9997461438179016,True
13,13,0.9996733665466309,True
1,1,0.9999043941497803,True
31,31,0.8455765247344971,True
13,13,0.9997764229774475,True
35,35,0.9999575614929199,True
5,5,0.9997450709342957,True
1,1,0.999992847442627,True
33,33,0.9907798767089844,True
28,28,0.9998863935470581,True
35,35,0.9999779462814331,True
26,26,0.9999849796295166,True
12,12,0.9992437362670898,True
5,5,0.9997264742851257,True
2,2,0.9997178912162781,True
14,14,0.9998753070831299,True
4,4,0.8885337710380554,True
3,3,0.9719559550285339,True
32,32,0.9784730672836304,True
1,1,0.9970093369483948,True
7,7,0.9937944412231445,True
38,8,0.16879889369010925,False
19,19,0.9921302199363708,True
11,11,0.9999417066574097,True
38,38,0.9993601441383362,True
38,38,0.9997965693473816,True
1,1,0.7246075868606567,True
42,42,0.9998701810836792,True
2,2,0.965236485004425,True
40,40,0.9998295307159424,True
17,17,0.9998053908348083,True
4,4,0.9998235106468201,True
8,8,0.9998261332511902,True
4,4,0.9999797344207764,True
5,5,0.9991069436073303,True
6,6,0.9996778964996338,True
31,31,0.9642344117164612,True
35,35,0.9781560897827148,True
9,9,0.9999895095825195,True
38,38,0.9992818236351013,True
8,8,0.9866595268249512,True
2,2,0.999772846698761,True
4,4,0.9987708926200867,True
18,18,0.9999841451644897,True
3,3,0.9990208148956299,True
25,25,0.9999158382415771,True
10,10,0.9999830722808838,True
6,42,0.5126007199287415,False
7,7,0.622804582118988,True
34,34,0.9999760389328003,True
4,4,0.9999654293060303,True
22,23,0.7352603673934937,False
10,10,0.999815046787262,True
29,29,0.995958149433136,True
9,9,0.9927276372909546,True
2,2,0.9999562501907349,True
38,38,0.9993799924850464,True
38,38,0.9993963241577148,True
18,18,0.9999614953994751,True
7,7,0.9999842643737793,True
13,13,0.9988328814506531,True
28,28,0.9653222560882568,True
17,17,0.9996621608734131,True
2,2,0.9998537302017212,True
16,16,0.999703586101532,True
14,14,0.9999480247497559,True
12,12,0.9997100234031677,True
40,40,0.9092299342155457,True
35,35,0.9999517202377319,True
3,3,0.9999254941940308,True
38,38,0.963012158870697,True
10,10,0.9997549653053284,True
9,9,0.9999580383300781,True
38,38,0.9977346658706665,True
13,13,0.9996813535690308,True
39,39,0.9560343623161316,True
3,3,0.9998276233673096,True
11,26,0.7367624640464783,False
7,7,0.9999091625213623,True
38,38,0.9980319142341614,True
19,19,0.5893240571022034,True
13,13,0.9997063279151917,True
10,10,0.9999827146530151,True
18,18,0.8272358775138855,True
3,3,0.9996242523193359,True
5,5,0.9989603757858276,True
26,26,0.7084847688674927,True
1,1,0.9999173879623413,True
41,41,0.9959339499473572,True
13,13,0.9997319579124451,True
1,1,0.999925971031189,True
18,18,0.9990791082382202,True
19,19,0.9949500560760498,True
13,13,0.9997687935829163,True
38,38,0.9982354640960693,True
4,4,0.9998852014541626,True
35,35,0.999984860420227,True
25,25,0.9999853372573853,True
34,34,0.9999573230743408,True
12,12,0.9999610185623169,True
17,17,0.9998037219047546,True
9,9,0.9563319087028503,True
4,4,0.9999545812606812,True
33,33,0.9360601902008057,True
28,28,0.9999786615371704,True
2,2,0.9985822439193726,True
1,1,0.9632957577705383,True
5,5,0.9996830224990845,True
4,4,0.9998632669448853,True
38,38,0.999688982963562,True
4,4,0.9999327659606934,True
12,12,0.9990330934524536,True
38,38,0.9997612833976746,True
36,36,0.9997135996818542,True
10,10,0.9999819993972778,True
0,0,0.9857973456382751,True
38,38,0.9985231757164001,True
36,36,0.9999130964279175,True
8,8,0.9932411909103394,True
25,25,0.8840910792350769,True
5,5,0.9983949065208435,True
2,2,0.9996476173400879,True
25,25,0.9998171925544739,True
14,14,0.9942042231559753,True
2,2,0.9999463558197021,True
26,26,0.9999217987060547,True
29,29,0.9998897314071655,True
10,10,0.9999382495880127,True
10,10,0.9999758005142212,True
14,14,0.9998977184295654,True
9,9,0.9999873638153076,True
2,2,0.9987749457359314,True
3,3,0.9999558925628662,True
4,4,0.9741491675376892,True
19,19,0.9945387244224548,True
9,9,0.9998922348022461,True
10,10,0.9999454021453857,True
13,13,0.9997058510780334,True
13,13,0.9998382329940796,True
20,20,0.8325604796409607,True
38,38,0.9549241065979004,True
34,34,0.9926831126213074,True
11,11,0.9724306464195251,True
13,13,0.9998136162757874,True
34,34,0.9998972415924072,True
34,34,0.9999462366104126,True
12,12,0.9995573163032532,True
6,6,0.9995424747467041,True
10,10,0.9998377561569214,True
10,10,0.9999406337738037,True
8,8,0.999164342880249,True
3,3,0.9999891519546509,True
22,22,0.9995216131210327,True
17,17,0.9992030262947083,True
7,7,0.9997684359550476,True
30,30,0.7918726801872253,True
25,25,0.999945878982544,True
1,1,0.9998047947883606,True
31,31,0.9997013211250305,True
38,38,0.9977738261222839,True
38,38,0.9890360236167908,True
8,8,0.999769389629364,True
9,9,0.9518150687217712,True
10,10,0.9997478127479553,True
2,2,0.9976165294647217,True
40,40,0.9997395873069763,True
1,1,0.9996753931045532,True
38,38,0.9984499216079712,True
14,14,0.999477207660675,True
8,8,0.9991023540496826,True
39,39,0.9999507665634155,True
6,6,0.9832733869552612,True
35,35,0.9998921155929565,True
25,25,0.9569928646087646,True
25,25,0.999987006187439,True
17,17,0.9994266033172607,True
2,2,0.9996211528778076,True
38,38,0.9990370273590088,True
7,7,0.9999493360519409,True
13,13,0.9999288320541382,True
14,14,0.9997966885566711,True
7,7,0.9997137188911438,True
8,8,0.9997836947441101,True
35,35,0.9999682903289795,True
3,3,0.9998364448547363,True
1,1,0.9999088048934937,True
35,35,0.9999839067459106,True
12,13,0.6848620176315308,False
35,35,0.9999223947525024,True
36,36,0.9808222651481628,True
24,24,0.9962903261184692,True
13,13,0.9993175268173218,True
33,33,0.9836179614067078,True
2,2,0.9997918009757996,True
35,35,0.9995965361595154,True
6,6,0.9996814727783203,True
2,2,0.8334006071090698,True
10,10,0.9999979734420776,True
12,12,0.999666690826416,True
31,31,0.974105954170227,True
9,9,0.9999651908874512,True
14,14,0.99981290102005,True
17,17,0.9983349442481995,True
26,26,0.997734546661377,True
4,7,0.3496057689189911,False
3,3,0.9983646273612976,True
10,10,0.999993085861206,True
5,5,0.9931334853172302,True
30,11,0.7338500618934631,False
9,9,0.977607786655426,True
31,31,0.9995517134666443,True
40,40,0.19435742497444153,True
22,22,0.9995484948158264,True
30,29,0.5156643390655518,False
9,9,0.9997135996818542,True
7,7,0.9997904896736145,True
23,23,0.9992617964744568,True
4,4,0.9996961355209351,True
32,32,0.9898307919502258,True
42,42,0.8525431156158447,True
1,1,0.9999758005142212,True
3,3,0.9995937943458557,True
8,8,0.9996128678321838,True
2,2,0.999653697013855,True
25,25,0.9912075996398926,True
22,22,0.6909946799278259,True
38,38,0.9997097849845886,True
33,33,0.9999523162841797,True
3,3,0.9996188879013062,True
1,1,0.9983204007148743,True
8,8,0.9954808950424194,True
4,4,0.9999516010284424,True
18,18,0.9987107515335083,True
26,26,0.9999161958694458,True
31,31,0.998838484287262,True
14,14,0.9998599290847778,True
11,11,0.9997438788414001,True
13,13,0.9997854828834534,True
3,3,0.9939633011817932,True
5,5,0.9997816681861877,True
18,18,0.9998961687088013,True
4,4,0.999993085861206,True
13,13,0.99924635887146,True
15,15,0.9999558925628662,True
23,23,0.9973570704460144,True
1,1,0.9999620914459229,True
12,12,0.9999110698699951,True
31,31,0.9999239444732666,True
38,38,0.9998774528503418,True
6,6,0.510595440864563,True
10,10,0.9999399185180664,True
35,35,0.9998492002487183,True
8,8,0.9858993887901306,True
6,6,0.9997090697288513,True
5,5,0.9989339709281921,True
12,12,0.9997536540031433,True
4,4,0.999860405921936,True
1,1,0.9998214840888977,True
1,1,0.9999219179153442,True
1,1,0.9996556043624878,True
12,12,0.9998881816864014,True
12,12,0.9991471767425537,True
4,2,0.9881106615066528,False
5,5,0.9998993873596191,True
9,9,0.9999988079071045,True
13,13,0.9997372031211853,True
38,38,0.9940406680107117,True
4,4,0.9999587535858154,True
13,13,0.9995880722999573,True
8,8,0.9997904896736145,True
13,13,0.999602735042572,True
24,24,0.8787528276443481,True
17,17,0.9990313053131104,True
10,10,0.9999685287475586,True
10,10,0.999970555305481,True
18,18,0.999413013458252,True
12,12,0.9998281002044678,True
23,20,0.9826608300209045,False
10,10,0.99959796667099,True
10,16,0.5395548343658447,False
1,1,0.9997352957725525,True
23,23,0.9996480941772461,True
3,3,0.9933660626411438,True
8,8,0.9942309856414795,True
41,41,0.45830562710762024,True
6,6,0.9999023675918579,True
13,13,0.9996182918548584,True
33,33,0.9930230379104614,True
3,3,0.9378487467765808,True
2,2,0.9996763467788696,True
13,13,0.9998651742935181,True
0,0,0.7696200609207153,True
17,17,0.9996277093887329,True
10,10,0.9999961853027344,True
7,7,0.999946117401123,True
1,1,0.9994984865188599,True
35,35,0.999846339225769,True
10,10,0.999957799911499,True
2,2,0.9990894794464111,True
30,30,0.7274380922317505,True
5,5,0.999755322933197,True
5,5,0.983036458492279,True
35,35,0.9999754428863525,True
13,13,0.9933317303657532,True
16,16,0.999994158744812,True
17,17,0.998915433883667,True
11,11,0.9997830986976624,True
3,3,0.9994138479232788,True
4,9,0.2951212227344513,False
29,29,0.9998795986175537,True
2,2,0.9999412298202515,True
26,26,0.9999619722366333,True
2,2,0.997917115688324,True
11,11,0.9895695447921753,True
4,4,0.9999592304229736,True
19,19,0.9832982420921326,True
3,3,0.9738031625747681,True
9,9,0.9999836683273315,True
7,7,0.9960901141166687,True
38,38,0.9968216419219971,True
28,28,0.9986518025398254,True
9,9,0.9999816417694092,True
27,27,0.9943172335624695,True
41,41,0.9913040399551392,True
1,1,0.9999842643737793,True
29,29,0.9987478256225586,True
11,11,0.9999692440032959,True
10,10,0.9997790455818176,True
25,25,0.9996715784072876,True
1,1,0.9999513626098633,True
10,10,0.9999269247055054,True
38,38,0.9998712539672852,True
30,30,0.8921515345573425,True
14,14,0.9999126195907593,True
1,0,0.5416790246963501,False
12,12,0.9999240636825562,True
7,7,0.993839681148529,True
13,13,0.9992696642875671,True
28,28,0.9994264841079712,True
8,8,0.9997430443763733,True
2,2,0.9999734163284302,True
17,17,0.9994767308235168,True
5,5,0.9997515082359314,True
35,35,0.9997368454933167,True
25,25,0.9993811845779419,True
8,8,0.9993427395820618,True
4,4,0.9999160766601562,True
7,7,0.9998660087585449,True
16,16,0.995574951171875,True
29,12,0.8191854357719421,False
17,17,0.9985590577125549,True
9,9,0.9999866485595703,True
7,7,0.9999053478240967,True
8,8,0.999594509601593,True
17,17,0.999884843826294,True
11,11,0.9999370574951172,True
2,2,0.9890986680984497,True
13,13,0.9996659755706787,True
12,12,0.999747097492218,True
7,7,0.9999632835388184,True
1,1,0.9996918439865112,True
2,2,0.9998534917831421,True
32,32,0.9999414682388306,True
17,17,0.9986647367477417,True
13,13,0.999721348285675,True
5,5,0.998191773891449,True
12,12,0.9996551275253296,True
11,11,0.9999841451644897,True
29,29,0.9984717965126038,True
13,13,0.9998481273651123,True
13,13,0.999823272228241,True
10,10,0.9999700784683228,True
5,5,0.8412405252456665,True
13,13,0.9997186064720154,True
2,2,0.9998012185096741,True
7,7,0.9999983310699463,True
13,13,0.9998182654380798,True
10,10,0.9999593496322632,True
14,14,0.9995455145835876,True
13,13,0.9991174340248108,True
11,11,0.9977541565895081,True
4,4,0.9999676942825317,True
15,15,0.9849385023117065,True
10,10,0.9998400211334229,True
36,36,0.9999380111694336,True
35,35,0.9984248876571655,True
26,26,0.9999762773513794,True
0,0,0.9614859223365784,True
25,25,0.9999576807022095,True
18,18,0.9382821321487427,True
29,29,0.4663691520690918,True
8,8,0.9979714751243591,True
13,13,0.9997319579124451,True
14,14,0.9979479908943176,True
35,35,0.849080502986908,True
12,12,0.9996390342712402,True
35,35,0.9999651908874512,True
35,35,0.9999688863754272,True
14,14,0.9998613595962524,True
25,25,0.9998778104782104,True
17,17,0.9998656511306763,True
34,34,0.9965399503707886,True
5,5,0.9999217987060547,True
4,4,0.9994729161262512,True
4,4,0.9991975426673889,True
13,13,0.9997357726097107,True
29,29,0.999591052532196,True
4,4,0.9993709921836853,True
5,3,0.3825022876262665,False
8,8,0.9566842913627625,True
1,1,0.9998714923858643,True
2,2,0.9983421564102173,True
3,3,0.9998192191123962,True
4,4,0.9999001026153564,True
39,39,0.9860756993293762,True
12,12,0.9998592138290405,True
7,7,0.9997848868370056,True
16,16,0.9997827410697937,True
12,12,0.9996647834777832,True
12,12,0.9998226761817932,True
18,18,0.8332505226135254,True
16,16,0.9998273253440857,True
2,2,0.997116208076477,True
36,36,0.999485969543457,True
11,11,0.9998145699501038,True
39,39,0.9957905411720276,True
4,4,0.9999281167984009,True
6,6,0.9918753504753113,True
2,2,0.9998486042022705,True
36,36,0.9995723366737366,True
1,1,0.9999562501907349,True
5,5,0.9994224309921265,True
10,10,0.999968409538269,True
13,13,0.9998394250869751,True
5,5,0.9998459815979004,True
30,30,0.9729860424995422,True
38,38,0.9992953538894653,True
13,13,0.9998363256454468,True
14,14,0.9981411695480347,True
11,11,0.9706012606620789,True
11,11,0.9999963045120239,True
35,35,0.9999518394470215,True
25,25,0.9999579191207886,True
2,2,0.9975817203521729,True
14,14,0.9998421669006348,True
38,40,0.5890241861343384,False
15,15,0.9999665021896362,True
38,38,0.9999390840530396,True
39,39,0.9486598372459412,True
38,38,0.9994658827781677,True
4,4,0.9999533891677856,True
1,1,0.999987006187439,True
3,3,0.9998505115509033,True
1,1,0.9981482028961182,True
35,35,0.9997225403785706,True
17,17,0.9998071789741516,True
4,4,0.9999517202377319,True
17,17,0.9986242055892944,True
4,4,0.9999591112136841,True
2,2,0.999384880065918,True
5,5,0.9985085129737854,True
30,29,0.6097572445869446,False
10,10,0.9999697208404541,True
28,28,0.9994268417358398,True
9,9,0.9988517761230469,True
28,28,0.9999960660934448,True
22,22,0.9997996687889099,True
42,42,0.6467282176017761,True
2,2,0.9938958287239075,True
12,12,0.9996423721313477,True
3,3,0.7801918983459473,True
23,23,0.9701122045516968,True
3,3,0.9914458990097046,True
13,13,0.9997493624687195,True
10,10,0.9981725215911865,True
3,3,0.9998152852058411,True
12,12,0.9985730648040771,True
4,4,0.9999006986618042,True
1,1,0.9999053478240967,True
5,5,0.9995355606079102,True
3,3,0.9998201727867126,True
9,9,0.9999827146530151,True
10,10,0.9999117851257324,True
4,4,0.9997795224189758,True
13,13,0.9997602105140686,True
28,28,0.8847979307174683,True
3,3,0.9997462630271912,True
4,4,0.9998272061347961,True
15,15,0.9999316930770874,True
15,15,0.999196469783783,True
0,0,0.9688571095466614,True
33,33,0.9999806880950928,True
2,2,0.9697806239128113,True
39,39,0.7305502891540527,True
12,12,0.9994710087776184,True
38,38,0.9996674060821533,True
7,7,0.9995518326759338,True
10,10,0.999976634979248,True
2,2,0.999985933303833,True
10,10,0.9999189376831055,True
2,2,0.9338128566741943,True
38,38,0.9448897242546082,True
2,2,0.9983362555503845,True
5,5,0.9998370409011841,True
1,1,0.9999731779098511,True
3,3,0.9998524188995361,True
1,1,0.7916341423988342,True
42,42,0.9994800686836243,True
15,15,0.9909640550613403,True
15,15,0.9999774694442749,True
4,4,0.9998891353607178,True
15,15,0.9996286630630493,True
38,38,0.9890559911727905,True
25,25,0.9999933242797852,True
5,5,0.9998723268508911,True
5,5,0.9998433589935303,True
12,12,0.9995424747467041,True
2,2,0.9913512468338013,True
26,12,0.6329456567764282,False
0,0,0.9999316930770874,True
17,17,0.9998893737792969,True
0,0,0.6974091529846191,True
26,26,0.9999005794525146,True
31,31,0.999872088432312,True
4,4,0.9999200105667114,True
13,13,0.9707713723182678,True
17,17,0.9999289512634277,True
1,1,0.9998469352722168,True
11,11,0.998721182346344,True
8,8,0.9996625185012817,True
1,1,0.9999655485153198,True
2,2,0.9992415904998779,True
4,4,0.9991378784179688,True
14,14,0.998615026473999,True
3,3,0.9999474287033081,True
4,4,0.9998387098312378,True
25,25,0.9998855590820312,True
4,4,0.9999387264251709,True
15,15,0.9995550513267517,True
2,2,0.9996263980865479,True
38,38,0.9997984766960144,True
27,28,0.4699007570743561,False
37,37,0.9996980428695679,True
7,7,0.995287299156189,True
1,1,0.9999483823776245,True
18,18,0.9997001886367798,True
28,28,0.8150607943534851,True
11,11,0.9999761581420898,True
10,10,0.9999829530715942,True
9,9,0.999985933303833,True
15,15,0.9997885823249817,True
11,28,0.36841821670532227,False
12,12,0.999596893787384,True
10,10,0.999987006187439,True
13,13,0.9995984435081482,True
13,13,0.9998223185539246,True
25,25,0.9998177886009216,True
4,4,0.9995610117912292,True
1,1,0.9999725818634033,True
38,38,0.9996771812438965,True
12,12,0.9999363422393799,True
23,23,0.998489499092102,True
10,10,0.9999606609344482,True
2,2,0.9991377592086792,True
1,1,0.9999464750289917,True
29,29,0.9988865256309509,True
24,24,0.9987236857414246,True
10,10,0.9998593330383301,True
1,1,0.9996047616004944,True
28,28,0.999964714050293,True
3,3,0.9988571405410767,True
11,11,0.8559130430221558,True
5,5,0.9993126392364502,True
6,6,0.9790180921554565,True
9,9,0.9708825945854187,True
2,2,0.9998596906661987,True
1,1,0.9999915361404419,True
33,33,0.999516487121582,True
3,3,0.9978922009468079,True
9,9,0.9999867677688599,True
25,25,0.9998914003372192,True
16,16,0.9999516010284424,True
42,42,0.9996868371963501,True
35,35,0.9999732971191406,True
10,10,0.999956488609314,True
28,28,0.9991088509559631,True
4,4,0.9997459053993225,True
1,1,0.9989386200904846,True
7,7,0.9999734163284302,True
5,5,0.9936450719833374,True
3,3,0.7855854630470276,True
23,23,0.9860129952430725,True
1,1,0.9999885559082031,True
1,1,0.9985124468803406,True
10,10,0.9996192455291748,True
30,30,0.8375200033187866,True
35,35,0.9995160102844238,True
24,24,0.9949676394462585,True
33,33,0.8729971051216125,True
1,1,0.9999880790710449,True
12,12,0.9999407529830933,True
2,2,0.9998776912689209,True
13,13,0.999480664730072,True
13,13,0.9998559951782227,True
33,33,0.99991774559021,True
17,17,0.9998821020126343,True
35,35,0.8054832816123962,True
5,5,0.9994557499885559,True
15,15,0.9999181032180786,True
31,31,0.9987239241600037,True
33,33,0.9635068774223328,True
42,42,0.9612406492233276,True
11,11,0.9999164342880249,True
24,24,0.9690249562263489,True
38,38,0.9980233907699585,True
4,4,0.9999798536300659,True
27,27,0.9276785850524902,True
7,7,0.9999628067016602,True
13,13,0.9997068047523499,True
21,21,0.9999884366989136,True
38,38,0.9997687935829163,True
38,38,0.9989404082298279,True
1,1,0.9999059438705444,True
13,13,0.9991217255592346,True
23,23,0.9999865293502808,True
13,13,0.9957084655761719,True
18,18,0.9836714863777161,True
13,13,0.9998502731323242,True
13,13,0.9997192025184631,True
38,38,0.9997991919517517,True
35,35,0.9999927282333374,True
5,5,0.9994744658470154,True
12,12,0.9998414516448975,True
25,25,0.9982786178588867,True
4,4,0.9999818801879883,True
1,1,0.9998987913131714,True
19,19,0.9897205233573914,True
3,3,0.9998990297317505,True
9,9,0.9999426603317261,True
2,2,0.9998075366020203,True
3,3,0.9955829977989197,True
17,17,0.9999611377716064,True
38,38,0.9963817596435547,True
5,5,0.9949216246604919,True
5,5,0.9993190765380859,True
38,38,0.9992412328720093,True
1,1,0.8252811431884766,True
11,11,0.6811495423316956,True
31,31,0.9999085664749146,True
2,2,0.9909200668334961,True
42,41,0.6815310120582581,False
12,12,0.9989731311798096,True
35,35,0.9442126750946045,True
29,29,0.9996040463447571,True
38,38,0.9924286007881165,True
0,0,0.6215018630027771,True
38,38,0.9998853206634521,True
10,10,0.9999294281005859,True
13,13,0.9996989965438843,True
1,1,0.9992408752441406,True
34,34,0.9999279975891113,True
22,22,0.9998489618301392,True
12,12,0.9960397481918335,True
31,20,0.4183206260204315,False
15,15,0.9998157620429993,True
13,13,0.9995490908622742,True
31,31,0.9939996004104614,True
1,1,0.9998732805252075,True
42,42,0.9743936061859131,True
36,36,0.9897778630256653,True
7,7,0.9998725652694702,True
20,20,0.5556320548057556,True
27,11,0.8661614060401917,False
15,15,0.9999047517776489,True
12,12,0.9980586171150208,True
14,14,0.9995410442352295,True
10,10,0.9999107122421265,True
5,5,0.9994639754295349,True
32,32,0.9848712086677551,True
3,3,0.9995600581169128,True
7,7,0.9999303817749023,True
13,13,0.9998179078102112,True
12,12,0.9996751546859741,True
7,7,0.9999452829360962,True
13,13,0.9998063445091248,True
4,4,0.9999246597290039,True
10,10,0.9999661445617676,True
8,8,0.9938374161720276,True
23,23,0.9999045133590698,True
10,10,0.9999492168426514,True
39,39,0.9997249245643616,True
2,2,0.9995583891868591,True
13,13,0.9997921586036682,True
7,7,0.9925738573074341,True
1,1,0.9967244267463684,True
5,5,0.999823272228241,True
31,31,0.9049322605133057,True
10,10,0.9999133348464966,True
5,5,0.9999027252197266,True
31,31,0.9988191723823547,True
7,8,0.8118575215339661,False
39,39,0.995457649230957,True
0,0,0.49155595898628235,True
23,23,0.9994900226593018,True
7,7,0.9999865293502808,True
38,38,0.9998031258583069,True
35,35,0.9991124272346497,True
38,38,0.5513266324996948,True
25,25,0.9728834629058838,True
38,38,0.9990034699440002,True
9,9,0.9999692440032959,True
16,16,0.9999958276748657,True
17,17,0.999923825263977,True
1,1,0.9998372793197632,True
12,12,0.9997357726097107,True
12,12,0.9996657371520996,True
10,10,0.9999861717224121,True
5,5,0.9988089799880981,True
38,38,0.9999581575393677,True
3,3,0.9994729161262512,True
12,12,0.9970325231552124,True
12,12,0.9993813037872314,True
8,8,0.999663233757019,True
10,10,0.9999896287918091,True
2,2,0.9996650218963623,True
10,10,0.9999803304672241,True
12,12,0.9997180104255676,True
35,35,0.9999473094940186,True
15,15,0.9994914531707764,True
4,4,0.9999411106109619,True
35,35,0.9999716281890869,True
5,5,0.9216973185539246,True
14,14,0.9998437166213989,True
1,1,0.9989043474197388,True
11,11,0.9233072400093079,True
35,35,0.9997416138648987,True
38,38,0.9987848401069641,True
30,30,0.9276435375213623,True
11,11,0.9999750852584839,True
4,4,0.9996953010559082,True
12,12,0.999599039554596,True
1,1,0.9999790191650391,True
18,18,0.9857805371284485,True
8,8,0.9996991157531738,True
11,11,0.9999457597732544,True
41,41,0.9977662563323975,True
10,16,0.5271291732788086,False
2,2,0.9964828491210938,True
8,8,0.9997972846031189,True
2,2,0.99985671043396,True
35,35,0.981346070766449,True
13,13,0.999670147895813,True
38,38,0.9998651742935181,True
9,9,0.9999794960021973,True
12,12,0.9998786449432373,True
7,7,0.9998990297317505,True
12,12,0.999329686164856,True
31,31,0.9995593428611755,True
2,2,0.9998831748962402,True
11,11,0.9998762607574463,True
17,17,0.9997784495353699,True
35,35,0.9999604225158691,True
4,4,0.9999833106994629,True
18,18,0.9998431205749512,True
4,4,0.9999040365219116,True
34,34,0.9999791383743286,True
40,40,0.9999802112579346,True
11,11,0.9999804496765137,True
11,11,0.9999450445175171,True
33,33,0.9641702175140381,True
15,15,0.999416708946228,True
13,13,0.9997977614402771,True
5,5,0.9999469518661499,True
12,12,0.9991326928138733,True
13,13,0.9999147653579712,True
13,13,0.9993898868560791,True
12,12,0.9988911747932434,True
7,7,0.9581555724143982,True
31,31,0.9993477463722229,True
32,32,0.9997822642326355,True
4,4,0.9943538904190063,True
41,41,0.8711671829223633,True
8,8,0.9996898174285889,True
2,2,0.9998637437820435,True
8,8,0.9998118281364441,True
39,39,0.8668060302734375,True
14,14,0.9998272061347961,True
42,42,0.997855007648468,True
4,4,0.9999349117279053,True
7,7,0.9999456405639648,True
11,25,0.46697908639907837,False
21,19,0.4050394594669342,False
2,2,0.8698250651359558,True
2,2,0.9996602535247803,True
13,13,0.9997217059135437,True
10,10,0.9999943971633911,True
2,2,0.9998083710670471,True
8,8,0.9993439316749573,True
18,18,0.9318629503250122,True
4,4,0.9999772310256958,True
5,5,0.9978308081626892,True
4,4,0.9998297691345215,True
16,16,0.9999653100967407,True
33,33,0.9999116659164429,True
1,1,0.9899795055389404,True
18,18,0.9999179840087891,True
31,31,0.9989186525344849,True
37,37,0.9581900238990784,True
30,30,0.9998743534088135,True
9,9,0.9999785423278809,True
18,18,0.9997653365135193,True
5,5,0.9998194575309753,True
35,35,0.9975622892379761,True
20,20,0.9986439347267151,True
2,2,0.9998045563697815,True
20,20,0.9999234676361084,True
23,20,0.5240681171417236,False
5,5,0.9660715460777283,True
8,8,0.9959502220153809,True
9,9,0.9999551773071289,True
38,38,0.9999163150787354,True
12,12,0.9990986585617065,True
35,35,0.9998903274536133,True
5,5,0.9996418952941895,True
11,11,0.9999951124191284,True
10,10,0.9999128580093384,True
12,12,0.9998433589935303,True
33,33,0.9999659061431885,True
8,8,0.9986594915390015,True
38,38,0.9998242259025574,True
3,3,0.9982234835624695,True
32,32,0.999956488609314,True
31,31,0.9996864795684814,True
41,32,0.7320625185966492,False
35,35,0.9991207718849182,True
40,40,0.9999898672103882,True
13,13,0.9993032217025757,True
7,7,0.9999709129333496,True
12,12,0.9998278617858887,True
8,8,0.9986082911491394,True
13,13,0.9998499155044556,True
1,1,0.9999809265136719,True
13,13,0.9991587400436401,True
8,8,0.9996001124382019,True
40,40,0.9998990297317505,True
4,4,0.9993059635162354,True
4,4,0.9999319314956665,True
5,5,0.9887104630470276,True
17,12,0.789570689201355,False
18,18,0.9999046325683594,True
12,12,0.9992648959159851,True
35,35,0.9999501705169678,True
8,8,0.957770824432373,True
33,33,0.8684495687484741,True
3,3,0.9999452829360962,True
15,15,0.9992008805274963,True
12,12,0.9995749592781067,True
14,14,0.9991961121559143,True
9,9,0.9999861717224121,True
4,4,0.9998451471328735,True
5,5,0.9998464584350586,True
31,31,0.9994774460792542,True
32,32,0.9978663325309753,True
3,3,0.5577114820480347,True
25,25,0.9998894929885864,True
1,1,0.9965822100639343,True
10,10,0.9988314509391785,True
33,33,0.9995735287666321,True
4,4,0.9999024868011475,True
35,35,0.9999812841415405,True
9,9,0.9999452829360962,True
1,1,0.999964714050293,True
32,32,0.9996892213821411,True
4,4,0.9999635219573975,True
13,13,0.9997040629386902,True
17,17,0.9998286962509155,True
4,4,0.9999610185623169,True
6,6,0.9997058510780334,True
26,26,0.9999349117279053,True
38,38,0.9998961687088013,True
2,2,0.9998418092727661,True
20,20,0.9997197985649109,True
11,11,0.9887270927429199,True
41,41,0.7875492572784424,True
38,38,0.9998119473457336,True
34,34,0.9999327659606934,True
38,38,0.9990806579589844,True
39,39,0.9996625185012817,True
1,1,0.9999361038208008,True
18,27,0.9750369787216187,False
5,5,0.9899877905845642,True
9,9,0.999982476234436,True
26,26,0.9965364933013916,True
17,17,0.9999351501464844,True
31,31,0.6413071155548096,True
24,24,0.9965409636497498,True
37,37,0.9787600636482239,True
12,12,0.9997674822807312,True
22,22,0.998915433883667,True
5,5,0.9997431635856628,True
8,8,0.9988382458686829,True
12,12,0.9986562728881836,True
10,10,0.9996019005775452,True
2,2,0.9994940757751465,True
2,2,0.9996368885040283,True
10,10,0.9998019337654114,True
7,7,0.9983269572257996,True
10,10,0.9984697699546814,True
14,14,0.9999643564224243,True
9,9,0.9999676942825317,True
8,8,0.999811589717865,True
14,7,0.39822185039520264,False
5,5,0.8967164754867554,True
5,5,0.9835975766181946,True
25,25,0.9998725652694702,True
4,4,0.9999110698699951,True
3,3,0.9995713829994202,True
29,29,0.9968944787979126,True
40,40,0.9954633116722107,True
16,16,0.9999740123748779,True
35,35,0.999103307723999,True
11,11,0.9636591672897339,True
18,18,0.9904235005378723,True
12,12,0.9996850490570068,True
39,39,0.7875040173530579,True
12,12,0.996227502822876,True
30,30,0.9973100423812866,True
12,12,0.9997128844261169,True
13,13,0.9998458623886108,True
9,9,0.999948263168335,True
9,9,0.9999570846557617,True
11,11,0.999956488609314,True
13,13,0.9998195767402649,True
17,17,0.999870777130127,True
29,29,0.9998088479042053,True
14,14,0.9999513626098633,True
17,17,0.999954104423523,True
26,26,0.999963641166687,True
1,1,0.9999912977218628,True
13,13,0.9996416568756104,True
11,25,0.32774877548217773,False
10,10,0.9999215602874756,True
5,1,0.6061949729919434,False
5,2,0.8187503218650818,False
4,4,0.9999459981918335,True
4,4,0.9999771118164062,True
3,3,0.8549402356147766,True
34,34,0.9904766082763672,True
23,23,0.9954478144645691,True
4,4,0.9970988035202026,True
7,7,0.9960057139396667,True
14,14,0.9998047947883606,True
12,12,0.9998155236244202,True
22,22,0.9984350800514221,True
37,37,0.9995809197425842,True
35,35,0.9995279312133789,True
12,12,0.999832272529602,True
28,28,0.9961099028587341,True
28,28,0.999724805355072,True
2,2,0.9994496703147888,True
3,3,0.999900221824646,True
12,12,0.9979372024536133,True
10,10,0.9999750852584839,True
1,1,0.9993540644645691,True
8,8,0.8163216710090637,True
17,17,0.999713122844696,True
37,37,0.8635905981063843,True
12,12,0.9996296167373657,True
31,31,0.9996999502182007,True
11,11,0.9999567270278931,True
9,9,0.999995231628418,True
5,1,0.7419805526733398,False
5,5,0.9998737573623657,True
8,8,0.9964027404785156,True
9,9,0.9999774694442749,True
5,5,0.9998173117637634,True
10,10,0.9998674392700195,True
38,38,0.9997379183769226,True
42,42,0.9999724626541138,True
18,18,0.9997177720069885,True
2,2,0.9075589179992676,True
14,14,0.9998973608016968,True
2,2,0.9279754757881165,True
12,12,0.9991389513015747,True
3,3,0.9884358644485474,True
2,2,0.9998905658721924,True
42,42,0.7303847670555115,True
8,8,0.9922187328338623,True
18,27,0.3364105820655823,False
14,14,0.9892838597297668,True
5,5,0.9996562004089355,True
0,0,0.9994623064994812,True
2,2,0.9868864417076111,True
1,1,0.9916449189186096,True
14,14,0.9871137142181396,True
36,36,0.9998564720153809,True
11,11,0.9999896287918091,True
13,13,0.999834418296814,True
11,11,0.9998419284820557,True
10,10,0.9998107552528381,True
8,8,0.9994139671325684,True
34,34,0.9999585151672363,True
4,4,0.9999009370803833,True
38,38,0.999616265296936,True
14,14,0.9790217876434326,True
2,2,0.9999731779098511,True
7,7,0.9999551773071289,True
17,17,0.9999051094055176,True
29,29,0.9985833168029785,True
33,33,0.9998652935028076,True
28,28,0.9984017014503479,True
7,7,0.9998927116394043,True
38,38,0.999311089515686,True
18,18,0.9997356534004211,True
14,14,0.9996614456176758,True
1,1,0.9880071878433228,True
33,33,0.9853965640068054,True
16,16,0.999942421913147,True
4,4,0.9997064471244812,True
19,19,0.7231615781784058,True
23,23,0.9998797178268433,True
6,6,0.9999804496765137,True
5,5,0.7172015905380249,True
8,8,0.9997897744178772,True
8,8,0.9997195601463318,True
10,10,0.9998290538787842,True
34,34,0.999754011631012,True
35,35,0.9999651908874512,True
5,5,0.9948481321334839,True
25,25,0.8757385015487671,True
13,13,0.9997273087501526,True
35,35,0.9999955892562866,True
38,38,0.9997017979621887,True
9,9,0.9767844080924988,True
15,15,0.9996623992919922,True
5,5,0.9925387501716614,True
14,14,0.9957450032234192,True
26,26,0.9997242093086243,True
42,42,0.9833879470825195,True
26,26,0.9984241724014282,True
13,13,0.9994300007820129,True
17,17,0.9997344613075256,True
10,10,0.9999523162841797,True
4,4,0.9999151229858398,True
4,4,0.9980921149253845,True
9,9,0.9999411106109619,True
1,1,0.9998794794082642,True
2,2,0.9997696280479431,True
34,34,0.9998984336853027,True
1,1,0.9999954700469971,True
42,42,0.6235045790672302,True
31,31,0.9999755620956421,True
13,13,0.9997933506965637,True
9,9,0.9999885559082031,True
13,13,0.9996325969696045,True
12,12,0.9995331764221191,True
38,38,0.9993751645088196,True
8,8,0.9996660947799683,True
35,35,0.9989848732948303,True
38,38,0.963169276714325,True
7,7,0.9998847246170044,True
2,2,0.9994907379150391,True
5,5,0.9994195699691772,True
12,12,0.9995830655097961,True
25,25,0.9984580278396606,True
8,8,0.9991699457168579,True
2,2,0.9995540976524353,True
12,12,0.9995917677879333,True
28,28,0.9999319314956665,True
12,12,0.9997135996818542,True
2,2,0.9998219609260559,True
2,2,0.9666057825088501,True
26,26,0.9999816417694092,True
3,3,0.9974763989448547,True
8,8,0.9998045563697815,True
11,11,0.5754919052124023,True
8,5,0.662953794002533,False
10,10,0.9995667338371277,True
12,12,0.9995367527008057,True
5,5,0.9999606609344482,True
40,40,0.9998849630355835,True
2,2,0.9981333613395691,True
33,33,0.9921592473983765,True
25,25,0.9999877214431763,True
2,2,0.9912336468696594,True
41,41,0.9898908138275146,True
16,16,0.9999768733978271,True
18,18,0.9998379945755005,True
8,8,0.9994674324989319,True
3,3,0.999954104423523,True
34,34,0.9999809265136719,True
31,31,0.9985350370407104,True
9,9,0.9999454021453857,True
9,9,0.9999583959579468,True
13,13,0.999883770942688,True
38,38,0.9996253252029419,True
7,7,0.9676255583763123,True
4,4,0.8795337677001953,True
4,4,0.9999282360076904,True
13,13,0.9998888969421387,True
12,12,0.99969482421875,True
18,26,0.9706048965454102,False
8,8,0.9906320571899414,True
38,38,0.9999125003814697,True
25,25,0.9998563528060913,True
5,5,0.9996718168258667,True
2,2,0.9992433786392212,True
42,42,0.9688528776168823,True
13,13,0.999755322933197,True
35,35,0.9967118501663208,True
10,10,0.9999608993530273,True
12,12,0.9998183846473694,True
33,33,0.9927921295166016,True
13,13,0.9996694326400757,True
30,30,0.383931964635849,True
2,2,0.9978640675544739,True
38,38,0.9932242631912231,True
10,10,0.9999911785125732,True
13,13,0.9998396635055542,True
17,17,0.9998838901519775,True
12,12,0.9997808337211609,True
1,1,0.981793999671936,True
15,15,0.9999732971191406,True
7,7,0.9999489784240723,True
18,18,0.9999760389328003,True
34,34,0.9999878406524658,True
38,38,0.9996198415756226,True
12,12,0.9998801946640015,True
3,3,0.9996458292007446,True
3,3,0.9998282194137573,True
4,4,0.9995176792144775,True
12,12,0.999427080154419,True
12,12,0.9988401532173157,True
10,10,0.999940037727356,True
30,30,0.37260809540748596,True
14,14,0.989150881767273,True
12,12,0.9995101690292358,True
14,14,0.9996815919876099,True
10,10,0.9999502897262573,True
4,4,0.9998726844787598,True
17,17,0.9997468590736389,True
7,7,0.9976866245269775,True
13,13,0.9998175501823425,True
27,27,0.49317216873168945,True
17,17,0.9998424053192139,True
8,8,0.9997534155845642,True
23,23,0.9456408619880676,True
18,18,0.8993918299674988,True
11,11,0.9999828338623047,True
38,38,0.9992092847824097,True
10,10,0.9998574256896973,True
10,10,0.9999237060546875,True
5,5,0.9996067881584167,True
25,25,0.9998038411140442,True
18,18,0.9999910593032837,True
4,4,0.9997634291648865,True
11,11,0.9967554211616516,True
31,31,0.9998791217803955,True
12,12,0.9998262524604797,True
1,1,0.9998990297317505,True
8,8,0.9986012578010559,True
12,12,0.9985729455947876,True
35,35,0.9999721050262451,True
11,11,0.999594509601593,True
5,5,0.9981855750083923,True
4,4,0.9998694658279419,True
2,2,0.9997797608375549,True
18,18,0.9998331069946289,True
38,38,0.9975455403327942,True
5,5,0.9995208978652954,True
38,38,0.9999264478683472,True
13,13,0.9995964169502258,True
10,10,0.999327540397644,True
3,3,0.9984912872314453,True
42,42,0.9779712557792664,True
34,34,0.9999551773071289,True
31,31,0.4672348201274872,True
26,26,0.9998879432678223,True
8,8,0.9990843534469604,True
5,5,0.9999490976333618,True
7,7,0.9999721050262451,True
20,20,0.7749179005622864,True
15,15,0.9998868703842163,True
2,2,0.9998658895492554,True
3,3,0.9436901211738586,True
10,10,0.9999194145202637,True
13,13,0.9993937015533447,True
18,24,0.6977517604827881,False
2,2,0.9993875026702881,True
35,35,0.8005159497261047,True
4,4,0.9999747276306152,True
31,31,0.999178946018219,True
25,25,0.9999642372131348,True
13,13,0.9997770190238953,True
1,1,0.9988081455230713,True
2,2,0.99980229139328,True
8,8,0.9993191957473755,True
12,12,0.9995759129524231,True
2,2,0.9998231530189514,True
32,32,0.9642019271850586,True
12,12,0.9995299577713013,True
12,12,0.5967797040939331,True
12,12,0.9981949925422668,True
2,2,0.9998774528503418,True
5,5,0.49774712324142456,True
5,5,0.9999265670776367,True
7,7,0.9996356964111328,True
34,34,0.9600724577903748,True
38,38,0.9983604550361633,True
7,7,0.9993189573287964,True
2,2,0.9997859597206116,True
8,8,0.9990336894989014,True
2,2,0.9997538924217224,True
8,8,0.9995930790901184,True
8,8,0.9998384714126587,True
9,9,0.9999418258666992,True
7,7,0.9981585144996643,True
13,13,0.9992207288742065,True
1,1,0.9991592168807983,True
5,5,0.9988275170326233,True
38,38,0.9996330738067627,True
17,17,0.999683141708374,True
5,5,0.9967807531356812,True
10,10,0.9999209642410278,True
18,27,0.5204993486404419,False
13,13,0.9994912147521973,True
30,30,0.9924889802932739,True
1,1,0.9998027682304382,True
3,3,0.9997822642326355,True
42,42,0.959831178188324,True
16,16,0.9986805319786072,True
0,0,0.9948238134384155,True
8,8,0.9998946189880371,True
8,8,0.9994439482688904,True
17,17,0.9999841451644897,True
13,13,0.9994497895240784,True
30,28,0.9681236147880554,False
18,18,0.9992527365684509,True
38,38,0.8769760131835938,True
2,2,0.9989294409751892,True
12,12,0.9999285936355591,True
38,38,0.9998925924301147,True
13,13,0.9992135763168335,True
1,1,0.9998489618301392,True
11,11,0.9999834299087524,True
14,14,0.9995728135108948,True
5,5,0.9957226514816284,True
3,3,0.9686583280563354,True
38,38,0.9985911250114441,True
39,39,0.9945251941680908,True
5,5,0.9998350143432617,True
25,25,0.9997908473014832,True
10,10,0.9998501539230347,True
29,29,0.9995020627975464,True
3,3,0.9993451237678528,True
9,9,0.9998952150344849,True
25,25,0.999683141708374,True
38,38,0.9995583891868591,True
2,2,0.9971755743026733,True
5,5,0.9995423555374146,True
25,25,0.9592540860176086,True
25,25,0.9997498393058777,True
13,13,0.9989863038063049,True
10,10,0.9999780654907227,True
5,1,0.7807429432868958,False
3,3,0.9957302212715149,True
38,38,0.9994214773178101,True
1,1,0.9999488592147827,True
4,4,0.9996165037155151,True
28,28,0.987352728843689,True
2,2,0.9998341798782349,True
20,20,0.9984442591667175,True
42,42,0.9046195149421692,True
2,2,0.9998243451118469,True
38,38,0.9984737038612366,True
38,38,0.9993919134140015,True
22,22,0.999704897403717,True
1,1,0.9997944235801697,True
25,25,0.9997140765190125,True
10,10,0.9999209642410278,True
2,2,0.9995130300521851,True
5,5,0.9995337724685669,True
17,17,0.9997537732124329,True
1,1,0.9998770952224731,True
20,20,0.9999740123748779,True
3,3,0.8330233097076416,True
9,2,0.43651899695396423,False
38,38,0.9999663829803467,True
38,38,0.9997590184211731,True
28,28,0.9996482133865356,True
3,3,0.9861093163490295,True
28,28,0.6129102110862732,True
6,6,0.9999743700027466,True
13,13,0.9996893405914307,True
30,30,0.738362193107605,True
21,21,0.7529206275939941,True
2,2,0.9993219375610352,True
7,7,0.9895329475402832,True
17,17,0.9999326467514038,True
35,35,0.9999206066131592,True
14,14,0.9999866485595703,True
13,13,0.9997833371162415,True
10,10,0.9999775886535645,True
38,38,0.9996228218078613,True
17,17,0.999942421913147,True
10,10,0.9999679327011108,True
11,11,0.9995090961456299,True
8,8,0.9992726445198059,True
15,15,0.9993046522140503,True
26,12,0.8803321123123169,False
2,2,0.9994152784347534,True
4,4,0.9999574422836304,True
38,38,0.9965224266052246,True
6,6,0.9992597699165344,True
1,1,0.9997177720069885,True
25,25,0.9998513460159302,True
7,7,0.9999796152114868,True
8,8,0.9997686743736267,True
18,18,0.9999492168426514,True
3,3,0.9999289512634277,True
8,8,0.9996722936630249,True
13,13,0.9997350573539734,True
16,16,0.9999988079071045,True
23,23,0.9999889135360718,True
42,42,0.9199545383453369,True
16,16,0.9999781847000122,True
12,12,0.9960455298423767,True
2,2,0.9999264478683472,True
9,9,0.9999909400939941,True
32,32,0.878007173538208,True
12,12,0.9987969398498535,True
2,2,0.9995524287223816,True
7,7,0.9999185800552368,True
7,7,0.9998705387115479,True
38,38,0.9994834661483765,True
12,12,0.9996315240859985,True
7,7,0.9999287128448486,True
25,25,0.9992232322692871,True
38,38,0.9994819760322571,True
38,38,0.9994655251502991,True
21,11,0.3002077043056488,False
9,9,0.9999790191650391,True
11,11,0.9994851350784302,True
10,10,0.9998443126678467,True
25,25,0.9999871253967285,True
12,12,0.9996870756149292,True
20,11,0.585732102394104,False
5,5,0.9985415935516357,True
10,10,0.9999170303344727,True
2,2,0.999091386795044,True
23,23,0.4833916127681732,True
9,9,0.9617853164672852,True
33,33,0.9999831914901733,True
13,13,0.9998422861099243,True
35,35,0.9999886751174927,True
19,19,0.9947605729103088,True
8,8,0.9995668530464172,True
5,5,0.9998602867126465,True
34,34,0.999665379524231,True
9,9,0.9999868869781494,True
10,10,0.999976396560669,True
1,1,0.9575320482254028,True
35,35,0.9999822378158569,True
17,17,0.9993516802787781,True
13,13,0.9999109506607056,True
10,10,0.9999885559082031,True
38,38,0.999574601650238,True
13,13,0.9996373653411865,True
7,7,0.9999678134918213,True
26,26,0.9999798536300659,True
12,12,0.999815046787262,True
14,14,0.9991399049758911,True
7,7,0.9808759689331055,True
28,28,0.9990173578262329,True
17,17,0.9704420566558838,True
31,20,0.5282395482063293,False
2,2,0.9997283816337585,True
25,25,0.9746767282485962,True
16,16,0.9999243021011353,True
6,6,0.9998855590820312,True
12,12,0.9998887777328491,True
38,38,0.9998800754547119,True
17,17,0.9997394680976868,True
10,10,0.7776484489440918,True
9,9,0.999976634979248,True
7,7,0.9977783560752869,True
15,15,0.9999139308929443,True
22,22,0.9998648166656494,True
7,7,0.9986454844474792,True
1,1,0.9999507665634155,True
38,38,0.9997527003288269,True
13,13,0.9998986721038818,True
13,13,0.9998726844787598,True
25,25,0.9999803304672241,True
17,12,0.530408501625061,False
23,23,0.9939868450164795,True
31,31,0.9969197511672974,True
38,38,0.9745194911956787,True
7,7,0.9999496936798096,True
38,38,0.999091386795044,True
1,1,0.9981277585029602,True
25,25,0.9997269511222839,True
7,7,0.9998757839202881,True
34,34,0.9814541339874268,True
9,9,0.9999510049819946,True
17,17,0.9992682337760925,True
5,5,0.8178320527076721,True
26,26,0.9999434947967529,True
17,17,0.9991812109947205,True
30,30,0.9712121486663818,True
38,38,0.9995830655097961,True
27,27,0.999769389629364,True
6,6,0.9999794960021973,True
5,5,0.999672532081604,True
32,32,0.9999524354934692,True
25,25,0.9999666213989258,True
16,16,0.8894492983818054,True
35,35,0.9999545812606812,True
18,18,0.9997425675392151,True
7,7,0.9999492168426514,True
8,8,0.9976868629455566,True
30,30,0.2951744794845581,True
1,8,0.9924531579017639,False
1,1,0.9998810291290283,True
40,40,0.9074442386627197,True
30,30,0.9299250245094299,True
42,42,0.9936965107917786,True
10,10,0.9999938011169434,True
9,9,0.999985933303833,True
10,10,0.9999868869781494,True
11,11,0.9999972581863403,True
10,10,0.9998912811279297,True
10,10,0.9999903440475464,True
13,13,0.9993225336074829,True
13,13,0.9998745918273926,True
15,15,0.9999805688858032,True
12,12,0.9997321963310242,True
38,38,0.9986451268196106,True
10,10,0.9996390342712402,True
40,40,0.9987601041793823,True
31,31,0.9999431371688843,True
4,4,0.9999127388000488,True
2,2,0.9852089881896973,True
33,33,0.9998608827590942,True
18,18,0.998601496219635,True
1,1,0.9997661709785461,True
2,2,0.9793766736984253,True
12,12,0.999922513961792,True
4,4,0.9986009001731873,True
15,15,0.9999833106994629,True
17,17,0.9939082860946655,True
10,10,0.9999920129776001,True
13,13,0.9995672106742859,True
36,36,0.9698868989944458,True
25,25,0.9998388290405273,True
2,2,0.9871640205383301,True
10,10,0.9989621639251709,True
5,5,0.9981537461280823,True
39,39,0.9249692559242249,True
12,12,0.9994922876358032,True
8,8,0.9998846054077148,True
38,38,0.999582827091217,True
26,26,0.999962568283081,True
20,19,0.9465599060058594,False
31,31,0.9341734647750854,True
18,18,0.7948548793792725,True
38,38,0.9991652965545654,True
5,5,0.998134970664978,True
9,9,0.9998600482940674,True
7,7,0.9997051358222961,True
36,36,0.7893662452697754,True
21,21,0.9740960001945496,True
20,20,0.996576726436615,True
37,37,0.9908058047294617,True
17,17,0.997307538986206,True
41,41,0.31496676802635193,True
23,23,0.4925958514213562,True
34,34,0.9958141446113586,True
14,14,0.9996070265769958,True
2,2,0.9790560603141785,True
1,1,0.9999258518218994,True
18,18,0.9993439316749573,True
3,3,0.9897148013114929,True
3,3,0.9995057582855225,True
39,39,0.9968498349189758,True
10,10,0.9999274015426636,True
4,7,0.47410789132118225,False
12,12,0.9996597766876221,True
11,11,0.9806264042854309,True
3,3,0.9967302083969116,True
35,35,0.9999692440032959,True
35,35,0.9999970197677612,True
33,33,0.9999420642852783,True
38,38,0.9979428648948669,True
8,3,0.7146697044372559,False
10,10,0.9998524188995361,True
35,35,0.9925866723060608,True
25,25,0.9941310286521912,True
31,31,0.8949545621871948,True
5,5,0.9997895359992981,True
1,1,0.9997524619102478,True
7,7,0.9999645948410034,True
40,40,0.7035043239593506,True
11,11,0.9999808073043823,True
38,38,0.9997623562812805,True
8,8,0.9997971653938293,True
25,25,0.9992958307266235,True
12,12,0.9998571872711182,True
14,14,0.9998987913131714,True
31,20,0.9416146874427795,False
7,7,0.8350517749786377,True
9,9,0.9999305009841919,True
13,13,0.9991793036460876,True
22,22,0.9998148083686829,True
24,24,0.9967149496078491,True
7,7,0.9997995495796204,True
11,11,0.9997840523719788,True
28,28,0.9992338418960571,True
38,38,0.999573290348053,True
16,16,0.9999772310256958,True
9,9,0.9999682903289795,True
35,35,0.9999849796295166,True
12,12,0.9996888637542725,True
4,4,0.9997072815895081,True
12,12,0.9944533705711365,True
9,9,0.9999692440032959,True
36,36,0.9968746900558472,True
10,10,0.9981366395950317,True
8,8,0.9998929500579834,True
18,18,0.8489799499511719,True
13,13,0.9997393488883972,True
6,42,0.434686541557312,False
5,5,0.8781249523162842,True
28,28,0.9848523736000061,True
13,13,0.9995724558830261,True
35,35,0.9999202489852905,True
30,30,0.7984395027160645,True
4,4,0.9999638795852661,True
14,14,0.9996916055679321,True
23,23,0.9666106700897217,True
35,35,0.9999641180038452,True
38,38,0.9769819974899292,True
7,7,0.9998008608818054,True
5,5,0.9995083808898926,True
5,5,0.9724087119102478,True
16,16,0.9999865293502808,True
4,4,0.9997819066047668,True
2,2,0.9999392032623291,True
15,15,0.9994981288909912,True
4,4,0.9999315738677979,True
17,17,0.9853672981262207,True
35,35,0.9999833106994629,True
27,27,0.9998108744621277,True
33,33,0.9942838549613953,True
2,2,0.9999221563339233,True
29,29,0.9989572763442993,True
5,5,0.997774064540863,True
11,11,0.9977179765701294,True
4,4,0.9999151229858398,True
10,10,0.999985933303833,True
14,14,0.9999680519104004,True
13,13,0.9991967082023621,True
35,35,0.9999786615371704,True
28,28,0.996346652507782,True
13,13,0.9996155500411987,True
0,0,0.9504701495170593,True
29,29,0.9984598159790039,True
5,5,0.9999101161956787,True
24,24,0.9988868832588196,True
12,12,0.9981874823570251,True
10,10,0.9999744892120361,True
38,38,0.9829975366592407,True
9,9,0.9686412811279297,True
42,42,0.9529020190238953,True
5,5,0.9993866682052612,True
1,1,0.9994889497756958,True
13,13,0.9994956254959106,True
21,21,0.9837090969085693,True
9,9,0.9922500848770142,True
33,33,0.9997068047523499,True
25,25,0.9959092140197754,True
25,25,0.9998549222946167,True
10,10,0.9999579191207886,True
33,33,0.9999668598175049,True
9,9,0.9999873638153076,True
12,12,0.9999042749404907,True
14,14,0.999971866607666,True
38,38,0.9997803568840027,True
38,38,0.9997971653938293,True
2,2,0.9997863173484802,True
7,7,0.9999274015426636,True
25,25,0.997702419757843,True
5,5,0.9997867941856384,True
15,15,0.9999463558197021,True
12,12,0.9992333650588989,True
1,1,0.9999892711639404,True
5,5,0.4787774384021759,True
1,1,0.9992606043815613,True
18,18,0.9996076226234436,True
8,8,0.9998233914375305,True
16,16,0.9999438524246216,True
39,39,0.7619472742080688,True
13,13,0.9996683597564697,True
10,10,0.9994588494300842,True
1,1,0.9996665716171265,True
4,4,0.9999121427536011,True
2,2,0.9997046589851379,True
17,17,0.9988957643508911,True
23,29,0.35093674063682556,False
9,9,0.9999759197235107,True
21,21,0.6087384819984436,True
38,38,0.9994003772735596,True
10,10,0.9997602105140686,True
10,10,0.99998939037323,True
31,31,0.9997369647026062,True
2,2,0.9995355606079102,True
36,36,0.4939654469490051,True
38,38,0.9991463422775269,True
2,2,0.9991000890731812,True
31,31,0.9989355206489563,True
38,38,0.9999266862869263,True
8,7,0.8426598310470581,False
22,22,0.9978076815605164,True
25,25,0.9998779296875,True
9,9,0.9997778534889221,True
38,38,0.9995133876800537,True
34,34,0.9999189376831055,True
38,38,0.9997077584266663,True
29,29,0.9994049072265625,True
16,16,0.999925971031189,True
25,25,0.999103844165802,True
35,35,0.9999834299087524,True
8,8,0.9998086094856262,True
22,22,0.9996299743652344,True
5,5,0.9996585845947266,True
13,13,0.9990027546882629,True
4,4,0.9527976512908936,True
11,11,0.9997003078460693,True
34,34,0.9999501705169678,True
31,31,0.9509474635124207,True
25,25,0.9999620914459229,True
1,1,0.9996179342269897,True
13,13,0.9997795224189758,True
8,8,0.9997811913490295,True
1,1,0.9998914003372192,True
12,12,0.9995260238647461,True
2,2,0.9996849298477173,True
17,17,0.9896950721740723,True
8,8,0.7194508910179138,True
23,23,0.8928200006484985,True
5,5,0.9987579584121704,True
5,2,0.9587642550468445,False
5,5,0.999691367149353,True
15,15,0.9998520612716675,True
1,1,0.9999947547912598,True
10,10,0.9999877214431763,True
11,11,0.9997153878211975,True
8,8,0.9997865557670593,True
25,25,0.9999343156814575,True
18,18,0.9538467526435852,True
17,17,0.9998878240585327,True
10,10,0.9999698400497437,True
15,15,0.9993463158607483,True
25,25,0.9993630051612854,True
5,5,0.9992057681083679,True
4,4,0.9997102618217468,True
4,4,0.9997535347938538,True
1,1,0.9972075819969177,True
4,4,0.9999160766601562,True
7,7,0.9983261227607727,True
40,40,0.9999234676361084,True
11,11,0.9997960925102234,True
1,1,0.9999527931213379,True
20,20,0.9999297857284546,True
17,17,0.9997116923332214,True
26,26,0.9993533492088318,True
38,38,0.9985241293907166,True
12,12,0.9996457099914551,True
7,8,0.9895870685577393,False
4,4,0.9998363256454468,True
1,1,0.9940392971038818,True
40,36,0.30499303340911865,False
9,9,0.9999822378158569,True
9,9,0.9999911785125732,True
5,5,0.999286949634552,True
1,1,0.9999741315841675,True
34,34,0.9999722242355347,True
12,12,0.9997779726982117,True
30,30,0.5712616443634033,True
12,12,0.9997326731681824,True
10,10,0.9999160766601562,True
3,3,0.9993749260902405,True
10,10,0.9981196522712708,True
17,17,0.9996891021728516,True
10,10,0.999716579914093,True
7,7,0.9999936819076538,True
10,10,0.9998719692230225,True
25,29,0.40448999404907227,False
2,2,0.9997300505638123,True
22,22,0.9999247789382935,True
8,8,0.9996862411499023,True
38,38,0.9994720816612244,True
7,7,0.9983685612678528,True
2,2,0.999724805355072,True
22,22,0.9998661279678345,True
11,11,0.9999983310699463,True
11,11,0.9999856948852539,True
13,13,0.9997536540031433,True
35,35,0.9856885671615601,True
12,12,0.9997277855873108,True
3,3,0.9993284940719604,True
3,3,0.9994251728057861,True
34,34,0.8815279603004456,True
38,38,0.9998224377632141,True
8,8,0.809870183467865,True
11,11,0.34354695677757263,True
9,9,0.9999843835830688,True
26,26,0.9999779462814331,True
17,17,0.9999567270278931,True
2,2,0.9998987913131714,True
4,4,0.9996592998504639,True
35,35,0.9999823570251465,True
36,36,0.9997549653053284,True
12,12,0.9996614456176758,True
38,38,0.9986820816993713,True
10,10,0.9999639987945557,True
22,22,0.993187665939331,True
38,38,0.9999409914016724,True
8,8,0.8976890444755554,True
7,8,0.9771757125854492,False
9,9,0.9878727197647095,True
17,17,0.9999589920043945,True
3,3,0.9998725652694702,True
25,25,0.9993554949760437,True
7,7,0.9980073571205139,True
4,4,0.9999171495437622,True
1,1,0.9999772310256958,True
4,2,0.953380823135376,False
1,1,0.9924267530441284,True
38,38,0.9974266886711121,True
4,4,0.9999159574508667,True
25,25,0.29223620891571045,True
10,10,0.9999797344207764,True
7,7,0.9998682737350464,True
38,38,0.9973495006561279,True
13,13,0.9999246597290039,True
14,14,0.9999872446060181,True
35,35,0.9997877478599548,True
26,26,0.9999614953994751,True
35,35,0.9999444484710693,True
25,26,0.6404788494110107,False
12,12,0.9998177886009216,True
13,13,0.9999005794525146,True
4,4,0.9995803236961365,True
7,7,0.9999092817306519,True
1,1,0.9996410608291626,True
3,3,0.9988831877708435,True
0,0,0.9738033413887024,True
38,38,0.9982378482818604,True
7,7,0.9997239708900452,True
2,2,0.9995995163917542,True
13,13,0.9997672438621521,True
39,39,0.9993646740913391,True
1,1,0.9999703168869019,True
25,27,0.8224663138389587,False
3,3,0.9993801116943359,True
18,18,0.8513435125350952,True
1,1,0.9999347925186157,True
32,32,0.995832622051239,True
36,36,0.9988232254981995,True
12,12,0.9997078776359558,True
9,9,0.999968409538269,True
14,14,0.9989619255065918,True
9,9,0.9999942779541016,True
2,2,0.9998225569725037,True
2,2,0.9974070191383362,True
5,5,0.9987598657608032,True
18,26,0.6192058324813843,False
11,11,0.9998421669006348,True
12,12,0.9998353719711304,True
15,15,0.999772846698761,True
18,18,0.5643550157546997,True
11,11,0.9999533891677856,True
12,12,0.9998569488525391,True
30,30,0.8223140239715576,True
1,1,0.9998189806938171,True
9,9,0.9999600648880005,True
18,18,0.9999885559082031,True
33,33,0.987880289554596,True
7,7,0.9997065663337708,True
38,38,0.9998917579650879,True
17,17,0.9999161958694458,True
2,2,0.9997884631156921,True
9,9,0.9999032020568848,True
15,15,0.9998044371604919,True
13,13,0.9998785257339478,True
10,10,0.9998798370361328,True
31,31,0.9983443021774292,True
28,25,0.5278968811035156,False
18,18,0.8149983286857605,True
1,1,0.9999897480010986,True
13,13,0.9995712637901306,True
31,20,0.3590385317802429,False
28,28,0.9987467527389526,True
9,9,0.9999918937683105,True
11,11,0.9997761845588684,True
25,25,0.6003570556640625,True
37,37,0.939888060092926,True
25,25,0.9999457597732544,True
12,12,0.999629020690918,True
18,18,0.9217013716697693,True
1,1,0.9923675656318665,True
29,29,0.9997963309288025,True
31,31,0.9994392991065979,True
7,7,0.9896323680877686,True
2,2,0.999933123588562,True
2,2,0.9998694658279419,True
6,6,0.9981117248535156,True
7,7,0.9997932314872742,True
4,4,0.9998801946640015,True
36,36,0.9996067881584167,True
30,30,0.5657032132148743,True
2,2,0.9998748302459717,True
17,17,0.9996825456619263,True
18,18,0.3694303333759308,True
5,5,0.5551671385765076,True
2,2,0.8358257412910461,True
13,13,0.9995144605636597,True
26,26,0.9998947381973267,True
7,7,0.9999788999557495,True
9,9,0.9999524354934692,True
3,3,0.929277241230011,True
38,38,0.32922425866127014,True
18,18,0.9999557733535767,True
11,11,0.9998588562011719,True
13,13,0.9997571110725403,True
11,11,0.981273889541626,True
13,13,0.9998680353164673,True
10,10,0.9999665021896362,True
5,5,0.9764286875724792,True
16,16,0.9995137453079224,True
13,13,0.9998295307159424,True
16,9,0.5920036435127258,False
9,9,0.9890644550323486,True
3,3,0.9991769194602966,True
16,16,0.9999710321426392,True
13,13,0.9998266100883484,True
35,35,0.9998076558113098,True
13,13,0.9997445940971375,True
10,10,0.9999392032623291,True
36,36,0.9993964433670044,True
1,1,0.92989182472229,True
38,38,0.9997879862785339,True
17,17,0.9998506307601929,True
12,12,0.9997835755348206,True
11,11,0.9998948574066162,True
2,2,0.9997125267982483,True
4,4,0.9998733997344971,True
13,13,0.9998533725738525,True
18,18,0.9997740387916565,True
12,12,0.9994339346885681,True
33,33,0.7477484941482544,True
11,11,0.9999947547912598,True
36,36,0.993188738822937,True
31,31,0.9999713897705078,True
7,7,0.9998030066490173,True
1,2,0.895295262336731,False
5,5,0.9995889067649841,True
10,10,0.9999467134475708,True
27,27,0.7383129000663757,True
3,3,0.9858798384666443,True
40,40,0.9998138546943665,True
0,0,0.9982159733772278,True
4,4,0.9983953833580017,True
9,9,0.9999574422836304,True
2,2,0.9999380111694336,True
2,2,0.9998477697372437,True
2,2,0.99992835521698,True
13,13,0.9994614720344543,True
16,16,0.9991135001182556,True
13,13,0.9997068047523499,True
2,2,0.9971497654914856,True
18,18,0.9981572031974792,True
2,2,0.9999115467071533,True
18,18,0.9996179342269897,True
6,6,0.999619722366333,True
9,9,0.9999642372131348,True
2,2,0.9996060729026794,True
17,12,0.5293961763381958,False
14,14,0.9996488094329834,True
5,5,0.9623997211456299,True
12,12,0.9993845224380493,True
5,5,0.999817430973053,True
26,26,0.9999938011169434,True
3,3,0.9771416783332825,True
17,17,0.999876856803894,True
40,40,0.9999924898147583,True
38,38,0.999518871307373,True
14,14,0.999966025352478,True
16,16,0.9999679327011108,True
6,6,0.9880111813545227,True
8,8,0.9997767806053162,True
4,4,0.9995262622833252,True
5,1,0.840542197227478,False
4,4,0.9999048709869385,True
11,11,0.9999734163284302,True
5,5,0.9998242259025574,True
13,13,0.9998025298118591,True
2,2,0.999824583530426,True
11,11,0.9978919625282288,True
12,12,0.9993404746055603,True
4,4,0.9998977184295654,True
7,7,0.9999843835830688,True
38,38,0.9997929930686951,True
33,33,0.9416939616203308,True
10,10,0.999982476234436,True
33,33,0.9987745881080627,True
12,12,0.9997678399085999,True
14,14,0.9996260404586792,True
38,38,0.9998787641525269,True
1,1,0.9990805387496948,True
23,23,0.9999604225158691,True
7,7,0.9999324083328247,True
27,27,0.9990416169166565,True
35,35,0.9993333220481873,True
10,10,0.999916672706604,True
4,4,0.999932050704956,True
1,1,0.9999759197235107,True
11,11,0.9998482465744019,True
35,35,0.9997346997261047,True
42,42,0.9988337159156799,True
28,28,0.9623638391494751,True
8,8,0.9996315240859985,True
12,12,0.9996660947799683,True
5,5,0.9984037280082703,True
18,18,0.8512672781944275,True
35,35,0.999799907207489,True
17,17,0.9999626874923706,True
4,4,0.9999619722366333,True
8,8,0.9999796152114868,True
26,25,0.3443421721458435,False
17,17,0.9998891353607178,True
14,14,0.9999899864196777,True
8,8,0.9996774196624756,True
15,15,0.9995747208595276,True
10,10,0.9997279047966003,True
5,5,0.9996883869171143,True
8,7,0.5237752795219421,False
6,6,0.9995810389518738,True
14,14,0.9999536275863647,True
10,10,0.9999864101409912,True
35,35,0.9999502897262573,True
1,1,0.9549940824508667,True
13,13,0.9996732473373413,True
22,22,0.9996992349624634,True
16,16,0.9999524354934692,True
1,1,0.999523401260376,True
35,35,0.9997703433036804,True
5,5,0.9989145994186401,True
13,13,0.9998536109924316,True
38,38,0.9987278580665588,True
7,7,0.9996864795684814,True
1,1,0.9548888802528381,True
4,4,0.9998056292533875,True
25,25,0.9999667406082153,True
11,11,0.9999228715896606,True
3,3,0.9917832612991333,True
12,12,0.9995825886726379,True
2,2,0.9953077435493469,True
12,12,0.9998292922973633,True
12,12,0.960404634475708,True
10,10,0.9999053478240967,True
10,10,0.9986692667007446,True
13,13,0.9998109936714172,True
6,6,0.999320387840271,True
23,23,0.6745851635932922,True
13,13,0.9996566772460938,True
25,25,0.9999414682388306,True
2,2,0.49458494782447815,True
12,12,0.9998301267623901,True
13,13,0.9997414946556091,True
2,2,0.999941349029541,True
12,12,0.9998683929443359,True
13,13,0.9998059868812561,True
4,4,0.9999396800994873,True
16,16,0.9999706745147705,True
20,20,0.9999793767929077,True
12,12,0.9975159168243408,True
25,25,0.9988222718238831,True
10,10,0.9733380675315857,True
1,1,0.9999796152114868,True
7,7,0.9999775886535645,True
38,38,0.9978991746902466,True
5,5,0.99659663438797,True
13,13,0.9998114705085754,True
9,9,0.9999691247940063,True
4,4,0.9998829364776611,True
38,38,0.999955415725708,True
10,10,0.9998383522033691,True
17,17,0.9996854066848755,True
30,30,0.6785832643508911,True
13,13,0.9998689889907837,True
1,1,0.9999610185623169,True
14,14,0.7019162178039551,True
10,10,0.9999053478240967,True
10,10,0.9999719858169556,True
33,33,0.99797123670578,True
2,2,0.999416708946228,True
13,13,0.9997114539146423,True
2,2,0.9997996687889099,True
7,7,0.9997753500938416,True
36,36,0.9993636012077332,True
6,6,0.9912545680999756,True
1,1,0.9998705387115479,True
12,12,0.99981290102005,True
17,17,0.9998339414596558,True
17,17,0.9993915557861328,True
1,1,0.9999797344207764,True
4,4,0.9999517202377319,True
1,1,0.9989790916442871,True
34,34,0.9999098777770996,True
3,3,0.9981992840766907,True
5,5,0.9966038465499878,True
35,35,0.9994552731513977,True
1,1,0.9996488094329834,True
1,1,0.9999896287918091,True
4,4,0.9999693632125854,True
13,13,0.9997490048408508,True
21,21,0.9996575117111206,True
25,25,0.999637246131897,True
3,3,0.9999160766601562,True
7,7,0.9999552965164185,True
5,5,0.9998894929885864,True
3,3,0.9989306330680847,True
7,7,0.9998286962509155,True
2,2,0.9999480247497559,True
5,5,0.8953176736831665,True
15,15,0.9998810291290283,True
19,19,0.9989997744560242,True
2,4,0.8273546099662781,False
10,10,0.9999819993972778,True
14,14,0.9996998310089111,True
28,28,0.9745106101036072,True
38,38,0.9998235106468201,True
42,42,0.982771098613739,True
36,36,0.999908447265625,True
17,17,0.9998891353607178,True
1,1,0.8292773365974426,True
5,5,0.9974850416183472,True
38,38,0.9992793202400208,True
8,8,0.9982179999351501,True
16,16,0.9983704686164856,True
7,7,0.958121657371521,True
13,13,0.9998999834060669,True
18,11,0.4474296569824219,False
1,1,0.9999662637710571,True
25,25,0.9984095692634583,True
32,32,0.9938357472419739,True
5,5,0.9978926777839661,True
29,29,0.9997197985649109,True
4,1,0.8824024200439453,False
13,13,0.9999146461486816,True
35,35,0.9999886751174927,True
33,33,0.9997919201850891,True
5,5,0.9969863295555115,True
4,4,0.506224513053894,True
10,10,0.9998239874839783,True
18,18,0.9997847676277161,True
1,1,0.9903228282928467,True
11,26,0.48627904057502747,False
33,33,0.999895453453064,True
10,10,0.9954997897148132,True
30,28,0.7485967874526978,False
30,11,0.502907395362854,False
5,5,0.9998589754104614,True
31,31,0.9884379506111145,True
12,12,0.9997519850730896,True
2,2,0.999771773815155,True
2,2,0.9996871948242188,True
1,1,0.9999228715896606,True
8,8,0.9996224641799927,True
13,13,0.9998953342437744,True
21,19,0.6713358759880066,False
2,2,0.9998706579208374,True
1,1,0.7136298418045044,True
25,25,0.9999504089355469,True
8,8,0.9998877048492432,True
33,33,0.9695262908935547,True
4,7,0.9918516278266907,False
17,17,0.9999277591705322,True
25,11,0.48214924335479736,False
12,12,0.9978137016296387,True
26,26,0.9201358556747437,True
11,11,0.999903678894043,True
2,2,0.9996558427810669,True
7,7,0.9964487552642822,True
22,22,0.998488187789917,True
10,10,0.9999170303344727,True
4,4,0.9977516531944275,True
25,25,0.9972277283668518,True
31,20,0.8699116706848145,False
10,10,0.9996621608734131,True
18,18,0.9987379908561707,True
1,1,0.9998947381973267,True
11,11,0.9999456405639648,True
17,17,0.9971042275428772,True
7,7,0.9990227222442627,True
2,2,0.9999079704284668,True
24,24,0.9957316517829895,True
3,3,0.9352262020111084,True
7,8,0.8356576561927795,False
5,5,0.999893069267273,True
28,28,0.9998633861541748,True
12,12,0.998725950717926,True
8,8,0.9982243180274963,True
23,23,0.999961256980896,True
38,38,0.9996705055236816,True
1,1,0.9999649524688721,True
34,34,0.9999855756759644,True
23,25,0.6528583765029907,False
2,2,0.8911479115486145,True
8,8,0.9995478987693787,True
38,38,0.9998038411140442,True
9,9,0.9999638795852661,True
38,38,0.9998677968978882,True
8,8,0.922815203666687,True
25,25,0.9994551539421082,True
13,13,0.9996002316474915,True
38,38,0.9943793416023254,True
13,13,0.9998600482940674,True
4,4,0.9999337196350098,True
31,31,0.9969713687896729,True
12,12,0.9998910427093506,True
8,8,0.9985492825508118,True
31,31,0.9997336268424988,True
22,22,0.9960840940475464,True
6,6,0.9985944628715515,True
18,18,0.674761950969696,True
10,10,0.999868631362915,True
33,33,0.9987995624542236,True
5,5,0.7207902669906616,True
1,1,0.9996942281723022,True
4,4,0.9999704360961914,True
12,12,0.9999490976333618,True
35,39,0.5070264935493469,False
25,25,0.9999786615371704,True
5,2,0.9401737451553345,False
11,11,0.7517887949943542,True
13,13,0.9992018342018127,True
7,7,0.9998782873153687,True
14,14,0.9999746084213257,True
8,8,0.7140868306159973,True
11,11,0.9999938011169434,True
1,1,0.9986963868141174,True
11,11,0.9954442977905273,True
17,17,0.9999121427536011,True
35,35,0.9999839067459106,True
4,4,0.9995800852775574,True
26,26,0.8490351438522339,True
6,6,0.9997592568397522,True
19,19,0.9986525177955627,True
9,9,0.999997615814209,True
11,11,0.9998781681060791,True
35,35,0.9999903440475464,True
38,38,0.9975152015686035,True
25,25,0.9999827146530151,True
2,2,0.999642014503479,True
9,9,0.9999607801437378,True
13,13,0.9998995065689087,True
2,2,0.5876678824424744,True
13,13,0.9997815489768982,True
18,18,0.9986968636512756,True
11,11,0.9986899495124817,True
38,38,0.999488115310669,True
10,10,0.9998539686203003,True
2,2,0.9998946189880371,True
9,9,0.9999144077301025,True
12,12,0.9998219609260559,True
2,2,0.9993977546691895,True
9,9,0.9999595880508423,True
5,5,0.9961362481117249,True
1,1,0.9437346458435059,True
10,10,0.9999731779098511,True
25,25,0.9996658563613892,True
2,2,0.9238038063049316,True
38,38,0.9992701411247253,True
16,16,0.9999738931655884,True
38,38,0.999420166015625,True
23,23,0.9681291580200195,True
12,12,0.9994982481002808,True
12,12,0.9998558759689331,True
31,18,0.3730522394180298,False
6,6,0.9911751747131348,True
11,11,0.8772827386856079,True
25,25,0.9987888932228088,True
17,17,0.9967057108879089,True
25,25,0.9998095631599426,True
36,36,0.9972243309020996,True
9,9,0.9997716546058655,True
40,40,0.9999971389770508,True
13,13,0.9995614886283875,True
25,25,0.9999284744262695,True
4,4,0.9936054944992065,True
9,9,0.9998936653137207,True
22,22,0.9999039173126221,True
2,2,0.9997023940086365,True
2,1,0.7801494002342224,False
13,13,0.9998133778572083,True
3,1,0.6392366886138916,False
4,4,0.9999644756317139,True
38,38,0.9999057054519653,True
12,12,0.9996587038040161,True
32,32,0.9684745669364929,True
12,12,0.999724805355072,True
23,23,0.9842974543571472,True
39,39,0.9706756472587585,True
35,35,0.99992835521698,True
31,31,0.9995731711387634,True
40,40,0.9997653365135193,True
2,2,0.9996392726898193,True
9,9,0.9885974526405334,True
5,5,0.9802572131156921,True
8,8,0.9999109506607056,True
20,20,0.9999526739120483,True
5,5,0.9935933947563171,True
9,9,0.9999665021896362,True
2,2,0.9981504082679749,True
11,11,0.9999550580978394,True
12,12,0.9997701048851013,True
29,29,0.9929957985877991,True
17,12,0.43071597814559937,False
8,8,0.9997139573097229,True
3,3,0.9994027614593506,True
15,15,0.9999626874923706,True
3,3,0.9921733140945435,True
13,13,0.9997625946998596,True
10,10,0.9975103139877319,True
13,13,0.9997128844261169,True
4,4,0.9999196529388428,True
1,1,0.9996232986450195,True
25,25,0.9989020824432373,True
5,5,0.4474678039550781,True
26,26,0.9999397993087769,True
25,25,0.9999803304672241,True
10,10,0.99998939037323,True
1,1,0.9999434947967529,True
8,8,0.9996755123138428,True
40,40,0.9999593496322632,True
9,9,0.999969482421875,True
10,10,0.9999650716781616,True
3,3,0.9978646636009216,True
25,25,0.9997484087944031,True
25,25,0.9999532699584961,True
12,12,0.9998743534088135,True
10,10,0.9997202754020691,True
13,13,0.999544084072113,True
39,39,0.9965534210205078,True
17,12,0.57586270570755,False
7,7,0.9969437718391418,True
17,17,0.9991219639778137,True
9,9,0.9999673366546631,True
12,12,0.9998863935470581,True
1,1,0.9997705817222595,True
9,9,0.9999696016311646,True
10,10,0.999650239944458,True
4,4,0.9999371767044067,True
9,9,0.9884916543960571,True
18,18,0.9996730089187622,True
7,7,0.9993174076080322,True
4,4,0.9999532699584961,True
1,1,0.9999499320983887,True
23,20,0.9587757587432861,False
2,2,0.9996196031570435,True
4,4,0.9999477863311768,True
35,35,0.9998058676719666,True
11,11,0.9994935989379883,True
9,9,0.9999747276306152,True
5,5,0.9997780919075012,True
2,2,0.9837870001792908,True
7,7,0.9999624490737915,True
25,25,0.9984410405158997,True
14,14,0.9915505647659302,True
26,26,0.9999605417251587,True
23,29,0.3908751606941223,False
5,5,0.999278724193573,True
18,18,0.9999796152114868,True
2,2,0.999915361404419,True
29,29,0.9973695278167725,True
25,25,0.9977980852127075,True
4,2,0.7470148205757141,False
22,22,0.9999146461486816,True
12,12,0.9998317956924438,True
1,1,0.9999850988388062,True
14,14,0.9869753122329712,True
34,34,0.9998805522918701,True
33,33,0.9603667855262756,True
19,19,0.9935118556022644,True
2,2,0.9987008571624756,True
12,12,0.9999028444290161,True
9,9,0.9999055862426758,True
17,17,0.9998527765274048,True
26,26,0.9997747540473938,True
13,13,0.999859094619751,True
14,14,0.9995013475418091,True
3,3,0.9999256134033203,True
2,2,0.9998006224632263,True
2,1,0.7425826191902161,False
5,5,0.9975023865699768,True
17,17,0.9998447895050049,True
25,25,0.45873481035232544,True
17,17,0.9995362758636475,True
30,30,0.9932698607444763,True
30,30,0.8824325203895569,True
38,38,0.9896766543388367,True
35,35,0.9987152814865112,True
4,4,0.9996764659881592,True
2,2,0.9978439807891846,True
2,2,0.9998983144760132,True
28,28,0.9995002746582031,True
33,33,0.9994187355041504,True
33,33,0.9998419284820557,True
33,33,0.9853019714355469,True
27,27,0.9999195337295532,True
24,24,0.9992706179618835,True
25,25,0.9999048709869385,True
9,9,0.9999276399612427,True
16,16,0.9999675750732422,True
12,12,0.8820886015892029,True
1,1,0.9998575448989868,True
5,5,0.9979686141014099,True
34,38,0.604249894618988,False
10,10,0.9999804496765137,True
25,25,0.9999864101409912,True
25,25,0.9998575448989868,True
35,35,0.9989150762557983,True
5,5,0.999091386795044,True
13,13,0.9998058676719666,True
5,5,0.929898202419281,True
7,7,0.9994866847991943,True
4,4,0.9999052286148071,True
34,34,0.9999603033065796,True
15,15,0.9998644590377808,True
7,7,0.9972729086875916,True
13,13,0.9994248151779175,True
1,1,0.9963209629058838,True
23,23,0.9999898672103882,True
35,35,0.9996424913406372,True
5,2,0.989043116569519,False
13,13,0.9997510313987732,True
5,5,0.9976922273635864,True
28,28,0.9994437098503113,True
13,13,0.9998902082443237,True
12,12,0.9998906850814819,True
11,11,0.999958872795105,True
25,25,0.9690378308296204,True
34,34,0.9999426603317261,True
10,10,0.9999312162399292,True
3,3,0.9866965413093567,True
5,5,0.9989812970161438,True
31,31,0.9998635053634644,True
11,11,0.999956488609314,True
11,11,0.9999872446060181,True
37,37,0.9777247905731201,True
12,12,0.998563826084137,True
25,25,0.995568573474884,True
9,9,0.9860900640487671,True
13,13,0.9998107552528381,True
30,30,0.9453114867210388,True
25,25,0.9978849291801453,True
25,25,0.9993404746055603,True
12,12,0.99988853931427,True
12,12,0.999894380569458,True
30,29,0.5774418115615845,False
15,15,0.9999520778656006,True
13,13,0.9997460246086121,True
1,1,0.9924145340919495,True
25,25,0.9995798468589783,True
8,8,0.9997668862342834,True
13,13,0.9999610185623169,True
3,3,0.9918992519378662,True
10,10,0.9999607801437378,True
18,18,0.9251318573951721,True
42,42,0.934126079082489,True
9,9,0.9999860525131226,True
16,16,0.9999934434890747,True
4,4,0.999931812286377,True
12,12,0.9990180730819702,True
15,15,0.9999390840530396,True
25,25,0.9999855756759644,True
6,6,0.9999527931213379,True
41,41,0.9686880707740784,True
1,1,0.9549350738525391,True
1,1,0.9999880790710449,True
2,2,0.9999078512191772,True
30,30,0.3212909698486328,True
13,13,0.9997501969337463,True
33,33,0.9993720650672913,True
38,38,0.9998822212219238,True
4,4,0.9982397556304932,True
5,5,0.5874675512313843,True
7,7,0.9999418258666992,True
2,2,0.9507458806037903,True
35,35,0.999974250793457,True
10,10,0.9999357461929321,True
38,38,0.9993122816085815,True
4,4,0.9999253749847412,True
1,1,0.9831993579864502,True
13,13,0.9998571872711182,True
11,11,0.9993483424186707,True
38,38,0.9996676445007324,True
7,7,0.9995051622390747,True
5,5,0.9497455954551697,True
5,5,0.9219186902046204,True
35,35,0.9983204007148743,True
37,37,0.9991886019706726,True
38,38,0.9998652935028076,True
38,38,0.9994020462036133,True
1,1,0.9999866485595703,True
33,33,0.999667763710022,True
29,29,0.9979634284973145,True
26,26,0.999977707862854,True
25,25,0.9990178346633911,True
25,25,0.9998055100440979,True
10,10,0.9998422861099243,True
1,1,0.9999486207962036,True
1,1,0.9998880624771118,True
1,1,0.9987227320671082,True
16,16,0.99946528673172,True
5,5,0.9992190599441528,True
23,30,0.5695080757141113,False
10,10,0.999957799911499,True
9,9,0.9647138118743896,True
17,17,0.9998975992202759,True
2,2,0.9998893737792969,True
12,12,0.9998413324356079,True
9,9,0.9999843835830688,True
18,18,0.9999605417251587,True
35,35,0.9213083982467651,True
10,10,0.9999945163726807,True
2,2,0.9980321526527405,True
15,15,0.999782145023346,True
12,12,0.9996412992477417,True
4,4,0.9999384880065918,True
25,25,0.9964445233345032,True
10,10,0.9999444484710693,True
12,12,0.999309778213501,True
5,5,0.999907374382019,True
13,13,0.9969032406806946,True
2,2,0.9998406171798706,True
3,3,0.9700846076011658,True
28,28,0.7985748052597046,True
1,1,0.9999295473098755,True
23,23,0.97896808385849,True
2,2,0.9993133544921875,True
1,1,0.8067833185195923,True
9,9,0.999993085861206,True
5,5,0.9586353898048401,True
38,38,0.9953939914703369,True
12,12,0.9999361038208008,True
1,1,0.9999850988388062,True
27,27,0.822903573513031,True
13,13,0.9997606873512268,True
9,9,0.999884843826294,True
24,24,0.4006548821926117,True
0,0,0.9351989030838013,True
5,5,0.8418112397193909,True
38,38,0.9848714470863342,True
5,5,0.9997386336326599,True
4,4,0.999864935874939,True
18,18,0.7210450768470764,True
5,5,0.9808056354522705,True
36,36,0.9947450160980225,True
30,30,0.9757609367370605,True
10,10,0.9997274279594421,True
38,38,0.9977237582206726,True
16,16,0.9828322529792786,True
2,2,0.9452821612358093,True
31,31,0.9990379810333252,True
24,24,0.997119665145874,True
38,38,0.99943608045578,True
25,25,0.9825932383537292,True
17,17,0.9999101161956787,True
12,12,0.9998236298561096,True
29,29,0.9489530324935913,True
4,4,0.9999523162841797,True
10,10,0.9995598196983337,True
14,14,0.9999271631240845,True
11,11,0.9999059438705444,True
25,25,0.99842369556427,True
18,18,0.999228835105896,True
4,4,0.999966025352478,True
4,4,0.9997256398200989,True
8,8,0.999198853969574,True
25,25,0.9955533146858215,True
18,18,0.9905718564987183,True
7,7,0.9987583160400391,True
38,38,0.999675989151001,True
3,3,0.9566314220428467,True
13,13,0.9999338388442993,True
31,31,0.8802971839904785,True
8,8,0.9997085928916931,True
21,11,0.7892589569091797,False
31,31,0.9997891783714294,True
38,38,0.9665663242340088,True
2,2,0.9998459815979004,True
2,2,0.9994206428527832,True
34,34,0.9999583959579468,True
10,10,0.9998878240585327,True
7,7,0.993655800819397,True
10,10,0.9999799728393555,True
38,38,0.9998672008514404,True
8,8,0.9997072815895081,True
4,4,0.9999580383300781,True
12,12,0.9999127388000488,True
28,24,0.2731113135814667,False
5,5,0.9961101412773132,True
39,39,0.9997796416282654,True
41,41,0.9451962113380432,True
10,10,0.9999324083328247,True
13,13,0.9860153198242188,True
38,38,0.9990824460983276,True
38,38,0.9993720650672913,True
19,19,0.9991776347160339,True
1,1,0.9999701976776123,True
7,7,0.9554182887077332,True
6,6,0.9999569654464722,True
39,39,0.7005931735038757,True
3,3,0.9713668823242188,True
1,1,0.9997274279594421,True
19,19,0.9908149838447571,True
32,32,0.9999545812606812,True
38,38,0.9990737438201904,True
12,12,0.9990480542182922,True
8,8,0.9998304843902588,True
35,35,0.9999773502349854,True
12,12,0.9995293617248535,True
38,38,0.9989928603172302,True
17,17,0.9998192191123962,True
2,2,0.9442159533500671,True
1,1,0.999976634979248,True
14,7,0.7273279428482056,False
35,35,0.9999792575836182,True
12,12,0.9989966750144958,True
35,35,0.9999933242797852,True
34,34,0.9999786615371704,True
17,17,0.9986734390258789,True
42,42,0.9985548853874207,True
1,1,0.9986999034881592,True
5,5,0.8616199493408203,True
31,31,0.9811466932296753,True
6,6,0.9996453523635864,True
28,28,0.9996161460876465,True
12,12,0.9997909665107727,True
38,38,0.9997979998588562,True
11,11,0.8607337474822998,True
5,5,0.999360978603363,True
8,8,0.9999305009841919,True
8,8,0.94032222032547,True
23,23,0.9783247113227844,True
27,27,0.8947872519493103,True
2,2,0.9991995692253113,True
1,1,0.9988611936569214,True
25,25,0.9980192184448242,True
10,10,0.9998210072517395,True
31,31,0.994442880153656,True
3,3,0.9998732805252075,True
18,18,0.9968216419219971,True
18,18,0.9995006322860718,True
13,13,0.9999375343322754,True
18,18,0.9948053956031799,True
13,13,0.9997963309288025,True
34,34,0.9766146540641785,True
5,5,0.9948464632034302,True
4,4,0.9998435974121094,True
1,1,0.999896764755249,True
23,23,0.9929549098014832,True
30,30,0.41004639863967896,True
4,4,0.9999608993530273,True
12,12,0.999896764755249,True
1,1,0.9968233108520508,True
38,38,0.9656003713607788,True
1,1,0.9988332390785217,True
12,12,0.9997946619987488,True
25,25,0.9992044568061829,True
14,14,0.9995357990264893,True
38,38,0.9997920393943787,True
1,1,0.9999895095825195,True
17,17,0.9998561143875122,True
9,9,0.9999723434448242,True
16,16,0.9999768733978271,True
13,13,0.9997879862785339,True
7,7,0.8241662383079529,True
39,39,0.9929381012916565,True
2,2,0.9988872408866882,True
8,8,0.9996194839477539,True
2,2,0.9995916485786438,True
10,10,0.9991600513458252,True
25,25,0.9999121427536011,True
10,10,0.9998137354850769,True
4,2,0.9950951337814331,False
4,4,0.9999493360519409,True
10,10,0.9998223185539246,True
9,9,0.9999463558197021,True
39,39,0.9636036157608032,True
7,7,0.9996557235717773,True
22,22,0.9851611852645874,True
40,40,0.9999909400939941,True
4,4,0.9999772310256958,True
12,12,0.9995463490486145,True
10,10,0.9999518394470215,True
15,15,0.9927213788032532,True
12,12,0.9997639060020447,True
13,13,0.9995075464248657,True
34,34,0.9999796152114868,True
4,4,0.9999576807022095,True
2,2,0.9995915293693542,True
5,5,0.9998695850372314,True
25,25,0.9997902512550354,True
37,37,0.9936825037002563,True
17,1,0.3578184247016907,False
15,15,0.9997718930244446,True
14,14,0.9905974268913269,True
15,15,0.9998884201049805,True
12,12,0.999843955039978,True
26,26,0.999988317489624,True
18,18,0.9707655310630798,True
9,9,0.9999827146530151,True
17,17,0.9990299940109253,True
1,1,0.9992527365684509,True
7,7,0.999953031539917,True
23,20,0.8556624054908752,False
1,1,0.9992483258247375,True
35,35,0.999998927116394,True
11,18,0.48555198311805725,False
7,7,0.999950647354126,True
10,10,0.9999897480010986,True
5,5,0.999197781085968,True
13,13,0.9998143315315247,True
10,10,0.9993884563446045,True
9,9,0.9999911785125732,True
1,1,0.9999172687530518,True
10,10,0.999915361404419,True
0,0,0.9993284940719604,True
1,8,0.9982171654701233,False
13,13,0.9997681975364685,True
10,10,0.9999392032623291,True
13,13,0.9997263550758362,True
2,2,0.9998780488967896,True
18,18,0.9999501705169678,True
13,13,0.999774158000946,True
4,4,0.9999818801879883,True
2,2,0.9999767541885376,True
8,8,0.9996511936187744,True
16,16,0.9999635219573975,True
17,17,0.9998074173927307,True
18,18,0.9998331069946289,True
39,39,0.9994613528251648,True
15,15,0.9954060316085815,True
5,5,0.995923638343811,True
9,9,0.9999804496765137,True
15,15,0.9998438358306885,True
17,12,0.6027988791465759,False
2,2,0.9467059373855591,True
8,8,0.999890923500061,True
33,33,0.9999651908874512,True
33,33,0.9356445074081421,True
23,23,0.518266499042511,True
1,1,0.9879534244537354,True
11,11,0.9821695685386658,True
28,24,0.6032567024230957,False
9,9,0.9999145269393921,True
4,4,0.9999068975448608,True
14,14,0.9999071359634399,True
3,3,0.9792585968971252,True
22,22,0.9982427358627319,True
17,17,0.999914288520813,True
9,9,0.9999505281448364,True
3,3,0.9910036325454712,True
26,26,0.9999839067459106,True
2,2,0.9997277855873108,True
16,16,0.9999947547912598,True
17,17,0.9999376535415649,True
18,18,0.9998003840446472,True
12,12,0.9999545812606812,True
29,29,0.9988850951194763,True
11,11,0.9999662637710571,True
18,18,0.9999169111251831,True
1,1,0.9999547004699707,True
2,2,0.9996824264526367,True
38,38,0.9975538849830627,True
36,36,0.8605216145515442,True
25,25,0.9999814033508301,True
41,9,0.6479729413986206,False
5,5,0.9998714923858643,True
12,12,0.9998736381530762,True
7,7,0.9993689656257629,True
17,17,0.9999051094055176,True
4,4,0.9999723434448242,True
25,25,0.9991604089736938,True
6,6,0.9997441172599792,True
36,36,0.9998935461044312,True
26,26,0.8963748216629028,True
9,9,0.8850396871566772,True
7,7,0.9987609386444092,True
14,14,0.9992185831069946,True
30,30,0.7455026507377625,True
17,17,0.9993258714675903,True
20,20,0.999525785446167,True
18,18,0.9992364645004272,True
12,12,0.9996820688247681,True
41,41,0.9827318787574768,True
5,5,0.9599793553352356,True
11,11,0.9997983574867249,True
36,36,0.9999845027923584,True
1,1,0.9999856948852539,True
15,15,0.996229350566864,True
11,11,0.9977049231529236,True
12,12,0.9988569021224976,True
34,34,0.9363864064216614,True
33,33,0.9998573064804077,True
21,21,0.9998806715011597,True
0,0,0.9998632669448853,True
9,9,0.9999740123748779,True
9,9,0.6626818180084229,True
27,27,0.8554156422615051,True
3,3,0.9997269511222839,True
18,18,0.999925971031189,True
31,31,0.9738362431526184,True
2,2,0.9994398951530457,True
26,26,0.9999624490737915,True
25,25,0.999363362789154,True
38,38,0.9953063130378723,True
12,12,0.999852180480957,True
6,6,0.9967063069343567,True
28,28,0.9988548755645752,True
35,35,0.9998134970664978,True
5,5,0.9990220069885254,True
30,29,0.9104669094085693,False
4,4,0.9998753070831299,True
8,3,0.5638622641563416,False
12,12,0.9993601441383362,True
17,17,0.9998852014541626,True
18,18,0.9997223019599915,True
1,1,0.9999815225601196,True
38,38,0.9504592418670654,True
38,38,0.9995076656341553,True
9,9,0.99953293800354,True
25,25,0.999951958656311,True
5,5,0.9456732869148254,True
1,1,0.9946198463439941,True
1,1,0.9999734163284302,True
42,42,0.9378610253334045,True
13,13,0.9999301433563232,True
13,13,0.9992446899414062,True
2,2,0.9996782541275024,True
30,30,0.8644944429397583,True
10,10,0.9998701810836792,True
35,35,0.9998038411140442,True
28,28,0.9997214674949646,True
5,5,0.9994315505027771,True
11,11,0.9999896287918091,True
30,30,0.9997490048408508,True
11,11,0.9997851252555847,True
1,1,0.9999195337295532,True
25,25,0.985755980014801,True
38,38,0.999404788017273,True
38,38,0.9994640946388245,True
31,20,0.9217013120651245,False
19,19,0.8751047253608704,True
13,13,0.9997043013572693,True
21,21,0.997579038143158,True
20,20,0.994290828704834,True
8,8,0.9998007416725159,True
38,38,0.9996775388717651,True
22,22,0.9998359680175781,True
28,28,0.9972289204597473,True
12,12,0.9995552897453308,True
17,17,0.9989126920700073,True
12,12,0.999906063079834,True
35,35,0.9998853206634521,True
10,10,0.9996792078018188,True
13,13,0.9997908473014832,True
12,12,0.999893069267273,True
1,1,0.9998250603675842,True
2,2,0.9999593496322632,True
10,10,0.9999814033508301,True
5,1,0.9499734044075012,False
13,13,0.9997642636299133,True
34,34,0.9999707937240601,True
2,2,0.9998975992202759,True
2,2,0.9999659061431885,True
17,17,0.999306321144104,True
9,9,0.9999431371688843,True
13,13,0.9997101426124573,True
34,34,0.9999302625656128,True
2,2,0.9998594522476196,True
13,13,0.9996453523635864,True
10,10,0.999515175819397,True
8,5,0.8529554009437561,False
4,4,0.9995680451393127,True
38,38,0.9996844530105591,True
10,10,0.9999793767929077,True
4,4,0.9999350309371948,True
1,1,0.9999940395355225,True
33,33,0.9997090697288513,True
2,2,0.9997561573982239,True
14,14,0.9966307282447815,True
35,35,0.9999932050704956,True
10,10,0.9999227523803711,True
13,13,0.9996674060821533,True
9,9,0.6455191373825073,True
5,5,0.9993724226951599,True
35,35,0.9999939203262329,True
18,18,0.9026684761047363,True
25,25,0.9993378520011902,True
40,40,0.999975323677063,True
3,3,0.999472439289093,True
13,13,0.999725878238678,True
31,31,0.9996806383132935,True
22,22,0.9913186430931091,True
38,38,0.9997767806053162,True
39,39,0.9234026670455933,True
2,2,0.9993960857391357,True
25,27,0.2416149377822876,False
23,23,0.6071817278862,True
11,11,0.9999973773956299,True
23,23,0.9890546798706055,True
12,12,0.999631404876709,True
17,17,0.9991381168365479,True
36,36,0.9990516304969788,True
1,1,0.9996660947799683,True
38,38,0.9901635050773621,True
2,2,0.9981464147567749,True
8,8,0.9998202919960022,True
18,18,0.9999632835388184,True
4,4,0.9999338388442993,True
10,10,0.9999542236328125,True
7,7,0.9997692704200745,True
38,38,0.9998598098754883,True
14,17,0.7643601298332214,False
10,10,0.9999141693115234,True
38,38,0.9998980760574341,True
9,9,0.9999924898147583,True
14,14,0.9996696710586548,True
1,1,0.9998217225074768,True
25,25,0.9999532699584961,True
14,14,0.9998086094856262,True
1,1,0.9999094009399414,True
1,1,0.9996211528778076,True
25,25,0.9814815521240234,True
7,7,0.9997937083244324,True
10,10,0.9998756647109985,True
5,5,0.9996473789215088,True
40,40,0.9999557733535767,True
28,28,0.9461771845817566,True
20,20,0.999538779258728,True
4,4,0.9999732971191406,True
9,9,0.9999946355819702,True
3,3,0.9999707937240601,True
1,8,0.9816135168075562,False
35,35,0.999998927116394,True
2,2,0.9997562766075134,True
22,22,0.9995782971382141,True
2,2,0.9996165037155151,True
2,2,0.5662381052970886,True
1,1,0.9999831914901733,True
14,14,0.9999719858169556,True
4,4,0.9999059438705444,True
3,3,0.9995473027229309,True
11,11,0.9999798536300659,True
10,10,0.9998917579650879,True
5,5,0.8739433288574219,True
29,29,0.9959558248519897,True
10,10,0.9989400506019592,True
33,33,0.9948686361312866,True
38,38,0.9193541407585144,True
12,12,0.9995330572128296,True
17,17,0.9996863603591919,True
16,16,0.9997753500938416,True
12,12,0.9998306035995483,True
3,3,0.9998730421066284,True
4,4,0.999535083770752,True
10,10,0.9999706745147705,True
8,8,0.9979069232940674,True
18,18,0.6179260611534119,True
38,38,0.99785977602005,True
35,35,0.999976634979248,True
1,1,0.9777365326881409,True
17,17,0.9995699524879456,True
26,26,0.9997127652168274,True
34,34,0.9999794960021973,True
7,7,0.9999831914901733,True
8,8,0.999019980430603,True
10,10,0.9999879598617554,True
7,7,0.9998859167098999,True
17,17,0.951228678226471,True
3,3,0.9976525902748108,True
12,12,0.9998723268508911,True
13,13,0.9999703168869019,True
31,31,0.9999260902404785,True
36,36,0.9999591112136841,True
7,7,0.9999680519104004,True
8,8,0.996164083480835,True
12,12,0.9998842477798462,True
3,3,0.9996088147163391,True
5,5,0.9998865127563477,True
24,24,0.9999710321426392,True
11,11,0.9995788931846619,True
28,28,0.9998036026954651,True
2,2,0.9995461106300354,True
1,8,0.9702665209770203,False
5,5,0.6524223685264587,True
5,5,0.991485059261322,True
9,2,0.5856919288635254,False
1,1,0.9999935626983643,True
13,13,0.9989820122718811,True
13,13,0.9996470212936401,True
13,13,0.9993220567703247,True
7,7,0.9996895790100098,True
31,31,0.9996365308761597,True
1,1,0.9997603297233582,True
2,2,0.9867912530899048,True
7,7,0.9675653576850891,True
1,1,0.9991735816001892,True
2,2,0.9996108412742615,True
12,12,0.9998812675476074,True
2,2,0.999891996383667,True
4,4,0.999930739402771,True
11,11,0.9999479055404663,True
24,24,0.9977043271064758,True
38,38,0.9997584223747253,True
10,10,0.9998512268066406,True
24,24,0.7363607883453369,True
26,26,0.999977707862854,True
6,6,0.9638249278068542,True
4,4,0.9999394416809082,True
11,30,0.46711239218711853,False
23,23,0.9999754428863525,True
4,4,0.9985538125038147,True
35,35,0.9995417594909668,True
7,7,0.999561607837677,True
15,15,0.9999369382858276,True
31,20,0.6943398714065552,False
23,23,0.9969047904014587,True
11,11,0.9996091723442078,True
25,25,0.9999333620071411,True
18,18,0.9643218517303467,True
27,27,0.9998109936714172,True
41,9,0.5346906781196594,False
1,1,0.9999823570251465,True
23,23,0.9965528249740601,True
8,8,0.9993290901184082,True
4,4,0.9999520778656006,True
15,15,0.9998921155929565,True
7,7,0.9949413537979126,True
25,25,0.9992101192474365,True
12,12,0.9997712969779968,True
9,9,0.9923858642578125,True
20,11,0.9553620219230652,False
1,1,0.9999653100967407,True
1,1,0.999984860420227,True
11,11,0.9999943971633911,True
27,27,0.974416196346283,True
13,13,0.9997305274009705,True
13,13,0.999306321144104,True
15,15,0.9995125532150269,True
35,35,0.9999829530715942,True
25,25,0.9983079433441162,True
11,11,0.5450472831726074,True
8,8,0.9966644644737244,True
36,36,0.9992532134056091,True
2,2,0.996566653251648,True
10,10,0.49121803045272827,True
12,12,0.9994285702705383,True
2,2,0.9997356534004211,True
3,3,0.9999104738235474,True
34,34,0.9999566078186035,True
16,16,0.5474148988723755,True
8,8,0.9980425834655762,True
10,10,0.9999837875366211,True
12,12,0.999703586101532,True
9,9,0.999869704246521,True
11,11,0.9999946355819702,True
11,11,0.998471200466156,True
35,35,0.9905663132667542,True
30,30,0.9966409206390381,True
40,40,0.9999768733978271,True
4,4,0.9989641904830933,True
2,2,0.9998125433921814,True
1,1,0.999908447265625,True
18,18,0.9999608993530273,True
17,17,0.9997727274894714,True
35,35,0.9997485280036926,True
0,0,0.9998798370361328,True
2,2,0.9991999268531799,True
12,12,0.9999270439147949,True
12,12,0.9997957348823547,True
12,12,0.9926877021789551,True
14,7,0.6437597274780273,False
8,8,0.9996212720870972,True
31,31,0.9255170822143555,True
1,1,0.999593198299408,True
26,26,0.999832034111023,True
7,7,0.999998927116394,True
10,10,0.9998273849487305,True
5,1,0.6034116744995117,False
21,11,0.9969426989555359,False
13,13,0.9996564388275146,True
3,5,0.9588910341262817,False
13,13,0.9997261166572571,True
18,18,0.8863049745559692,True
2,2,0.9997679591178894,True
25,25,0.9988682270050049,True
10,10,0.999817430973053,True
1,1,0.9998199343681335,True
6,6,0.9536681175231934,True
1,1,0.9999898672103882,True
7,7,0.9996887445449829,True
34,34,0.9999686479568481,True
14,14,0.9996236562728882,True
7,7,0.9997550845146179,True
2,2,0.9997857213020325,True
25,25,0.9949169158935547,True
15,15,0.999968409538269,True
8,8,0.9996213912963867,True
33,33,0.9997768998146057,True
10,10,0.9999033212661743,True
10,10,0.9998980760574341,True
3,3,0.9882757663726807,True
17,17,0.9999312162399292,True
13,13,0.9994358420372009,True
11,11,0.9998144507408142,True
25,25,0.9907806515693665,True
1,1,0.9963380098342896,True
15,15,0.9996161460876465,True
1,1,0.9999552965164185,True
35,35,0.9999722242355347,True
14,14,0.9999136924743652,True
9,9,0.9999344348907471,True
13,13,0.9996955394744873,True
9,9,0.9999589920043945,True
25,25,0.9981645941734314,True
4,4,0.9992445707321167,True
1,1,0.9999713897705078,True
7,7,0.9999821186065674,True
31,31,0.9944688081741333,True
3,3,0.9998127818107605,True
1,1,0.9999358654022217,True
2,2,0.9996601343154907,True
20,20,0.9978175163269043,True
18,18,0.9999765157699585,True
38,38,0.9999014139175415,True
0,0,0.999128520488739,True
39,39,0.8992673754692078,True
3,3,0.9998478889465332,True
15,15,0.9999245405197144,True
12,12,0.999402642250061,True
2,2,0.9955435395240784,True
3,3,0.999876856803894,True
35,35,0.9999772310256958,True
5,5,0.9988897442817688,True
11,11,0.9961418509483337,True
3,3,0.6071135401725769,True
1,1,0.9998961687088013,True
9,9,0.9999679327011108,True
37,37,0.9992741942405701,True
12,12,0.9998457431793213,True
7,7,0.9999920129776001,True
2,2,0.9998705387115479,True
38,38,0.9298962354660034,True
22,22,0.9996260404586792,True
16,16,0.9998886585235596,True
41,41,0.9950496554374695,True
31,31,0.9996058344841003,True
25,25,0.9998819828033447,True
29,12,0.7310198545455933,False
10,10,0.999890923500061,True
16,16,0.9980042576789856,True
2,2,0.9994544386863708,True
29,29,0.9998999834060669,True
13,13,0.9991270899772644,True
22,22,0.9998961687088013,True
12,12,0.973329484462738,True
12,12,0.999925971031189,True
9,9,0.9999755620956421,True
23,20,0.9513331055641174,False
15,15,0.999699592590332,True
13,13,0.9997385144233704,True
3,3,0.995110809803009,True
12,12,0.9997742772102356,True
40,40,0.9997015595436096,True
25,25,0.9999812841415405,True
38,38,0.5568735599517822,True
10,10,0.999967098236084,True
1,1,0.999824583530426,True
11,11,0.9999808073043823,True
4,4,0.9651492238044739,True
36,36,0.9999535083770752,True
42,42,0.9862030744552612,True
30,30,0.9998229146003723,True
22,22,0.9997031092643738,True
5,2,0.5884289145469666,False
4,4,0.9995145797729492,True
31,31,0.9999669790267944,True
4,4,0.9999178647994995,True
9,9,0.9999681711196899,True
28,28,0.9999384880065918,True
13,13,0.9985999464988708,True
13,13,0.999874472618103,True
16,16,0.9998519420623779,True
7,7,0.9999446868896484,True
5,5,0.9948241710662842,True
3,3,0.9999797344207764,True
9,9,0.9999736547470093,True
15,15,0.9997643828392029,True
14,14,0.998714804649353,True
9,9,0.9999821186065674,True
19,19,0.9379258155822754,True
5,5,0.9998629093170166,True
5,5,0.9997528195381165,True
1,1,0.999321699142456,True
13,13,0.9999116659164429,True
28,28,0.959201991558075,True
8,8,0.9992145299911499,True
14,14,0.9998941421508789,True
6,6,0.9996294975280762,True
10,10,0.9999940395355225,True
1,1,0.9999819993972778,True
23,23,0.9999114274978638,True
13,13,0.9998470544815063,True
36,36,0.9999097585678101,True
2,2,0.9999756813049316,True
0,0,0.9997918009757996,True
28,28,0.894494891166687,True
40,40,0.9999229907989502,True
2,2,0.9991276860237122,True
12,12,0.9998618364334106,True
15,15,0.9997685551643372,True
5,5,0.9998016953468323,True
4,4,0.9998607635498047,True
13,13,0.9998704195022583,True
35,35,0.9995044469833374,True
12,12,0.999755322933197,True
4,4,0.999517560005188,True
5,5,0.9984690546989441,True
11,11,0.9821680784225464,True
5,5,0.9954808950424194,True
2,2,0.9999810457229614,True
9,9,0.9999706745147705,True
18,18,0.999886155128479,True
7,7,0.999962568283081,True
1,1,0.995265007019043,True
18,18,0.979487955570221,True
2,2,0.9738613367080688,True
3,3,0.9987107515335083,True
12,12,0.999350368976593,True
8,3,0.3154515326023102,False
1,1,0.9996100068092346,True
4,4,0.9995180368423462,True
4,4,0.9998607635498047,True
15,15,0.9997304081916809,True
14,14,0.9994149208068848,True
8,8,0.9996013045310974,True
2,2,0.9987344145774841,True
1,1,0.9999456405639648,True
8,3,0.6875816583633423,False
40,40,0.999764621257782,True
5,5,0.9970746040344238,True
35,35,0.9999833106994629,True
22,25,0.9048725366592407,False
5,5,0.9999148845672607,True
35,35,0.9999419450759888,True
12,12,0.9999021291732788,True
1,1,0.9813393950462341,True
35,35,0.9993833303451538,True
12,12,0.9994217157363892,True
10,10,0.9995285272598267,True
38,38,0.9990684390068054,True
11,11,0.9999284744262695,True
38,38,0.9990504384040833,True
1,1,0.9998331069946289,True
36,36,0.9999266862869263,True
8,8,0.812198281288147,True
11,11,0.9999567270278931,True
16,16,0.9999572038650513,True
42,42,0.9999724626541138,True
0,0,0.9984766840934753,True
1,1,0.9998979568481445,True
16,16,0.9999716281890869,True
12,12,0.9999115467071533,True
11,11,0.9999135732650757,True
15,15,0.9999289512634277,True
25,25,0.9999943971633911,True
20,20,0.9998726844787598,True
17,17,0.9999359846115112,True
1,1,0.9998577833175659,True
4,4,0.9999775886535645,True
18,18,0.9630225300788879,True
15,15,0.9994592070579529,True
25,25,0.9993398785591125,True
35,35,0.9997292160987854,True
12,12,0.9998993873596191,True
11,11,0.8489514589309692,True
2,2,0.9996678829193115,True
18,18,0.999940037727356,True
24,24,0.9969049096107483,True
25,25,0.9997743964195251,True
18,18,0.9996973276138306,True
7,7,0.999908447265625,True
9,9,0.9535885453224182,True
5,5,0.9965115189552307,True
8,8,0.9999008178710938,True
2,2,0.9998955726623535,True
32,32,0.9985513091087341,True
8,8,0.9994175434112549,True
10,10,0.9999250173568726,True
12,12,0.9998295307159424,True
13,13,0.9998565912246704,True
16,16,0.9999730587005615,True
12,12,0.9998327493667603,True
14,14,0.9999468326568604,True
38,38,0.9999408721923828,True
4,4,0.9988817572593689,True
38,38,0.9998815059661865,True
18,18,0.9999661445617676,True
38,38,0.9999123811721802,True
12,12,0.9997482895851135,True
7,7,0.9999033212661743,True
9,9,0.9715482592582703,True
38,38,0.9998030066490173,True
2,2,0.9989109039306641,True
2,2,0.9998538494110107,True
2,2,0.9944500923156738,True
24,24,0.9995136260986328,True
1,1,0.9999560117721558,True
6,6,0.990694522857666,True
1,1,0.9381580948829651,True
5,5,0.9936617612838745,True
10,10,0.9998897314071655,True
9,9,0.9999066591262817,True
38,38,0.9994603991508484,True
18,18,0.9999343156814575,True
4,4,0.9999523162841797,True
4,4,0.8805075883865356,True
17,17,0.9993672966957092,True
12,12,0.9994922876358032,True
1,1,0.9983068704605103,True
35,35,0.9987828135490417,True
13,13,0.9991043210029602,True
9,9,0.9999161958694458,True
10,10,0.9999731779098511,True
17,17,0.9998241066932678,True
10,10,0.9998618364334106,True
5,5,0.9997785687446594,True
11,11,0.9999191761016846,True
8,8,0.9852946996688843,True
2,2,0.9981325268745422,True
13,13,0.9996625185012817,True
14,14,0.9987547397613525,True
11,11,0.9998546838760376,True
38,38,0.9998083710670471,True
10,10,0.9999409914016724,True
14,14,0.9972014427185059,True
18,18,0.9999686479568481,True
19,19,0.9473174810409546,True
32,32,0.9998829364776611,True
8,8,0.9999052286148071,True
5,5,0.9998905658721924,True
2,2,0.9996706247329712,True
12,12,0.9994785189628601,True
22,22,0.9999034404754639,True
2,2,0.9989877343177795,True
17,12,0.839375913143158,False
6,6,0.8062501549720764,True
5,8,0.4347761869430542,False
35,35,0.9995259046554565,True
27,27,0.9497787356376648,True
9,9,0.9999939203262329,True
5,5,0.9995130300521851,True
30,30,0.7111744284629822,True
13,13,0.9996836185455322,True
13,13,0.9996298551559448,True
13,13,0.9996812343597412,True
11,11,0.9999547004699707,True
38,38,0.999629020690918,True
10,10,0.9998499155044556,True
12,12,0.5873960852622986,True
8,8,0.9999200105667114,True
8,8,0.9973884224891663,True
8,4,0.5672744512557983,False
4,4,0.9998952150344849,True
38,38,0.9998164772987366,True
24,24,0.8958874344825745,True
35,35,0.9999905824661255,True
38,38,0.9999620914459229,True
17,17,0.999762237071991,True
38,38,0.999901533126831,True
10,10,0.9999158382415771,True
18,18,0.9999412298202515,True
11,11,0.999747097492218,True
25,25,0.9991519451141357,True
3,2,0.5776678919792175,False
17,17,0.8879541754722595,True
7,7,0.9999552965164185,True
35,35,0.999599277973175,True
41,9,0.9274995923042297,False
14,14,0.9980307221412659,True
3,1,0.6353182196617126,False
38,38,0.9684996008872986,True
12,12,0.9977631568908691,True
20,20,0.9998373985290527,True
38,38,0.9996802806854248,True
6,6,0.9999825954437256,True
14,14,0.9998327493667603,True
2,2,0.999085545539856,True
4,4,0.9999861717224121,True
2,2,0.9996070265769958,True
37,37,0.9939849972724915,True
12,12,0.9997949004173279,True
8,8,0.99913090467453,True
9,9,0.9999717473983765,True
38,38,0.9997249245643616,True
12,12,0.9994901418685913,True
4,4,0.9998757839202881,True
38,38,0.9975368976593018,True
9,9,0.9328079223632812,True
35,35,0.9999663829803467,True
4,4,0.9999629259109497,True
37,37,0.9214050769805908,True
21,21,0.9998899698257446,True
10,10,0.999954342842102,True
2,2,0.9998393058776855,True
16,16,0.9998401403427124,True
23,23,0.999884843826294,True
3,3,0.9998809099197388,True
2,2,0.9997022747993469,True
11,11,0.9996916055679321,True
25,25,0.9997608065605164,True
11,18,0.2978614270687103,False
1,1,0.9999642372131348,True
5,5,0.990374743938446,True
1,1,0.9998737573623657,True
35,35,0.8536331653594971,True
10,10,0.9999939203262329,True
2,2,0.9702118635177612,True
5,8,0.7363405823707581,False
1,1,0.999996542930603,True
12,12,0.9987284541130066,True
7,7,0.999812662601471,True
7,7,0.9999918937683105,True
1,1,0.9997020363807678,True
38,38,0.9989877343177795,True
17,17,0.99986732006073,True
10,10,0.9998801946640015,True
10,10,0.999923586845398,True
18,18,0.9695335626602173,True
17,17,0.5695212483406067,True
1,1,0.9999806880950928,True
1,1,0.9997016787528992,True
14,14,0.9999523162841797,True
12,12,0.9999287128448486,True
7,7,0.9999499320983887,True
4,4,0.9998077750205994,True
14,14,0.999847412109375,True
17,17,0.9995204210281372,True
38,38,0.9999294281005859,True
3,3,0.9994528889656067,True
3,3,0.9994903802871704,True
25,25,0.9965851306915283,True
25,25,0.9910444021224976,True
10,10,0.9999542236328125,True
13,13,0.999347984790802,True
8,8,0.8736574649810791,True
2,2,0.9992187023162842,True
18,18,0.9965069890022278,True
31,31,0.9997579455375671,True
14,7,0.7428383231163025,False
26,26,0.9996976852416992,True
31,31,0.45742353796958923,True
14,14,0.9997310042381287,True
14,14,0.9999203681945801,True
9,9,0.9999886751174927,True
35,35,0.9999701976776123,True
3,3,0.9998871088027954,True
33,33,0.9930135607719421,True
1,1,0.999962329864502,True
14,14,0.9995139837265015,True
25,26,0.3044770061969757,False
2,2,0.999538779258728,True
0,0,0.999250590801239,True
10,10,0.9996820688247681,True
17,17,0.9998501539230347,True
2,2,0.9998881816864014,True
25,25,0.9990560412406921,True
13,13,0.9997729659080505,True
4,4,0.9999464750289917,True
39,39,0.9988294243812561,True
5,5,0.9997989535331726,True
31,31,0.9999309778213501,True
10,10,0.9998735189437866,True
4,4,0.9997202754020691,True
4,4,0.999578058719635,True
24,24,0.9990532994270325,True
1,1,0.999835729598999,True
12,12,0.9998672008514404,True
8,8,0.9998106360435486,True
2,1,0.953011691570282,False
41,41,0.9204986095428467,True
4,4,0.9991604089736938,True
12,12,0.9996589422225952,True
12,12,0.9998503923416138,True
10,10,0.9999222755432129,True
35,35,0.9823598861694336,True
21,21,0.7785485982894897,True
22,22,0.9985955357551575,True
2,2,0.9996986389160156,True
40,28,0.448138952255249,False
6,6,0.9999382495880127,True
35,35,0.9999762773513794,True
3,3,0.9937031865119934,True
14,14,0.999940037727356,True
2,2,0.9996390342712402,True
17,17,0.9998753070831299,True
2,2,0.9997113347053528,True
17,17,0.9997605681419373,True
11,11,0.9980208873748779,True
19,19,0.974587082862854,True
33,33,0.9298795461654663,True
2,2,0.9912419319152832,True
4,4,0.9999079704284668,True
33,33,0.9999182224273682,True
28,28,0.9996271133422852,True
41,41,0.9918738007545471,True
6,6,0.999171257019043,True
28,28,0.8931586146354675,True
38,38,0.7968660593032837,True
38,38,0.9182814955711365,True
11,26,0.35068798065185547,False
7,7,0.993298351764679,True
26,12,0.7285245060920715,False
18,18,0.998044490814209,True
10,10,0.999910831451416,True
25,25,0.9994921684265137,True
13,13,0.9954356551170349,True
3,3,0.8430712819099426,True
11,11,0.9048834443092346,True
38,38,0.9990633130073547,True
35,35,0.9999767541885376,True
17,17,0.9496416449546814,True
22,22,0.9994977712631226,True
31,31,0.9999666213989258,True
18,11,0.553723931312561,False
11,11,0.9999946355819702,True
25,25,0.9993653893470764,True
25,25,0.99750155210495,True
31,31,0.9981912970542908,True
12,12,0.9987419247627258,True
30,30,0.8079793453216553,True
28,28,0.9985306262969971,True
12,12,0.9997051358222961,True
12,12,0.9979692101478577,True
31,31,0.997864305973053,True
35,35,0.9989032745361328,True
34,34,0.9999909400939941,True
28,26,0.621505081653595,False
29,29,0.999876856803894,True
10,10,0.9998824596405029,True
9,9,0.9144355058670044,True
13,13,0.9969151020050049,True
31,31,0.9991223216056824,True
10,10,0.9998049139976501,True
1,1,0.9971246123313904,True
10,10,0.9999538660049438,True
6,6,0.9848424196243286,True
11,11,0.9999761581420898,True
13,13,0.9996743202209473,True
38,38,0.9999175071716309,True
4,4,0.9999452829360962,True
13,13,0.9995437264442444,True
13,13,0.9997182488441467,True
7,7,0.9998513460159302,True
1,1,0.9999815225601196,True
18,18,0.9217830300331116,True
7,7,0.9970657229423523,True
1,1,0.5285235643386841,True
2,2,0.9954871535301208,True
31,31,0.99883633852005,True
11,11,0.9999947547912598,True
0,0,0.9992526173591614,True
11,11,0.7846943736076355,True
30,25,0.3696134686470032,False
0,0,0.9788600206375122,True
25,25,0.9999865293502808,True
18,18,0.9997239708900452,True
30,30,0.7240660786628723,True
23,23,0.9346678853034973,True
1,1,0.9999434947967529,True
1,1,0.9998562335968018,True
25,25,0.999768078327179,True
13,13,0.9987271428108215,True
10,10,0.9999788999557495,True
37,37,0.9838334918022156,True
15,15,0.9999494552612305,True
5,5,0.9733698964118958,True
11,11,0.9522456526756287,True
12,12,0.9996980428695679,True
9,9,0.9999850988388062,True
11,11,0.9999864101409912,True
5,5,0.6866737008094788,True
2,2,0.9986037611961365,True
13,13,0.9997844099998474,True
30,30,0.4929666221141815,True
25,25,0.9999759197235107,True
9,9,0.9516118764877319,True
5,5,0.9998881816864014,True
13,13,0.9998095631599426,True
20,20,0.9458349347114563,True
3,3,0.8852656483650208,True
11,18,0.648673415184021,False
10,10,0.999935507774353,True
10,10,0.999929666519165,True
14,14,0.9999281167984009,True
1,1,0.9998999834060669,True
25,25,0.9992939233779907,True
3,3,0.9999353885650635,True
10,10,0.999932050704956,True
13,13,0.9989593029022217,True
35,35,0.3539265990257263,True
18,18,0.9999920129776001,True
18,18,0.9993946552276611,True
10,10,0.9999228715896606,True
4,4,0.9984902143478394,True
26,26,0.9999675750732422,True
28,28,0.9999979734420776,True
15,15,0.9999611377716064,True
17,17,0.9998542070388794,True
17,17,0.9914855360984802,True
14,14,0.9999182224273682,True
35,35,0.9999933242797852,True
12,12,0.9995675683021545,True
7,7,0.9020980596542358,True
38,38,0.9946693778038025,True
1,1,0.9994563460350037,True
1,1,0.9984055161476135,True
41,41,0.9944037199020386,True
7,7,0.983283519744873,True
5,5,0.8282197713851929,True
20,20,0.999300479888916,True
1,1,0.9994682669639587,True
6,6,0.9979129433631897,True
2,2,0.8873956799507141,True
2,2,0.9589830040931702,True
23,23,0.8526273369789124,True
11,11,0.9802147150039673,True
12,12,0.9997501969337463,True
1,1,0.9954593777656555,True
13,13,0.9997649788856506,True
35,35,0.9998118281364441,True
15,15,0.9998170733451843,True
25,25,0.999484658241272,True
10,10,0.999962568283081,True
38,38,0.9234424233436584,True
5,5,0.9993859529495239,True
28,28,0.9999686479568481,True
9,9,0.999772846698761,True
34,34,0.9783537983894348,True
1,1,0.9989058971405029,True
38,38,0.9999788999557495,True
9,9,0.9999457597732544,True
5,5,0.9345924854278564,True
4,39,0.39087149500846863,False
16,16,0.9999897480010986,True
25,25,0.7280790209770203,True
23,23,0.9999964237213135,True
10,10,0.9999946355819702,True
0,0,0.9635903239250183,True
39,39,0.9824504256248474,True
12,12,0.9996874332427979,True
10,10,0.999962329864502,True
41,41,0.9999455213546753,True
25,25,0.996393620967865,True
33,33,0.8714200854301453,True
15,15,0.9995912909507751,True
33,33,0.9951058626174927,True
25,25,0.9999915361404419,True
27,27,0.6489654183387756,True
7,7,0.9999339580535889,True
13,13,0.9996837377548218,True
11,11,0.9997096657752991,True
1,1,0.9999940395355225,True
1,1,0.9999951124191284,True
7,7,0.9997666478157043,True
28,28,0.9993588328361511,True
17,17,0.9999617338180542,True
12,12,0.9997748732566833,True
7,7,0.9999535083770752,True
12,12,0.9997007846832275,True
31,31,0.966428816318512,True
5,5,0.9877265095710754,True
38,38,0.9992827773094177,True
13,13,0.9997624754905701,True
24,24,0.9991427659988403,True
13,13,0.9995094537734985,True
14,14,0.9979947805404663,True
10,10,0.9999418258666992,True
1,1,0.9889671206474304,True
25,25,0.9867488145828247,True
5,5,0.999625563621521,True
22,25,0.7370170950889587,False
1,1,0.999473512172699,True
15,15,0.9957375526428223,True
8,8,0.9993476271629333,True
1,1,0.998429000377655,True
25,25,0.9934467673301697,True
13,13,0.9998626708984375,True
12,12,0.9993102550506592,True
28,28,0.9389858841896057,True
41,41,0.9996905326843262,True
38,38,0.9932624697685242,True
17,12,0.8795901536941528,False
7,7,0.9988974332809448,True
33,33,0.998994767665863,True
38,38,0.9994314312934875,True
3,3,0.9948989748954773,True
28,28,0.9981521964073181,True
35,35,0.9995425939559937,True
4,4,0.9998525381088257,True
4,4,0.9995101690292358,True
2,2,0.999782145023346,True
31,31,0.9998161196708679,True
16,16,0.9926232099533081,True
12,12,0.9994161128997803,True
12,12,0.9999040365219116,True
12,12,0.9995797276496887,True
0,0,0.9948363304138184,True
2,2,0.9998457431793213,True
9,9,0.9999786615371704,True
4,4,0.9999629259109497,True
20,20,0.9652872681617737,True
31,31,0.9988059997558594,True
7,7,0.99570232629776,True
4,4,0.99988853931427,True
8,8,0.9995414018630981,True
9,9,0.9999908208847046,True
35,35,0.9999572038650513,True
13,13,0.9997795224189758,True
9,9,0.9999644756317139,True
38,38,0.5039392709732056,True
12,12,0.9998944997787476,True
7,7,0.9999666213989258,True
32,32,0.9999321699142456,True
9,9,0.9888810515403748,True
11,11,0.9792375564575195,True
7,7,0.9999470710754395,True
5,5,0.9996578693389893,True
13,13,0.9997560381889343,True
7,7,0.998773992061615,True
12,12,0.9992548823356628,True
11,11,0.9999918937683105,True
1,1,0.99998939037323,True
25,25,0.9999803304672241,True
12,12,0.9998946189880371,True
4,4,0.9998475313186646,True
17,17,0.9998421669006348,True
6,6,0.9959905743598938,True
38,38,0.9994334578514099,True
38,38,0.9996129870414734,True
12,12,0.9999610185623169,True
31,31,0.9915868043899536,True
6,6,0.9999597072601318,True
22,22,0.997184693813324,True
4,4,0.9993464350700378,True
18,11,0.8179550170898438,False
15,15,0.9997097849845886,True
1,1,0.9998425245285034,True
8,8,0.9984416365623474,True
40,40,0.9999873638153076,True
26,26,0.9999783039093018,True
9,9,0.9999651908874512,True
3,3,0.9999438524246216,True
40,40,0.9999785423278809,True
13,13,0.9996764659881592,True
8,8,0.9998527765274048,True
34,34,0.998528003692627,True
17,17,0.9998838901519775,True
36,36,0.999829888343811,True
12,12,0.9994605183601379,True
40,40,0.9999692440032959,True
38,40,0.5565301179885864,False
4,4,0.9999436140060425,True
31,31,0.9996103644371033,True
35,35,0.9703785181045532,True
31,31,0.9907270669937134,True
18,18,0.8069575428962708,True
13,13,0.9997524619102478,True
25,25,0.9913066029548645,True
1,8,0.7600221037864685,False
1,1,0.9999703168869019,True
17,17,0.9937216639518738,True
31,31,0.9998131394386292,True
16,16,0.9974368214607239,True
10,10,0.9999394416809082,True
12,12,0.9996707439422607,True
42,42,0.9958720803260803,True
9,9,0.9999542236328125,True
39,39,0.9983820915222168,True
35,34,0.6006693243980408,False
13,13,0.9996423721313477,True
10,10,0.9996126294136047,True
13,13,0.9995200634002686,True
4,4,0.9999853372573853,True
4,4,0.9999542236328125,True
25,25,0.9955720901489258,True
34,34,0.9958606362342834,True
12,12,0.9998112320899963,True
2,2,0.9999382495880127,True
8,8,0.9989628791809082,True
29,29,0.33475708961486816,True
31,31,0.9609171748161316,True
4,4,0.999932050704956,True
1,1,0.9999512434005737,True
8,8,0.9991651773452759,True
4,4,0.9999663829803467,True
30,23,0.7241384983062744,False
0,0,0.9988215565681458,True
15,15,0.9998748302459717,True
13,13,0.999531626701355,True
25,25,0.9992313385009766,True
2,2,0.999352753162384,True
4,4,0.9999179840087891,True
2,2,0.9998307228088379,True
12,12,0.9992601275444031,True
28,28,0.9973804354667664,True
11,11,0.9999985694885254,True
35,35,0.9999328851699829,True
4,4,0.9993937015533447,True
10,10,0.9999949932098389,True
38,38,0.9998637437820435,True
31,31,0.9997555613517761,True
12,12,0.9996391534805298,True
7,7,0.9999741315841675,True
16,16,0.9999023675918579,True
6,6,0.996440589427948,True
1,1,0.9999619722366333,True
21,21,0.9995788931846619,True
5,5,0.9851517081260681,True
13,13,0.9998072981834412,True
2,2,0.9874163866043091,True
38,38,0.7456961870193481,True
2,2,0.7190093994140625,True
24,24,0.9990779161453247,True
5,5,0.9997560381889343,True
34,34,0.952091634273529,True
9,9,0.9999514818191528,True
17,17,0.9996569156646729,True
26,26,0.9999085664749146,True
25,26,0.40649694204330444,False
24,24,0.9996196031570435,True
12,12,0.9997473359107971,True
17,17,0.9990983009338379,True
27,27,0.998468816280365,True
35,35,0.9994920492172241,True
29,29,0.997638463973999,True
8,8,0.999747097492218,True
31,31,0.9993675351142883,True
5,5,0.9984671473503113,True
15,15,0.9996899366378784,True
22,22,0.8186806440353394,True
10,10,0.9999829530715942,True
28,28,0.9991475343704224,True
25,25,0.999882698059082,True
12,12,0.9997697472572327,True
8,8,0.9998327493667603,True
9,9,0.9999524354934692,True
11,11,0.9998763799667358,True
1,1,0.9998636245727539,True
17,17,0.9998973608016968,True
29,29,0.9715939164161682,True
38,38,0.9997144341468811,True
2,2,0.8694145679473877,True
36,36,0.9888677000999451,True
30,30,0.9767354130744934,True
30,30,0.9997619986534119,True
1,1,0.9995673298835754,True
8,8,0.982238233089447,True
13,13,0.9997430443763733,True
38,38,0.999688982963562,True
1,1,0.8937076330184937,True
5,5,0.9924732446670532,True
29,29,0.9990366697311401,True
11,11,0.9999901056289673,True
18,18,0.572748601436615,True
11,11,0.99972003698349,True
10,10,0.9997430443763733,True
4,4,0.9999037981033325,True
15,15,0.9997362494468689,True
12,12,0.999903678894043,True
7,7,0.999649167060852,True
21,21,0.9997652173042297,True
38,38,0.9994235038757324,True
28,28,0.936036229133606,True
13,13,0.9998082518577576,True
7,7,0.9999629259109497,True
12,12,0.9997021555900574,True
10,10,0.9999352693557739,True
1,1,0.9997137188911438,True
35,35,0.9980596899986267,True
1,1,0.9996510744094849,True
8,8,0.9985688924789429,True
38,38,0.9996707439422607,True
25,25,0.9998906850814819,True
13,13,0.9997827410697937,True
15,15,0.9998258948326111,True
12,12,0.9998575448989868,True
8,8,0.999836802482605,True
17,17,0.99980229139328,True
38,38,0.9998553991317749,True
41,9,0.4660864472389221,False
31,31,0.9995704293251038,True
10,10,0.9998737573623657,True
25,25,0.9999061822891235,True
1,1,0.999945878982544,True
14,14,0.9986394047737122,True
17,17,0.9974067807197571,True
23,23,0.9999701976776123,True
10,10,0.9998369216918945,True
26,26,0.9999337196350098,True
31,20,0.28423425555229187,False
5,5,0.9044378995895386,True
36,36,0.987858772277832,True
14,7,0.4832960367202759,False
4,4,0.9999293088912964,True
4,4,0.9999591112136841,True
7,7,0.9999170303344727,True
20,28,0.49595314264297485,False
34,34,0.9998461008071899,True
1,1,0.9992135763168335,True
21,21,0.9999771118164062,True
14,14,0.9998250603675842,True
4,4,0.9999443292617798,True
13,13,0.999817430973053,True
6,6,0.9997000694274902,True
39,37,0.5944381356239319,False
11,11,0.999992847442627,True
33,33,0.9998455047607422,True
30,30,0.9207469820976257,True
2,2,0.9998272061347961,True
3,3,0.9993506073951721,True
33,33,0.9999561309814453,True
1,1,0.9993637204170227,True
40,40,0.9999706745147705,True
1,1,0.9998495578765869,True
13,13,0.9996603727340698,True
23,23,0.999953031539917,True
18,18,0.993100643157959,True
10,10,0.9998929500579834,True
35,35,0.9991143345832825,True
1,1,0.998555600643158,True
15,15,0.9999661445617676,True
21,21,0.7182610034942627,True
14,14,0.9999045133590698,True
3,3,0.99997878074646,True
35,35,0.9999744892120361,True
12,12,0.9997608065605164,True
9,9,0.9994908571243286,True
33,33,0.9999213218688965,True
17,17,0.9997913241386414,True
12,12,0.9996423721313477,True
25,25,0.9999352693557739,True
18,18,0.9999785423278809,True
4,4,0.9998087286949158,True
31,31,0.9995668530464172,True
11,26,0.5649142265319824,False
5,5,0.9997860789299011,True
29,29,0.9998155236244202,True
11,11,0.999850869178772,True
5,5,0.9923014640808105,True
14,14,0.6361972689628601,True
15,15,0.999969482421875,True
5,5,0.9885490536689758,True
38,38,0.9991254210472107,True
14,14,0.9999455213546753,True
4,4,0.9999431371688843,True
10,10,0.9999111890792847,True
12,12,0.9995796084403992,True
2,2,0.9993808269500732,True
13,13,0.9997287392616272,True
17,12,0.948094367980957,False
10,10,0.9987090826034546,True
4,4,0.9999700784683228,True
5,5,0.99980229139328,True
4,4,0.99991774559021,True
0,0,0.9740369915962219,True
8,8,0.9982424974441528,True
31,31,0.971698522567749,True
4,4,0.9994841814041138,True
41,41,0.9996115565299988,True
21,19,0.6385225057601929,False
20,20,0.9997434020042419,True
25,25,0.999180257320404,True
14,14,0.9999656677246094,True
1,1,0.9999855756759644,True
11,11,0.9998581409454346,True
21,21,0.9949835538864136,True
11,11,0.9200780391693115,True
18,18,0.9999573230743408,True
10,10,0.9999507665634155,True
5,5,0.9999145269393921,True
12,12,0.9995587468147278,True
13,13,0.9997125267982483,True
31,31,0.937173068523407,True
12,12,0.9998050332069397,True
2,2,0.8048641681671143,True
12,12,0.9999197721481323,True
13,13,0.9997596144676208,True
16,16,0.9999902248382568,True
3,3,0.9628061056137085,True
2,2,0.9996951818466187,True
10,10,0.9998955726623535,True
5,5,0.9997374415397644,True
31,31,0.9998216032981873,True
12,12,0.9998302459716797,True
14,14,0.9999831914901733,True
17,17,0.7851231098175049,True
17,17,0.9994649291038513,True
13,13,0.9998880624771118,True
17,17,0.9999715089797974,True
16,16,0.9999573230743408,True
31,31,0.9998250603675842,True
11,11,0.9999912977218628,True
26,26,0.9999833106994629,True
13,13,0.9353070259094238,True
13,13,0.9999517202377319,True
7,7,0.999298095703125,True
13,13,0.9997344613075256,True
2,2,0.9997960925102234,True
18,18,0.9999735355377197,True
8,8,0.9997608065605164,True
7,7,0.9809430241584778,True
1,1,0.999883770942688,True
9,9,0.9502427577972412,True
38,38,0.9998506307601929,True
9,9,0.9999227523803711,True
13,13,0.9995881915092468,True
13,13,0.9997045397758484,True
1,1,0.9996496438980103,True
1,1,0.9999643564224243,True
8,8,0.9998069405555725,True
2,2,0.9749954342842102,True
8,8,0.9997946619987488,True
13,13,0.9999452829360962,True
38,38,0.9997624754905701,True
7,7,0.9998997449874878,True
18,18,0.999975323677063,True
2,2,0.9992325305938721,True
14,14,0.9999485015869141,True
38,38,0.999763548374176,True
5,5,0.9637797474861145,True
38,38,0.9998044371604919,True
12,12,0.9998791217803955,True
25,25,0.999990701675415,True
5,5,0.9987490177154541,True
25,25,0.9997225403785706,True
11,25,0.37412044405937195,False
18,18,0.5957235097885132,True
5,5,0.9999253749847412,True
14,14,0.9999009370803833,True
12,12,0.9998639822006226,True
13,13,0.9997429251670837,True
5,5,0.9882515072822571,True
13,13,0.9997439980506897,True
9,9,0.9999542236328125,True
11,11,0.9993659853935242,True
25,25,0.9998425245285034,True
7,7,0.9998809099197388,True
12,12,0.9992952346801758,True
35,35,0.9999822378158569,True
15,15,0.999901533126831,True
1,1,0.9830731153488159,True
3,3,0.9883806705474854,True
31,31,0.9991075396537781,True
17,12,0.8390424251556396,False
13,13,0.9997175335884094,True
6,6,0.7418909072875977,True
8,8,0.9996585845947266,True
25,25,0.9986419081687927,True
4,4,0.9999583959579468,True
38,38,0.9996979236602783,True
18,18,0.9999306201934814,True
10,10,0.9995030164718628,True
36,36,0.9974802136421204,True
17,12,0.4545326232910156,False
13,13,0.9997082352638245,True
8,8,0.9986804127693176,True
12,12,0.9992157220840454,True
4,4,0.9500998258590698,True
1,1,0.9880781769752502,True
2,2,0.9925520420074463,True
5,5,0.9998492002487183,True
17,17,0.9997895359992981,True
9,9,0.9999785423278809,True
25,25,0.9999864101409912,True
29,29,0.9969492554664612,True
35,35,0.9996343851089478,True
29,29,0.9972656965255737,True
35,35,0.9990328550338745,True
15,15,0.9993958473205566,True
2,2,0.9994983673095703,True
35,35,0.9999669790267944,True
11,11,0.9998874664306641,True
28,28,0.9791218638420105,True
26,26,0.9999758005142212,True
23,30,0.5470873117446899,False
3,3,0.999605119228363,True
35,35,0.9999810457229614,True
25,25,0.9916285276412964,True
38,38,0.9998666048049927,True
1,1,0.9997280240058899,True
15,24,0.19647756218910217,False
9,9,0.9999454021453857,True
11,11,0.9999580383300781,True
7,7,0.999996542930603,True
9,9,0.9999924898147583,True
38,38,0.999908447265625,True
20,20,0.999146580696106,True
39,39,0.9888589382171631,True
26,26,0.7333801984786987,True
13,13,0.9994290471076965,True
42,42,0.5962345004081726,True
11,11,0.9999696016311646,True
12,12,0.9995336532592773,True
38,38,0.9995088577270508,True
7,7,0.814774751663208,True
3,3,0.9991726279258728,True
10,10,0.9997962117195129,True
8,3,0.6458162069320679,False
35,35,0.9997519850730896,True
4,4,0.8153150081634521,True
5,5,0.9997629523277283,True
5,5,0.9982900023460388,True
9,9,0.9999480247497559,True
35,35,0.9992759823799133,True
31,31,0.998674750328064,True
24,24,0.9994646906852722,True
0,0,0.9759052395820618,True
0,4,0.8038789629936218,False
8,8,0.9992444515228271,True
41,9,0.9824371933937073,False
1,1,0.9877187013626099,True
1,1,0.9976503252983093,True
4,4,0.9998785257339478,True
7,7,0.999977707862854,True
25,25,0.999500036239624,True
12,12,0.9992527365684509,True
33,33,0.9949325919151306,True
14,14,0.9996166229248047,True
2,2,0.9999438524246216,True
15,15,0.9993395209312439,True
9,9,0.9999266862869263,True
12,12,0.9965092539787292,True
1,1,0.9998977184295654,True
11,11,0.9999669790267944,True
33,33,0.9999618530273438,True
4,4,0.9999152421951294,True
1,1,0.9999394416809082,True
18,18,0.9995899796485901,True
13,13,0.9997956156730652,True
12,12,0.9999654293060303,True
13,13,0.9989043474197388,True
2,2,0.9960852861404419,True
13,13,0.9985986351966858,True
10,10,0.9998924732208252,True
36,36,0.9994320273399353,True
10,10,0.9999959468841553,True
38,38,0.9615803956985474,True
3,3,0.990018367767334,True
11,11,0.9999691247940063,True
38,38,0.9998438358306885,True
15,15,0.9999885559082031,True
30,30,0.42412564158439636,True
18,18,0.9999244213104248,True
35,35,0.9997606873512268,True
5,5,0.9994792342185974,True
9,9,0.9998481273651123,True
18,18,0.9999644756317139,True
8,8,0.9996424913406372,True
12,12,0.9998036026954651,True
15,15,0.995998740196228,True
5,5,0.9909442663192749,True
1,1,0.9972293972969055,True
35,35,0.9671237468719482,True
4,4,0.9984517097473145,True
25,25,0.9983713030815125,True
5,5,0.9964137673377991,True
2,2,0.9996213912963867,True
30,30,0.6720847487449646,True
12,12,0.9991924166679382,True
8,8,0.9998601675033569,True
1,1,0.9999743700027466,True
1,1,0.999982476234436,True
4,4,0.9999473094940186,True
4,4,0.9958802461624146,True
9,9,0.9999817609786987,True
17,17,0.9999371767044067,True
4,4,0.9999322891235352,True
10,10,0.9998965263366699,True
17,17,0.9998469352722168,True
38,38,0.9995488524436951,True
2,2,0.9996465444564819,True
2,2,0.9998549222946167,True
39,39,0.999072790145874,True
1,1,0.9997016787528992,True
21,23,0.7428745031356812,False
15,15,0.9997532963752747,True
10,10,0.9999936819076538,True
4,4,0.9999083280563354,True
3,3,0.9996272325515747,True
13,13,0.9997642636299133,True
5,5,0.9992526173591614,True
9,9,0.9999247789382935,True
3,3,0.9588889479637146,True
18,18,0.9610272645950317,True
6,6,0.9901729822158813,True
7,7,0.9998915195465088,True
12,12,0.9995519518852234,True
42,42,0.9747119545936584,True
19,19,0.9796816110610962,True
11,18,0.3314850926399231,False
17,17,0.9984184503555298,True
1,1,0.9999773502349854,True
33,33,0.9996805191040039,True
8,8,0.999907374382019,True
31,31,0.9999575614929199,True
31,31,0.9998739957809448,True
5,5,0.7887935638427734,True
1,1,0.9988327622413635,True
12,12,0.9998757839202881,True
28,28,0.9984824061393738,True
5,5,0.9998576641082764,True
12,12,0.9999526739120483,True
8,8,0.9995537400245667,True
20,20,0.9969822764396667,True
10,10,0.9997957348823547,True
10,10,0.9999630451202393,True
8,8,0.9998928308486938,True
8,8,0.9991452693939209,True
0,0,0.9765363931655884,True
5,5,0.9991957545280457,True
7,7,0.9999511241912842,True
20,20,0.9990645051002502,True
33,33,0.9999278783798218,True
10,10,0.9999370574951172,True
5,5,0.9997802376747131,True
12,12,0.9997802376747131,True
38,38,0.5425989031791687,True
21,21,0.5101155042648315,True
2,2,0.9998804330825806,True
7,7,0.9995054006576538,True
5,5,0.9971336126327515,True
2,2,0.9997733235359192,True
17,17,0.9996236562728882,True
3,3,0.9559377431869507,True
17,17,0.9995824694633484,True
12,12,0.9997875094413757,True
31,31,0.7986394762992859,True
25,25,0.9999485015869141,True
18,18,0.9997897744178772,True
2,2,0.9998302459716797,True
27,27,0.857133686542511,True
3,3,0.9982510209083557,True
37,37,0.9998940229415894,True
9,9,0.9999948740005493,True
38,38,0.9708213210105896,True
5,5,0.9996472597122192,True
38,38,0.9994971752166748,True
8,8,0.9995695948600769,True
13,13,0.9998778104782104,True
10,10,0.9999829530715942,True
14,7,0.30631905794143677,False
12,12,0.9998922348022461,True
17,17,0.9999539852142334,True
31,31,0.9994331002235413,True
26,26,0.9997720122337341,True
33,33,0.9998098015785217,True
38,38,0.9994919300079346,True
17,17,0.9959115982055664,True
12,12,0.9998481273651123,True
2,2,0.9996848106384277,True
2,2,0.9892125129699707,True
13,13,0.9998416900634766,True
1,1,0.9970741271972656,True
21,11,0.9336957335472107,False
2,2,0.9999700784683228,True
10,10,0.9999626874923706,True
9,9,0.9999847412109375,True
33,33,0.9997240900993347,True
5,5,0.9935672879219055,True
13,13,0.9997716546058655,True
1,1,0.999924898147583,True
4,4,0.99994957447052,True
8,8,0.9537864327430725,True
2,2,0.9997653365135193,True
36,36,0.987919807434082,True
12,12,0.9996497631072998,True
38,40,0.9763619303703308,False
4,4,0.999942421913147,True
34,34,0.9810172915458679,True
12,12,0.9998041987419128,True
42,42,0.999843955039978,True
5,5,0.95624840259552,True
2,2,0.9996896982192993,True
1,1,0.9999856948852539,True
22,22,0.9983371496200562,True
25,25,0.9923072457313538,True
28,28,0.9999234676361084,True
3,3,0.9764469861984253,True
0,8,0.7917311191558838,False
2,2,0.9988773465156555,True
2,2,0.9852198362350464,True
17,17,0.9997014403343201,True
12,12,0.9997207522392273,True
30,29,0.9192366600036621,False
31,31,0.999336302280426,True
30,28,0.4009668529033661,False
0,0,0.9226056933403015,True
1,1,0.9999709129333496,True
35,35,0.9997902512550354,True
40,40,0.9905872941017151,True
2,2,0.9997445940971375,True
10,10,0.9999130964279175,True
10,10,0.9999839067459106,True
7,7,0.9981504082679749,True
9,9,0.9999868869781494,True
4,4,0.9995843768119812,True
34,34,0.9999308586120605,True
5,5,0.9985945820808411,True
7,7,0.999971866607666,True
30,30,0.9392005801200867,True
12,12,0.9998888969421387,True
13,13,0.9935289025306702,True
35,35,0.9999204874038696,True
28,28,0.9304040670394897,True
12,12,0.9998224377632141,True
35,35,0.9997777342796326,True
10,5,0.35870832204818726,False
12,12,0.9992720484733582,True
8,3,0.5535237193107605,False
18,27,0.5318100452423096,False
5,5,0.9998645782470703,True
1,1,0.9998941421508789,True
5,5,0.9998083710670471,True
1,1,0.9671326875686646,True
2,2,0.9991776347160339,True
2,2,0.9996459484100342,True
12,12,0.9996691942214966,True
3,5,0.8830307126045227,False
7,7,0.9954516291618347,True
16,16,0.9816754460334778,True
2,2,0.9998284578323364,True
7,7,0.999916672706604,True
14,14,0.998768150806427,True
18,18,0.9999181032180786,True
38,38,0.9997171759605408,True
25,25,0.9999808073043823,True
2,2,0.9759824275970459,True
18,18,0.9992019534111023,True
9,9,0.9999668598175049,True
36,36,0.9997745156288147,True
9,9,0.9999711513519287,True
25,25,0.999194324016571,True
5,5,0.9991115927696228,True
5,5,0.999472439289093,True
5,2,0.9625155329704285,False
3,3,0.9922162294387817,True
27,27,0.8313090205192566,True
13,13,0.9995384216308594,True
1,1,0.9999545812606812,True
25,25,0.9998782873153687,True
25,25,0.852364718914032,True
8,8,0.999366819858551,True
10,10,0.9998076558113098,True
25,25,0.999981164932251,True
0,0,0.999862551689148,True
31,31,0.9998039603233337,True
9,9,0.9998904466629028,True
2,2,0.9999269247055054,True
2,2,0.999600350856781,True
8,8,0.8692171573638916,True
4,4,0.9996674060821533,True
13,13,0.9998986721038818,True
7,7,0.9999147653579712,True
30,30,0.6502370238304138,True
5,5,0.9987555742263794,True
15,15,0.9998175501823425,True
12,12,0.9994437098503113,True
17,17,0.9996899366378784,True
1,1,0.9999716281890869,True
27,28,0.7532111406326294,False
7,7,0.999589741230011,True
24,24,0.9981348514556885,True
3,3,0.7459923028945923,True
3,3,0.9993979930877686,True
10,10,0.9999948740005493,True
26,26,0.9994877576828003,True
38,38,0.9999309778213501,True
10,10,0.9999512434005737,True
12,12,0.9999599456787109,True
2,2,0.9999614953994751,True
10,10,0.9999473094940186,True
3,3,0.9998297691345215,True
5,1,0.918545663356781,False
1,1,0.9999589920043945,True
12,12,0.9994562268257141,True
4,26,0.34113284945487976,False
29,29,0.49866828322410583,True
34,34,0.9999451637268066,True
1,1,0.9997369647026062,True
0,0,0.9906666874885559,True
4,4,0.9999502897262573,True
35,35,0.9999773502349854,True
4,4,0.9984384179115295,True
5,5,0.9997357726097107,True
13,13,0.9989269375801086,True
33,33,0.999314546585083,True
37,37,0.9831587076187134,True
37,37,0.9985342025756836,True
38,38,0.879422128200531,True
33,33,0.9998315572738647,True
38,38,0.9998961687088013,True
21,21,0.9242555499076843,True
31,31,0.9999475479125977,True
11,11,0.9777663946151733,True
19,19,0.9795596599578857,True
38,38,0.9996927976608276,True
4,4,0.9996614456176758,True
12,12,0.9998101592063904,True
8,8,0.9998997449874878,True
24,24,0.9943739175796509,True
12,12,0.9996476173400879,True
2,2,0.9999721050262451,True
13,13,0.9998449087142944,True
7,7,0.8511190414428711,True
7,7,0.9976071119308472,True
1,1,0.9999679327011108,True
9,9,0.9997429251670837,True
38,38,0.9994580149650574,True
26,26,0.8270581960678101,True
20,20,0.9141840934753418,True
33,33,0.9790000319480896,True
35,35,0.999637246131897,True
25,25,0.9999244213104248,True
30,30,0.9713606238365173,True
8,8,0.999758780002594,True
2,2,0.9997089505195618,True
28,28,0.9997915625572205,True
19,19,0.9967893958091736,True
5,5,0.9971883893013,True
39,39,0.9398896098136902,True
2,2,0.9999289512634277,True
4,4,0.9998668432235718,True
35,35,0.9999663829803467,True
12,12,0.9996299743652344,True
4,4,0.7522937655448914,True
10,10,0.9999279975891113,True
25,29,0.4079650640487671,False
8,8,0.9997072815895081,True
4,4,0.9989421963691711,True
4,4,0.9999649524688721,True
38,38,0.9998986721038818,True
1,1,0.999923586845398,True
37,37,0.634803831577301,True
5,5,0.9968486428260803,True
10,10,0.9999805688858032,True
1,1,0.9998948574066162,True
6,6,0.9999096393585205,True
6,6,0.9999454021453857,True
38,38,0.9996455907821655,True
12,12,0.9994524121284485,True
33,33,0.9973467588424683,True
40,40,0.3702862560749054,True
1,1,0.9124541282653809,True
10,10,0.9994361996650696,True
4,4,0.999951958656311,True
25,25,0.9982190728187561,True
18,18,0.9793915152549744,True
4,4,0.9907251000404358,True
9,9,0.9999955892562866,True
39,39,0.9961451292037964,True
10,10,0.9999053478240967,True
7,7,0.9999855756759644,True
6,6,0.996987521648407,True
7,7,0.9801785349845886,True
1,1,0.999954342842102,True
10,10,0.9998760223388672,True
12,12,0.999812662601471,True
13,13,0.999893307685852,True
2,2,0.9998784065246582,True
2,2,0.9990683197975159,True
22,22,0.9993841648101807,True
6,6,0.999681830406189,True
10,10,0.9998805522918701,True
11,11,0.9998002648353577,True
12,12,0.9998818635940552,True
21,21,0.811365008354187,True
11,11,0.9990039467811584,True
38,38,0.9976317882537842,True
5,5,0.9999459981918335,True
4,4,0.9999231100082397,True
31,31,0.9994291663169861,True
27,27,0.9989770650863647,True
26,26,0.999909520149231,True
26,26,0.9991495609283447,True
33,33,0.9854868650436401,True
4,4,0.9997861981391907,True
25,25,0.9328535199165344,True
7,7,0.9999439716339111,True
1,1,0.9999433755874634,True
2,2,0.999812662601471,True
39,39,0.9969213008880615,True
38,38,0.9877332448959351,True
38,38,0.9998897314071655,True
40,40,0.9999531507492065,True
38,38,0.999593198299408,True
3,3,0.9858705401420593,True
5,5,0.9999287128448486,True
13,13,0.9999271631240845,True
11,11,0.9999573230743408,True
16,16,0.9876164793968201,True
7,7,0.9996432065963745,True
36,36,0.9999581575393677,True
22,22,0.9806296229362488,True
14,14,0.9996711015701294,True
7,7,0.9998306035995483,True
3,3,0.9947191476821899,True
4,2,0.4452662765979767,False
4,4,0.9975960850715637,True
25,25,0.9999822378158569,True
26,26,0.9998992681503296,True
0,0,0.8733673691749573,True
18,18,0.996684730052948,True
5,5,0.9992445707321167,True
9,9,0.9998389482498169,True
3,3,0.9993461966514587,True
21,21,0.9947201013565063,True
19,19,0.9017520546913147,True
12,12,0.9999037981033325,True
1,1,0.8395944237709045,True
1,1,0.999826967716217,True
7,7,0.9939814209938049,True
14,14,0.9999217987060547,True
7,7,0.9997332692146301,True
7,7,0.9978615641593933,True
13,13,0.9996956586837769,True
4,4,0.9998972415924072,True
13,13,0.9996790885925293,True
18,18,0.9593316316604614,True
4,4,0.9953959584236145,True
38,38,0.9995443224906921,True
12,12,0.999671459197998,True
12,12,0.9998723268508911,True
13,13,0.9989622831344604,True
2,2,0.9998455047607422,True
17,17,0.9998008608818054,True
17,17,0.9997647404670715,True
1,1,0.9999949932098389,True
26,26,0.9986705780029297,True
19,19,0.9961704611778259,True
7,7,0.7123963236808777,True
18,18,0.9982346296310425,True
14,14,0.9996229410171509,True
4,4,0.9984990358352661,True
1,1,0.9995396137237549,True
7,7,0.9938938021659851,True
8,8,0.9998633861541748,True
20,20,0.9968569278717041,True
10,10,0.9999281167984009,True
16,16,0.9999969005584717,True
28,26,0.5545703768730164,False
5,2,0.7401066422462463,False
17,17,0.31784123182296753,True
25,25,0.9997574687004089,True
12,12,0.9997984766960144,True
38,38,0.999150276184082,True
3,3,0.9957571625709534,True
28,28,0.9999710321426392,True
13,13,0.999881386756897,True
31,31,0.9999737739562988,True
36,36,0.9998608827590942,True
13,13,0.9998040795326233,True
15,15,0.9998939037322998,True
38,38,0.9999070167541504,True
25,25,0.9998201727867126,True
18,18,0.9999486207962036,True
4,4,0.9999599456787109,True
11,11,0.9998039603233337,True
25,25,0.9383271336555481,True
2,2,0.9998476505279541,True
38,38,0.9998431205749512,True
23,23,0.8854880332946777,True
8,8,0.9987012147903442,True
10,10,0.9999568462371826,True
7,7,0.8096392750740051,True
15,15,0.9992761015892029,True
31,31,0.9995893836021423,True
4,4,0.9999608993530273,True
39,39,0.9876213669776917,True
25,27,0.4800136387348175,False
0,0,0.5028475522994995,True
25,25,0.9999765157699585,True
17,17,0.9996422529220581,True
38,38,0.9999351501464844,True
16,16,0.9999617338180542,True
10,10,0.9999692440032959,True
1,1,0.9999743700027466,True
7,7,0.999886155128479,True
4,2,0.24321302771568298,False
17,17,0.9998923540115356,True
10,10,0.999835729598999,True
9,9,0.9999688863754272,True
25,25,0.999470055103302,True
4,4,0.999958872795105,True
17,17,0.9999510049819946,True
13,13,0.9998910427093506,True
18,18,0.9503234624862671,True
5,2,0.9781569838523865,False
5,5,0.7968147397041321,True
5,5,0.958892822265625,True
10,10,0.9999078512191772,True
25,25,0.999872088432312,True
7,7,0.9907059073448181,True
10,10,0.9999173879623413,True
11,25,0.50661700963974,False
11,11,0.9905930161476135,True
42,42,0.924270510673523,True
13,13,0.9998681545257568,True
2,2,0.9999556541442871,True
4,4,0.9999592304229736,True
4,4,0.9784392714500427,True
2,2,0.9635297060012817,True
22,22,0.9996757507324219,True
35,35,0.8707528114318848,True
17,17,0.9996849298477173,True
4,4,0.8158246874809265,True
7,7,0.9999781847000122,True
8,8,0.9998002648353577,True
30,29,0.697843074798584,False
7,7,0.9999699592590332,True
10,10,0.9999494552612305,True
5,5,0.9993922710418701,True
10,10,0.9999076128005981,True
10,10,0.9999195337295532,True
4,4,0.9996640682220459,True
5,5,0.986724317073822,True
7,7,0.9998038411140442,True
11,11,0.9833626747131348,True
3,3,0.9998506307601929,True
12,12,0.9997621178627014,True
38,38,0.9997642636299133,True
13,13,0.9998278617858887,True
9,9,0.9425380229949951,True
11,11,0.9999954700469971,True
29,12,0.5379029512405396,False
7,7,0.9997522234916687,True
3,3,0.9998875856399536,True
2,2,0.9994811415672302,True
12,12,0.997011661529541,True
22,22,0.9990723133087158,True
10,10,0.9999444484710693,True
13,13,0.9996664524078369,True
38,38,0.998945415019989,True
7,7,0.9994550347328186,True
14,14,0.9994813799858093,True
33,33,0.9994274377822876,True
3,3,0.9991379976272583,True
4,4,0.9996541738510132,True
15,15,0.9999369382858276,True
1,1,0.999954104423523,True
9,9,0.9999656677246094,True
9,9,0.9999940395355225,True
11,11,0.9558678269386292,True
32,32,0.5512327551841736,True
39,39,0.9997001886367798,True
38,38,0.9996821880340576,True
12,12,0.9992685914039612,True
4,4,0.9999392032623291,True
3,3,0.9990649819374084,True
1,2,0.9982473850250244,False
14,14,0.9996918439865112,True
15,15,0.9993560910224915,True
38,38,0.9995762705802917,True
33,33,0.9998975992202759,True
27,27,0.9995967745780945,True
18,18,0.9999579191207886,True
10,10,0.9999778270721436,True
13,13,0.9991223216056824,True
18,18,0.9868335127830505,True
2,2,0.9998700618743896,True
31,31,0.9947459697723389,True
18,18,0.891383707523346,True
11,11,0.9890430569648743,True
1,1,0.9999229907989502,True
19,19,0.9508731961250305,True
1,1,0.999976396560669,True
38,38,0.9994220733642578,True
18,18,0.9995410442352295,True
24,24,0.9729828834533691,True
3,3,0.999887228012085,True
11,11,0.9999574422836304,True
1,1,0.9994725584983826,True
4,4,0.978132963180542,True
40,40,0.6644810438156128,True
7,7,0.9994297623634338,True
25,25,0.9965782761573792,True
31,31,0.9996258020401001,True
29,29,0.9961875081062317,True
7,8,0.9997283816337585,False
35,35,0.9999909400939941,True
10,10,0.9999560117721558,True
5,5,0.9987803101539612,True
12,12,0.99968421459198,True
16,16,0.9995694756507874,True
8,8,0.9995877146720886,True
13,13,0.9996387958526611,True
17,17,0.9995317459106445,True
10,10,0.9997174143791199,True
14,14,0.9995689988136292,True
23,23,0.9977425336837769,True
8,8,0.9996194839477539,True
17,17,0.99997878074646,True
9,9,0.9890937805175781,True
25,25,0.9999281167984009,True
1,1,0.9998061060905457,True
1,1,0.9992918968200684,True
38,38,0.9999160766601562,True
12,12,0.9993616938591003,True
31,20,0.5303422808647156,False
10,10,0.9999741315841675,True
31,31,0.9994742274284363,True
5,5,0.9998180270195007,True
10,10,0.9999818801879883,True
2,2,0.9998785257339478,True
34,34,0.9998610019683838,True
35,35,0.999981164932251,True
11,11,0.9998378753662109,True
42,42,0.9891217350959778,True
39,39,0.9454824924468994,True
8,8,0.9998712539672852,True
5,2,0.31806495785713196,False
38,38,0.9997691512107849,True
7,7,0.9999005794525146,True
10,10,0.9999098777770996,True
2,2,0.9998860359191895,True
9,9,0.9999620914459229,True
13,13,0.9995936751365662,True
10,10,0.9996672868728638,True
14,7,0.42357465624809265,False
25,25,0.9999746084213257,True
19,19,0.9653570055961609,True
5,5,0.9947198629379272,True
8,8,0.9996089339256287,True
31,31,0.9983375072479248,True
13,13,0.9998469352722168,True
9,9,0.9999488592147827,True
40,40,0.9896434545516968,True
16,16,0.9999516010284424,True
30,30,0.6529483795166016,True
18,18,0.9999667406082153,True
9,9,0.9997237324714661,True
2,2,0.9999207258224487,True
17,17,0.9998282194137573,True
25,25,0.9998927116394043,True
2,2,0.9998241066932678,True
7,7,0.9997832179069519,True
25,25,0.9997512698173523,True
5,5,0.9995463490486145,True
12,12,0.9996602535247803,True
14,14,0.9995367527008057,True
11,11,0.9988079071044922,True
39,39,0.9995321035385132,True
7,1,0.5239466428756714,False
10,10,0.9999840259552002,True
13,13,0.9998185038566589,True
9,9,0.9998167157173157,True
15,15,0.999674916267395,True
7,7,0.9944077730178833,True
10,10,0.9958304762840271,True
13,13,0.9997355341911316,True
35,35,0.9999915361404419,True
4,4,0.9999947547912598,True
32,32,0.9989163875579834,True
23,20,0.9933521747589111,False
38,38,0.9999111890792847,True
40,40,0.9987899661064148,True
35,35,0.9999121427536011,True
2,2,0.9949422478675842,True
12,12,0.9933016300201416,True
2,2,0.9920044541358948,True
30,29,0.952994167804718,False
1,1,0.9999512434005737,True
25,25,0.9997825026512146,True
1,1,0.9999877214431763,True
35,35,0.9994039535522461,True
2,2,0.987991988658905,True
39,39,0.9992232322692871,True
2,2,0.9998220801353455,True
3,5,0.8597956895828247,False
4,4,0.9999676942825317,True
26,26,0.9998546838760376,True
12,12,0.9999409914016724,True
4,4,0.9999598264694214,True
3,3,0.9999781847000122,True
35,35,0.9999758005142212,True
26,26,0.9991139769554138,True
14,14,0.9983178377151489,True
18,18,0.9998482465744019,True
1,1,0.9990363121032715,True
5,5,0.997454822063446,True
13,13,0.99925297498703,True
1,1,0.9995926022529602,True
2,2,0.999880313873291,True
35,35,0.9970472455024719,True
9,9,0.9999852180480957,True
29,29,0.988989531993866,True
1,1,0.9999856948852539,True
38,38,0.9988659620285034,True
18,18,0.9999337196350098,True
3,3,0.9988204836845398,True
3,3,0.9994742274284363,True
4,4,0.9999091625213623,True
17,17,0.9998407363891602,True
12,12,0.999873161315918,True
26,26,0.9999793767929077,True
28,24,0.6354305744171143,False
33,33,0.9999021291732788,True
42,41,0.8063164949417114,False
25,25,0.9996533393859863,True
13,13,0.99997878074646,True
9,9,0.9999548196792603,True
18,18,0.5989029407501221,True
6,6,0.9995868802070618,True
2,2,0.9982932209968567,True
3,3,0.9994807839393616,True
13,13,0.9997513890266418,True
11,11,0.793287456035614,True
38,38,0.9999407529830933,True
18,18,0.9990648627281189,True
3,3,0.998802661895752,True
12,12,0.9998923540115356,True
32,32,0.5797629952430725,True
13,13,0.9996366500854492,True
2,2,0.9992569088935852,True
35,35,0.999817430973053,True
13,13,0.9998351335525513,True
5,5,0.9996155500411987,True
10,10,0.999914288520813,True
27,27,0.9996540546417236,True
35,35,0.9996612071990967,True
17,17,0.8138101100921631,True
1,1,0.9999351501464844,True
29,29,0.9991517066955566,True
35,35,0.9999865293502808,True
2,2,0.9995428323745728,True
25,25,0.9997443556785583,True
14,14,0.9995242357254028,True
8,8,0.9985160231590271,True
2,2,0.9992936849594116,True
14,14,0.9999032020568848,True
38,38,0.9998252987861633,True
8,8,0.9997079968452454,True
27,25,0.4992568790912628,False
9,9,0.9999632835388184,True
10,10,0.9984812140464783,True
3,3,0.9996339082717896,True
13,13,0.9997795224189758,True
38,38,0.9968435764312744,True
36,36,0.9999324083328247,True
11,11,0.9999856948852539,True
13,13,0.9996839761734009,True
24,24,0.9985619187355042,True
10,10,0.9999823570251465,True
19,19,0.705075204372406,True
25,25,0.9999737739562988,True
10,10,0.9998689889907837,True
11,11,0.9999507665634155,True
16,16,0.9999598264694214,True
13,13,0.951398491859436,True
16,16,0.999935507774353,True
15,15,0.9991176724433899,True
1,1,0.9999091625213623,True
28,28,0.9999744892120361,True
12,12,0.9999138116836548,True
4,4,0.9996711015701294,True
14,14,0.9997414946556091,True
10,10,0.9999200105667114,True
10,10,0.9999973773956299,True
12,12,0.999617338180542,True
5,5,0.999636173248291,True
2,2,0.9999271631240845,True
13,13,0.9997145533561707,True
1,1,0.9995290040969849,True
13,13,0.9995071887969971,True
9,9,0.9997784495353699,True
9,9,0.9999141693115234,True
2,2,0.9042520523071289,True
10,10,0.999954104423523,True
23,23,0.4314296245574951,True
10,10,0.9997885823249817,True
22,25,0.8117406964302063,False
13,13,0.9997336268424988,True
2,2,0.9981354475021362,True
1,1,0.9999845027923584,True
7,7,0.9997190833091736,True
5,5,0.9979251623153687,True
18,24,0.5508589744567871,False
12,12,0.9998636245727539,True
5,5,0.9996090531349182,True
2,2,0.9996733665466309,True
25,25,0.9999929666519165,True
1,1,0.9999922513961792,True
38,38,0.9978221654891968,True
35,35,0.6348447799682617,True
25,25,0.7711389660835266,True
38,38,0.996551513671875,True
1,1,0.9979245662689209,True
14,14,0.9991348385810852,True
5,5,0.9905979037284851,True
35,35,0.9969843029975891,True
14,7,0.28463277220726013,False
15,15,0.998961329460144,True
15,15,0.9999004602432251,True
4,4,0.8907293081283569,True
9,9,0.9999562501907349,True
10,10,0.9999063014984131,True
1,1,0.9961456060409546,True
1,1,0.997379720211029,True
38,38,0.9031156897544861,True
12,12,0.9994807839393616,True
39,39,0.9970473647117615,True
12,12,0.9998083710670471,True
40,40,0.9813985228538513,True
16,16,0.9999539852142334,True
15,15,0.9995500445365906,True
18,18,0.9999688863754272,True
17,17,0.9999164342880249,True
39,39,0.9626312255859375,True
5,5,0.9998503923416138,True
22,23,0.9838532209396362,False
3,3,0.9602590799331665,True
3,3,0.9999810457229614,True
25,25,0.9952720999717712,True
38,38,0.9997261166572571,True
2,2,0.999717652797699,True
13,13,0.9996147155761719,True
12,12,0.9999165534973145,True
14,14,0.9992870688438416,True
13,13,0.9999340772628784,True
38,38,0.9990035891532898,True
4,4,0.9999598264694214,True
10,10,0.9999366998672485,True
38,38,0.9997783303260803,True
2,2,0.9999607801437378,True
18,11,0.2842746078968048,False
4,4,0.9999532699584961,True
25,25,0.8827592730522156,True
18,18,0.9413946866989136,True
2,2,0.9997842907905579,True
3,3,0.9997931122779846,True
13,13,0.9997842907905579,True
28,28,0.998508870601654,True
5,5,0.9857842326164246,True
38,38,0.9997579455375671,True
4,4,0.9998675584793091,True
34,34,0.9993859529495239,True
5,5,0.9719844460487366,True
11,11,0.929039478302002,True
11,11,0.9999912977218628,True
18,18,0.9995385408401489,True
28,28,0.9979777932167053,True
17,17,0.9998075366020203,True
1,1,0.999992847442627,True
10,10,0.9999566078186035,True
12,12,0.9998810291290283,True
3,3,0.998630702495575,True
38,38,0.9997380375862122,True
23,23,0.9999899864196777,True
13,13,0.9996591806411743,True
4,4,0.9999464750289917,True
16,16,0.9999717473983765,True
26,26,0.9999065399169922,True
8,8,0.9900360107421875,True
4,4,0.9999111890792847,True
13,13,0.999800980091095,True
18,11,0.5538460612297058,False
38,38,0.9997954964637756,True
12,12,0.9620091319084167,True
35,35,0.9999501705169678,True
7,7,0.9999529123306274,True
10,10,0.9999914169311523,True
7,7,0.9986395239830017,True
1,1,0.9999761581420898,True
4,4,0.9994516968727112,True
20,20,0.9970327615737915,True
14,14,0.9998841285705566,True
13,13,0.9998884201049805,True
2,2,0.9995293617248535,True
17,12,0.4557691514492035,False
13,13,0.9995872378349304,True
36,36,0.9970672726631165,True
1,1,0.9999847412109375,True
38,38,0.9999227523803711,True
3,3,0.9901157021522522,True
13,13,0.9998363256454468,True
35,35,0.9999731779098511,True
2,2,0.9999421834945679,True
18,18,0.9999830722808838,True
13,13,0.9993170499801636,True
12,12,0.9998692274093628,True
2,2,0.9987881779670715,True
1,1,0.9997569918632507,True
11,11,0.9999282360076904,True
5,5,0.9997997879981995,True
13,13,0.9997974038124084,True
10,10,0.999955415725708,True
38,38,0.9995487332344055,True
25,25,0.9999617338180542,True
14,14,0.999968409538269,True
5,5,0.9995137453079224,True
1,1,0.9999544620513916,True
9,9,0.9998788833618164,True
17,17,0.49300533533096313,True
40,40,0.9999837875366211,True
12,12,0.9995017051696777,True
4,4,0.9997209906578064,True
31,31,0.9947094917297363,True
40,40,0.9999872446060181,True
26,26,0.9999046325683594,True
2,2,0.9999594688415527,True
6,6,0.9778029918670654,True
1,1,0.9999685287475586,True
11,11,0.9985384941101074,True
26,26,0.9999762773513794,True
35,35,0.9990787506103516,True
9,9,0.9999401569366455,True
3,3,0.9991594552993774,True
14,14,0.9994575381278992,True
27,27,0.8117687702178955,True
38,38,0.9995622038841248,True
5,5,0.9999330043792725,True
4,4,0.9998682737350464,True
2,2,0.9995015859603882,True
38,38,0.9946097135543823,True
18,18,0.9062029123306274,True
4,4,0.9999768733978271,True
38,38,0.9998688697814941,True
38,38,0.9986414313316345,True
3,3,0.99972003698349,True
12,12,0.9998356103897095,True
1,1,0.9999748468399048,True
20,20,0.9387070536613464,True
5,5,0.9991325736045837,True
40,40,0.9989386200904846,True
2,2,0.9998292922973633,True
38,38,0.9987525939941406,True
26,26,0.9998430013656616,True
1,1,0.999893069267273,True
12,12,0.9997485280036926,True
5,5,0.9997219443321228,True
3,3,0.9979744553565979,True
4,4,0.9999783039093018,True
15,15,0.9998759031295776,True
13,13,0.9996675252914429,True
38,38,0.9997231364250183,True
1,1,0.9999881982803345,True
38,38,0.9993147850036621,True
3,3,0.9915590286254883,True
2,2,0.9624010324478149,True
10,10,0.9999462366104126,True
1,1,0.991650402545929,True
38,38,0.9999107122421265,True
13,13,0.9998830556869507,True
18,18,0.7604995965957642,True
1,1,0.9998095631599426,True
5,5,0.999138355255127,True
23,23,0.5015066266059875,True
1,1,0.7017877101898193,True
4,4,0.9999370574951172,True
31,31,0.9988064765930176,True
12,12,0.999028205871582,True
12,12,0.9999067783355713,True
25,25,0.9997629523277283,True
5,5,0.9816768169403076,True
4,4,0.999933123588562,True
30,29,0.5879039764404297,False
25,25,0.99959796667099,True
7,7,0.9997523427009583,True
38,38,0.9997782111167908,True
17,17,0.9967791438102722,True
12,12,0.9992690682411194,True
10,10,0.9998273849487305,True
13,13,0.9998294115066528,True
15,15,0.9992440938949585,True
23,23,0.9880661964416504,True
18,18,0.9992865920066833,True
25,25,0.9989878535270691,True
34,34,0.9773420691490173,True
20,20,0.9998112320899963,True
11,11,0.9999393224716187,True
20,20,0.9996676445007324,True
23,30,0.6241967678070068,False
12,12,0.9997486472129822,True
13,12,0.9351240396499634,False
36,36,0.9996811151504517,True
18,18,0.998375415802002,True
11,11,0.9966542720794678,True
33,33,0.9993470311164856,True
7,7,0.9918802380561829,True
17,17,0.9913334250450134,True
10,10,0.9998775720596313,True
38,38,0.999154806137085,True
2,2,0.8698109984397888,True
2,2,0.9964311122894287,True
6,6,0.9999457597732544,True
13,13,0.9999349117279053,True
14,14,0.9995823502540588,True
1,1,0.9998908042907715,True
30,29,0.8454945683479309,False
35,35,0.9999860525131226,True
38,38,0.9996681213378906,True
11,11,0.9994186162948608,True
35,35,0.9996625185012817,True
18,18,0.9999121427536011,True
18,27,0.9362850189208984,False
15,15,0.9999740123748779,True
2,2,0.9447612762451172,True
3,3,0.9997754693031311,True
13,13,0.9997527003288269,True
8,8,0.999593198299408,True
31,31,0.9389413595199585,True
4,4,0.999972939491272,True
18,18,0.9998313188552856,True
13,13,0.9995821118354797,True
25,25,0.990441083908081,True
2,2,0.9998824596405029,True
25,25,0.9999784231185913,True
25,26,0.402721107006073,False
1,1,0.9560273885726929,True
8,8,0.9998792409896851,True
31,31,0.9842736721038818,True
40,40,0.9994864463806152,True
22,22,0.6675053834915161,True
31,20,0.8366419672966003,False
9,9,0.9999910593032837,True
25,25,0.9933038353919983,True
25,25,0.9999550580978394,True
24,24,0.9995672106742859,True
1,1,0.9998955726623535,True
4,4,0.9883320927619934,True
12,12,0.9995322227478027,True
33,33,0.9996107220649719,True
5,5,0.9997491240501404,True
4,4,0.9999558925628662,True
23,30,0.8118088841438293,False
1,1,0.9996304512023926,True
9,9,0.9999855756759644,True
11,28,0.5852748155593872,False
4,4,0.9951874017715454,True
33,33,0.999785840511322,True
28,28,0.9999351501464844,True
4,4,0.9998425245285034,True
17,17,0.998817503452301,True
4,4,0.9999581575393677,True
40,40,0.9996719360351562,True
4,4,0.9997703433036804,True
5,5,0.999850869178772,True
3,3,0.9993301630020142,True
30,30,0.8633624911308289,True
6,6,0.9997015595436096,True
34,34,0.9998509883880615,True
13,13,0.9997404217720032,True
14,14,0.9996041655540466,True
1,1,0.9999876022338867,True
40,40,0.45360538363456726,True
5,5,0.9987840056419373,True
3,3,0.999510645866394,True
1,1,0.9957538843154907,True
1,1,0.9996435642242432,True
9,9,0.9418939352035522,True
5,5,0.8928337693214417,True
12,12,0.9999325275421143,True
15,15,0.9995730519294739,True
13,13,0.9991260170936584,True
24,24,0.8211971521377563,True
15,15,0.999956488609314,True
20,20,0.9972689747810364,True
2,2,0.999559223651886,True
28,28,0.9993816614151001,True
9,9,0.9999758005142212,True
7,7,0.9999924898147583,True
35,35,0.9927817583084106,True
10,10,0.9999192953109741,True
14,14,0.999408483505249,True
17,17,0.9999221563339233,True
15,15,0.9996466636657715,True
2,2,0.999537467956543,True
2,2,0.9999194145202637,True
18,18,0.9998879432678223,True
16,16,0.9997683167457581,True
7,7,0.9994696974754333,True
8,8,0.999530553817749,True
35,35,0.9580944180488586,True
12,12,0.9999282360076904,True
9,9,0.9999243021011353,True
26,26,0.9997221827507019,True
13,13,0.9998059868812561,True
13,13,0.9997205138206482,True
26,26,0.9997027516365051,True
20,20,0.993309497833252,True
21,21,0.9999829530715942,True
34,34,0.9998026490211487,True
14,14,0.9995920062065125,True
12,12,0.9997476935386658,True
38,38,0.9995139837265015,True
4,4,0.9892424941062927,True
18,26,0.6593578457832336,False
13,13,0.9994643330574036,True
18,18,0.6142637729644775,True
4,4,0.9999867677688599,True
12,12,0.9997163414955139,True
11,11,0.9999847412109375,True
12,12,0.9999037981033325,True
15,15,0.9998302459716797,True
12,12,0.9997723698616028,True
37,37,0.9985494017601013,True
7,7,0.9999594688415527,True
31,31,0.999879002571106,True
15,15,0.9995459914207458,True
14,14,0.9996471405029297,True
9,9,0.9999814033508301,True
36,36,0.9984138011932373,True
38,38,0.9997101426124573,True
5,5,0.9973399043083191,True
13,13,0.999762237071991,True
31,31,0.5011709928512573,True
12,12,0.9998800754547119,True
8,8,0.9994475245475769,True
11,11,0.9927968382835388,True
4,4,0.9997709393501282,True
11,11,0.9998815059661865,True
38,38,0.999570906162262,True
10,10,0.9999412298202515,True
38,38,0.9975368976593018,True
1,1,0.9995393753051758,True
12,12,0.9998168349266052,True
6,6,0.9976300001144409,True
4,4,0.9998812675476074,True
11,11,0.9998782873153687,True
28,28,0.9972308278083801,True
20,20,0.9984906911849976,True
9,9,0.9999747276306152,True
10,10,0.9999340772628784,True
15,15,0.9998145699501038,True
10,10,0.9998675584793091,True
35,35,0.9999817609786987,True
15,15,0.9999711513519287,True
38,38,0.9999042749404907,True
8,8,0.9821236729621887,True
5,5,0.9920874238014221,True
26,26,0.9999755620956421,True
11,11,0.8436154127120972,True
13,13,0.9991884827613831,True
12,12,0.9995737671852112,True
28,11,0.5402706861495972,False
8,8,0.9997671246528625,True
3,3,0.9997329115867615,True
4,4,0.9950195550918579,True
13,13,0.9997205138206482,True
23,23,0.8798611164093018,True
34,34,0.9998608827590942,True
36,36,0.9998629093170166,True
10,10,0.9999616146087646,True
2,2,0.9992165565490723,True
8,8,0.9996885061264038,True
22,22,0.9997555613517761,True
11,11,0.999948263168335,True
25,25,0.9994040727615356,True
2,2,0.9991798996925354,True
38,38,0.9996799230575562,True
4,4,0.9976478219032288,True
11,11,0.9657467007637024,True
13,13,0.9996949434280396,True
21,21,0.9979079961776733,True
15,15,0.9997993111610413,True
10,10,0.9999065399169922,True
5,5,0.99992835521698,True
15,15,0.9989702701568604,True
7,7,0.9999353885650635,True
38,38,0.9995163679122925,True
5,5,0.9974332451820374,True
10,10,0.9999920129776001,True
12,12,0.9997016787528992,True
10,10,0.9999910593032837,True
35,35,0.9999860525131226,True
40,34,0.44808220863342285,False
3,3,0.9948040843009949,True
8,8,0.9996148347854614,True
38,38,0.999743640422821,True
2,2,0.999636173248291,True
38,38,0.992020308971405,True
16,16,0.7656347751617432,True
31,31,0.9998763799667358,True
26,26,0.9999662637710571,True
33,33,0.9998984336853027,True
17,17,0.9987200498580933,True
10,10,0.9991361498832703,True
2,2,0.9998389482498169,True
26,26,0.9998869895935059,True
11,11,0.9998880624771118,True
38,38,0.9968506693840027,True
38,38,0.999870777130127,True
25,39,0.4952765703201294,False
13,13,0.999137282371521,True
23,30,0.42148175835609436,False
38,38,0.9981789588928223,True
7,7,0.9999639987945557,True
13,13,0.9996939897537231,True
4,4,0.9994971752166748,True
38,38,0.9991059899330139,True
19,19,0.8326709866523743,True
35,35,0.9999910593032837,True
17,17,0.9978896975517273,True
27,27,0.676747739315033,True
28,28,0.7747992873191833,True
34,34,0.999972939491272,True
6,6,0.4098614454269409,True
38,38,0.999699592590332,True
31,31,0.9998028874397278,True
31,31,0.9999656677246094,True
2,2,0.999916672706604,True
11,11,0.9998724460601807,True
32,32,0.9787517189979553,True
37,37,0.98854660987854,True
12,12,0.9979771971702576,True
9,9,0.9999035596847534,True
7,7,0.9996017813682556,True
17,17,0.9995885491371155,True
38,38,0.9998773336410522,True
7,7,0.9894340634346008,True
14,14,0.9999892711639404,True
2,2,0.9994508624076843,True
1,8,0.9833077192306519,False
11,11,0.9920364022254944,True
1,1,0.9999703168869019,True
29,29,0.9991772770881653,True
11,11,0.9999901056289673,True
5,5,0.8103492259979248,True
14,14,0.8282679319381714,True
9,9,0.9999963045120239,True
38,38,0.9995666146278381,True
10,10,0.9999617338180542,True
25,25,0.997646152973175,True
34,34,0.9998660087585449,True
17,17,0.9997863173484802,True
10,10,0.9998059868812561,True
1,1,0.9992127418518066,True
13,13,0.9996777772903442,True
9,9,0.999983549118042,True
11,11,0.9999852180480957,True
39,39,0.966049075126648,True
18,18,0.999356210231781,True
25,27,0.9604253768920898,False
33,33,0.9984233379364014,True
13,13,0.9997044205665588,True
7,7,0.9896653294563293,True
12,12,0.9998394250869751,True
26,26,0.5251277685165405,True
10,10,0.9999955892562866,True
8,8,0.9997065663337708,True
8,5,0.6645362973213196,False
38,38,0.9998100399971008,True
12,12,0.9998112320899963,True
32,32,0.9999330043792725,True
8,8,0.999832034111023,True
13,13,0.9998086094856262,True
38,38,0.9963510036468506,True
7,7,0.9984281063079834,True
7,7,0.9999291896820068,True
18,27,0.9367420077323914,False
15,15,0.9998465776443481,True
4,4,0.8754305839538574,True
18,18,0.9999358654022217,True
33,33,0.999196469783783,True
2,2,0.9371087551116943,True
1,1,0.9999567270278931,True
2,2,0.999980092048645,True
11,11,0.4457382261753082,True
1,1,0.994510293006897,True
17,17,0.9998375177383423,True
1,1,0.9995545744895935,True
1,1,0.9806247353553772,True
12,12,0.9997606873512268,True
10,10,0.9999059438705444,True
10,10,0.9999808073043823,True
13,13,0.9996932744979858,True
4,4,0.9999563694000244,True
2,2,0.999470055103302,True
36,36,0.9975507855415344,True
8,8,0.9994568228721619,True
12,12,0.9998250603675842,True
7,7,0.9993485808372498,True
11,27,0.5332971215248108,False
5,5,0.825855016708374,True
15,15,0.9999562501907349,True
28,28,0.738551676273346,True
40,40,0.9999440908432007,True
1,1,0.9759455323219299,True
7,7,0.9994732737541199,True
4,4,0.9999747276306152,True
17,17,0.9990559220314026,True
9,9,0.9998689889907837,True
17,17,0.9980619549751282,True
40,40,0.9954902529716492,True
7,7,0.9992735981941223,True
31,31,0.9998621940612793,True
10,10,0.999930739402771,True
18,18,0.9998688697814941,True
13,13,0.9997691512107849,True
25,25,0.9988229870796204,True
17,17,0.9998880624771118,True
9,9,0.9999939203262329,True
38,38,0.9994576573371887,True
7,7,0.9998394250869751,True
3,3,0.9071046113967896,True
29,29,0.6106378436088562,True
12,12,0.9996079802513123,True
8,8,0.9988263249397278,True
10,10,0.9996545314788818,True
25,25,0.9999845027923584,True
10,10,0.999599277973175,True
5,5,0.9977255463600159,True
3,3,0.9813510179519653,True
37,37,0.9584422707557678,True
23,20,0.5350390672683716,False
7,7,0.9991243481636047,True
3,3,0.9999003410339355,True
14,14,0.9916746020317078,True
35,35,0.9999958276748657,True
13,13,0.9997381567955017,True
17,17,0.9841607213020325,True
15,15,0.999896764755249,True
21,21,0.6935768127441406,True
13,13,0.9996170997619629,True
38,38,0.9939425587654114,True
3,3,0.9977376461029053,True
3,5,0.5361555814743042,False
11,11,0.9999947547912598,True
18,18,0.9999657869338989,True
20,20,0.9991262555122375,True
5,5,0.9996339082717896,True
8,8,0.9983569979667664,True
18,18,0.9999550580978394,True
5,5,0.9994837045669556,True
7,7,0.9999610185623169,True
12,12,0.9999128580093384,True
5,5,0.9991377592086792,True
38,38,0.999546468257904,True
14,14,0.999935507774353,True
2,2,0.997686505317688,True
4,4,0.9999849796295166,True
17,17,0.9937000274658203,True
2,2,0.9996838569641113,True
37,37,0.7977919578552246,True
40,40,0.9999877214431763,True
31,31,0.9996167421340942,True
7,7,0.9999856948852539,True
18,18,0.912850558757782,True
13,13,0.9999241828918457,True
16,16,0.9997511506080627,True
13,13,0.9997174143791199,True
7,7,0.9995624423027039,True
27,27,0.661727249622345,True
5,5,0.9998748302459717,True
7,7,0.9996628761291504,True
31,31,0.999170184135437,True
2,2,0.996803879737854,True
4,4,0.9999444484710693,True
8,8,0.9165821075439453,True
11,11,0.9999340772628784,True
8,8,0.9756264686584473,True
25,25,0.999868631362915,True
9,9,0.9999432563781738,True
14,7,0.4590514004230499,False
12,12,0.9998151659965515,True
10,10,0.9999740123748779,True
16,16,0.9999582767486572,True
17,17,0.9999397993087769,True
38,38,0.9992538094520569,True
25,25,0.9997245669364929,True
6,6,0.9991838335990906,True
5,5,0.9948198199272156,True
1,1,0.9999922513961792,True
35,35,0.9999129772186279,True
2,2,0.9997246861457825,True
2,2,0.9993680119514465,True
11,11,0.9999951124191284,True
12,12,0.9994538426399231,True
27,27,0.6704445481300354,True
17,17,0.9999631643295288,True
12,12,0.9998311996459961,True
33,33,0.9999247789382935,True
38,38,0.9996697902679443,True
2,2,0.9997226595878601,True
4,4,0.9999452829360962,True
8,8,0.9997523427009583,True
28,28,0.9999866485595703,True
12,12,0.9998613595962524,True
29,29,0.9983404874801636,True
1,1,0.9987788796424866,True
41,41,0.961699903011322,True
17,17,0.9995817542076111,True
38,38,0.9999756813049316,True
35,35,0.9999830722808838,True
9,9,0.9998263716697693,True
2,2,0.9998999834060669,True
2,2,0.9997450709342957,True
20,20,0.9995883107185364,True
12,12,0.9994799494743347,True
5,5,0.9997841715812683,True
2,2,0.9997288584709167,True
25,25,0.9999502897262573,True
2,2,0.9997863173484802,True
33,33,0.9993662238121033,True
7,7,0.9999955892562866,True
35,35,0.9914969801902771,True
4,4,0.9999234676361084,True
35,35,0.9999885559082031,True
12,12,0.9998273849487305,True
6,6,0.9998629093170166,True
7,7,0.9999810457229614,True
10,10,0.9999982118606567,True
42,42,0.9570720195770264,True
13,13,0.9995658993721008,True
5,5,0.9994679093360901,True
31,31,0.9900023937225342,True
3,3,0.9568107724189758,True
38,38,0.9968371391296387,True
1,1,0.9999915361404419,True
16,16,0.999826967716217,True
11,11,0.9999892711639404,True
23,23,0.9906123280525208,True
4,4,0.9999052286148071,True
10,10,0.9999563694000244,True
4,4,0.9998867511749268,True
5,5,0.9997265934944153,True
8,8,0.9993182420730591,True
24,24,0.9994341731071472,True
31,31,0.9994196891784668,True
3,3,0.9998898506164551,True
4,4,0.9999732971191406,True
12,12,0.9999393224716187,True
21,21,0.9998296499252319,True
29,29,0.9991181492805481,True
26,26,0.9998071789741516,True
4,4,0.9998753070831299,True
1,1,0.9997351765632629,True
6,6,0.9999731779098511,True
5,5,0.9893624186515808,True
10,10,0.9997270703315735,True
4,4,0.9998393058776855,True
9,9,0.9999845027923584,True
7,7,0.9749135971069336,True
25,25,0.9988790154457092,True
4,4,0.9999226331710815,True
21,21,0.9205957055091858,True
5,1,0.559436023235321,False
12,12,0.9998786449432373,True
4,4,0.9999457597732544,True
3,3,0.999872088432312,True
2,2,0.9997878670692444,True
39,39,0.9868567585945129,True
38,38,0.9989480376243591,True
33,33,0.9995747208595276,True
33,33,0.9987769722938538,True
1,1,0.9999319314956665,True
37,37,0.998044490814209,True
36,36,0.9954190254211426,True
5,5,0.9971336126327515,True
24,24,0.9624506235122681,True
13,13,0.9993304014205933,True
7,7,0.9999862909317017,True
10,10,0.9999297857284546,True
19,19,0.9990314245223999,True
30,29,0.6054629683494568,False
34,34,0.9991869330406189,True
18,18,0.9356979727745056,True
12,12,0.9995904564857483,True
14,14,0.9999696016311646,True
38,38,0.9994710087776184,True
5,5,0.9997236132621765,True
42,42,0.9830053448677063,True
13,13,0.9998123049736023,True
5,5,0.9996200799942017,True
3,3,0.999860405921936,True
10,10,0.9999935626983643,True
37,37,0.9970378875732422,True
5,3,0.7649943232536316,False
31,31,0.9997434020042419,True
34,34,0.9998795986175537,True
9,9,0.9999896287918091,True
3,3,0.9997239708900452,True
24,24,0.999163031578064,True
13,13,0.9990875720977783,True
6,6,0.7142580151557922,True
10,10,0.9998617172241211,True
33,33,0.999803364276886,True
30,30,0.9991581439971924,True
4,4,0.9999042749404907,True
12,12,0.9995821118354797,True
37,37,0.9994798302650452,True
30,30,0.9779210686683655,True
25,25,0.9970765113830566,True
11,11,0.9998859167098999,True
38,38,0.9995593428611755,True
38,38,0.9998001456260681,True
5,5,0.9997972846031189,True
13,13,0.9998041987419128,True
1,1,0.9999213218688965,True
10,10,0.9999922513961792,True
10,10,0.9998568296432495,True
31,31,0.8308357000350952,True
31,31,0.8608231544494629,True
4,4,0.9999151229858398,True
37,37,0.9966061115264893,True
3,3,0.999439537525177,True
12,12,0.9998483657836914,True
1,1,0.9999023675918579,True
7,7,0.9991044402122498,True
30,30,0.9997853636741638,True
12,12,0.9996166229248047,True
14,14,0.9999170303344727,True
35,35,0.9999372959136963,True
11,11,0.9999861717224121,True
11,11,0.9999974966049194,True
1,1,0.9999537467956543,True
8,8,0.9989126920700073,True
38,38,0.9957709908485413,True
7,7,0.9999479055404663,True
28,28,0.9989822506904602,True
10,10,0.9999489784240723,True
12,12,0.999862790107727,True
2,2,0.9994876384735107,True
11,11,0.4418095648288727,True
23,23,0.9978044629096985,True
9,9,0.9999940395355225,True
11,11,0.9956718683242798,True
3,3,0.9904264807701111,True
1,1,0.9996259212493896,True
18,24,0.3152187764644623,False
3,3,0.9905035495758057,True
18,18,0.9997493624687195,True
2,2,0.998913049697876,True
9,9,0.9999884366989136,True
4,4,0.9996805191040039,True
31,31,0.998835027217865,True
30,30,0.999915361404419,True
35,35,0.9999771118164062,True
2,2,0.9993945360183716,True
23,30,0.4305286407470703,False
10,10,0.9964499473571777,True
8,8,0.9990529417991638,True
38,38,0.9996905326843262,True
5,5,0.9773982167243958,True
5,5,0.9996663331985474,True
10,10,0.9998792409896851,True
9,9,0.9999781847000122,True
12,12,0.9993576407432556,True
38,38,0.9977383613586426,True
3,3,0.9969649910926819,True
3,3,0.9974355101585388,True
16,16,0.9999433755874634,True
13,13,0.999560534954071,True
9,9,0.9999700784683228,True
12,12,0.9997569918632507,True
28,24,0.42009636759757996,False
18,18,0.9996324777603149,True
12,12,0.9999504089355469,True
22,22,0.9997286200523376,True
4,4,0.9995515942573547,True
35,35,0.9993085861206055,True
4,4,0.999957799911499,True
5,5,0.9997596144676208,True
18,18,0.9999586343765259,True
38,38,0.9998817443847656,True
14,14,0.999927282333374,True
38,38,0.9993828535079956,True
38,38,0.9998639822006226,True
28,27,0.6214579343795776,False
11,11,0.9997788071632385,True
13,13,0.9993670582771301,True
35,35,0.9999969005584717,True
13,13,0.9997386336326599,True
5,5,0.9997460246086121,True
38,38,0.9153197407722473,True
5,5,0.8952064514160156,True
7,7,0.9958582520484924,True
13,13,0.8048911690711975,True
18,26,0.63093101978302,False
11,11,0.9994065761566162,True
27,28,0.7050122022628784,False
1,1,0.9843988418579102,True
13,13,0.9997252821922302,True
10,10,0.9999067783355713,True
14,14,0.9999712705612183,True
16,16,0.9997274279594421,True
4,4,0.9999779462814331,True
1,1,0.7830114364624023,True
11,11,0.9999852180480957,True
4,4,0.9999773502349854,True
10,10,0.9999643564224243,True
4,4,0.999915599822998,True
38,38,0.9943816065788269,True
4,4,0.9995829463005066,True
2,2,0.9996015429496765,True
2,2,0.747824490070343,True
10,10,0.999974250793457,True
5,5,0.9996640682220459,True
33,33,0.9999288320541382,True
1,1,0.9996479749679565,True
18,18,0.7903426289558411,True
7,7,0.9993983507156372,True
15,15,0.9999253749847412,True
15,15,0.9999146461486816,True
9,9,0.9999886751174927,True
4,4,0.9999563694000244,True
35,35,0.9987789988517761,True
31,31,0.9973862767219543,True
13,13,0.9998781681060791,True
6,38,0.20651866495609283,False
12,12,0.9998360872268677,True
5,5,0.99985671043396,True
29,29,0.9998414516448975,True
2,2,0.9998140931129456,True
3,3,0.9993539452552795,True
35,35,0.9999860525131226,True
17,17,0.9999215602874756,True
7,7,0.9966363906860352,True
2,2,0.9983103275299072,True
12,12,0.996966540813446,True
35,35,0.9994230270385742,True
8,8,0.9997311234474182,True
10,10,0.9999374151229858,True
38,38,0.6814232468605042,True
35,35,0.9999816417694092,True
1,1,0.9999486207962036,True
35,35,0.999966025352478,True
7,7,0.9997579455375671,True
2,2,0.9999699592590332,True
25,25,0.9900728464126587,True
0,0,0.915827214717865,True
2,2,0.9998725652694702,True
1,1,0.9999734163284302,True
4,4,0.9999475479125977,True
36,36,0.9999151229858398,True
29,29,0.9430847764015198,True
8,8,0.9998096823692322,True
7,7,0.9996935129165649,True
35,35,0.9997426867485046,True
10,10,0.9999842643737793,True
1,1,0.9998937845230103,True
13,13,0.9996570348739624,True
4,4,0.9994699358940125,True
10,10,0.99883633852005,True
5,5,0.9976586103439331,True
12,12,0.9999126195907593,True
7,7,0.9995731711387634,True
16,16,0.9999853372573853,True
3,3,0.995503842830658,True
1,1,0.9999524354934692,True
1,1,0.9993758797645569,True
41,41,0.7559678554534912,True
19,19,0.9135832190513611,True
8,8,0.9998929500579834,True
13,13,0.9998542070388794,True
10,10,0.9998753070831299,True
1,1,0.9983239769935608,True
38,38,0.9987927675247192,True
13,13,0.9994155168533325,True
11,11,0.9999955892562866,True
2,2,0.9965730905532837,True
2,2,0.9997000694274902,True
7,7,0.9887542724609375,True
10,10,0.9999241828918457,True
14,14,0.9990719556808472,True
10,10,0.9999570846557617,True
39,39,0.9996745586395264,True
9,9,0.9999797344207764,True
25,25,0.999382734298706,True
3,3,0.9826952219009399,True
6,6,0.9998284578323364,True
17,17,0.9961297512054443,True
13,13,0.9997019171714783,True
2,2,0.9997559189796448,True
3,3,0.9998894929885864,True
17,17,0.9998242259025574,True
2,2,0.999594509601593,True
40,40,0.9999715089797974,True
1,1,0.9977947473526001,True
10,10,0.9999902248382568,True
5,5,0.9918070435523987,True
32,32,0.999762237071991,True
8,8,0.9968844056129456,True
12,12,0.9998189806938171,True
42,42,0.999954342842102,True
1,1,0.8754048347473145,True
35,35,0.9999350309371948,True
0,0,0.9981071949005127,True
1,1,0.9999316930770874,True
30,30,0.5323740839958191,True
1,1,0.9779037237167358,True
2,3,0.8101573586463928,False
29,29,0.9988370537757874,True
13,13,0.9999159574508667,True
3,3,0.9998737573623657,True
36,36,0.9993500113487244,True
15,15,0.9997387528419495,True
4,4,0.9999823570251465,True
23,23,0.5801124572753906,True
5,5,0.9995284080505371,True
5,5,0.9998315572738647,True
8,8,0.9992972612380981,True
8,8,0.9996851682662964,True
5,5,0.9997053742408752,True
4,4,0.9999779462814331,True
2,2,0.999914288520813,True
10,10,0.9998546838760376,True
25,25,0.9999418258666992,True
4,4,0.960756242275238,True
25,25,0.9997114539146423,True
32,32,0.9998199343681335,True
13,13,0.9996950626373291,True
34,34,0.9999649524688721,True
26,26,0.9999425411224365,True
25,25,0.9999759197235107,True
15,15,0.9991539716720581,True
25,25,0.9998829364776611,True
18,18,0.9931389689445496,True
6,6,0.9978741407394409,True
9,9,0.9999926090240479,True
7,7,0.9997263550758362,True
1,1,0.9995953440666199,True
13,13,0.9991503953933716,True
27,27,0.999189555644989,True
1,1,0.9968942403793335,True
4,4,0.9998794794082642,True
23,23,0.9224048256874084,True
25,25,0.999614953994751,True
35,35,0.9997228980064392,True
10,10,0.9998912811279297,True
4,4,0.9991722106933594,True
7,7,0.9997743964195251,True
10,10,0.9999191761016846,True
12,12,0.9996323585510254,True
12,12,0.9995421171188354,True
18,18,0.9999091625213623,True
26,26,0.9995309114456177,True
12,12,0.9998007416725159,True
25,25,0.9999914169311523,True
11,11,0.9991728663444519,True
35,35,0.999985933303833,True
12,12,0.9998431205749512,True
35,35,0.6258084177970886,True
4,4,0.9999758005142212,True
10,10,0.999424934387207,True
2,2,0.9997474551200867,True
7,7,0.9995583891868591,True
40,40,0.9998140931129456,True
11,11,0.9999585151672363,True
38,38,0.9993756413459778,True
13,13,0.9998307228088379,True
12,12,0.9993888139724731,True
13,13,0.9998863935470581,True
36,36,0.9989369511604309,True
5,5,0.7888527512550354,True
35,35,0.9999837875366211,True
15,15,0.9999828338623047,True
11,11,0.9889082312583923,True
13,13,0.9998655319213867,True
13,13,0.9995028972625732,True
36,36,0.9995577931404114,True
5,5,0.9989111423492432,True
33,36,0.44015970826148987,False
8,8,0.9998736381530762,True
34,34,0.9999773502349854,True
13,13,0.9997190833091736,True
1,1,0.9939760565757751,True
3,3,0.9998949766159058,True
38,38,0.9987409710884094,True
17,17,0.9878057241439819,True
6,6,0.9994944334030151,True
5,5,0.9997221827507019,True
25,25,0.9995800852775574,True
5,5,0.9998651742935181,True
10,10,0.9152892827987671,True
30,20,0.36377325654029846,False
10,10,0.9999903440475464,True
7,7,0.9993153810501099,True
2,2,0.9999154806137085,True
12,12,0.9998811483383179,True
5,5,0.9993928670883179,True
3,3,0.9817460775375366,True
2,2,0.9993793964385986,True
23,23,0.9999316930770874,True
20,20,0.9819943308830261,True
9,9,0.9999849796295166,True
4,4,0.9999717473983765,True
22,22,0.9998157620429993,True
9,9,0.9999676942825317,True
4,4,0.9999606609344482,True
38,38,0.9437421560287476,True
5,5,0.9999141693115234,True
9,9,0.9999823570251465,True
27,27,0.9996354579925537,True
8,8,0.999100923538208,True
8,8,0.9896911382675171,True
41,41,0.9611335396766663,True
12,12,0.9996486902236938,True
11,11,0.9990553259849548,True
3,3,0.9984410405158997,True
5,5,0.9996989965438843,True
0,0,0.9453966021537781,True
25,25,0.9997120499610901,True
5,5,0.9999375343322754,True
36,36,0.9998699426651001,True
2,2,0.9993802309036255,True
13,13,0.9997130036354065,True
26,26,0.9998142123222351,True
17,14,0.36912721395492554,False
3,3,0.9984371066093445,True
13,13,0.9999128580093384,True
2,2,0.9999895095825195,True
28,28,0.978912889957428,True
28,28,0.9999223947525024,True
38,38,0.5531609654426575,True
5,5,0.9904172420501709,True
1,1,0.9994658827781677,True
15,15,0.9994778037071228,True
17,17,0.9916287660598755,True
15,15,0.9993985891342163,True
2,2,0.9995526671409607,True
42,42,0.9966850876808167,True
2,2,0.9998010993003845,True
17,12,0.7802022099494934,False
30,30,0.9411159753799438,True
25,25,0.9998874664306641,True
26,26,0.9998950958251953,True
38,38,0.9989474415779114,True
11,11,0.9196909666061401,True
12,12,0.9998679161071777,True
6,6,0.9999270439147949,True
30,30,0.7726580500602722,True
25,25,0.9999783039093018,True
12,12,0.9995902180671692,True
18,18,0.6082878112792969,True
3,3,0.9986993074417114,True
13,13,0.9998902082443237,True
1,1,0.9986985921859741,True
13,13,0.9999027252197266,True
17,17,0.9997738003730774,True
25,25,0.7833929061889648,True
18,18,0.9999518394470215,True
6,6,0.9996962547302246,True
10,10,0.9999469518661499,True
18,18,0.9987462759017944,True
10,10,0.9999589920043945,True
6,6,0.9920017719268799,True
8,8,0.9995679259300232,True
2,2,0.9981091022491455,True
13,13,0.9998540878295898,True
36,36,0.9999760389328003,True
36,36,0.9999159574508667,True
18,18,0.9996622800827026,True
8,8,0.9998736381530762,True
24,24,0.9990622401237488,True
10,10,0.9999054670333862,True
14,14,0.9998531341552734,True
10,10,0.9999438524246216,True
7,7,0.9984982013702393,True
38,38,0.999126136302948,True
2,2,0.9997537732124329,True
35,35,0.9993919134140015,True
3,5,0.8471231460571289,False
4,4,0.9999591112136841,True
13,13,0.9998730421066284,True
6,6,0.9999555349349976,True
12,12,0.9997029900550842,True
4,4,0.9998230338096619,True
38,38,0.5553966760635376,True
6,6,0.9946249127388,True
8,8,0.999637246131897,True
17,17,0.9998375177383423,True
5,5,0.999546468257904,True
17,17,0.9998021721839905,True
7,7,0.9920690059661865,True
21,21,0.998603880405426,True
3,3,0.9963023662567139,True
21,21,0.8373644351959229,True
10,10,0.9992836117744446,True
9,9,0.9999854564666748,True
3,3,0.9806774258613586,True
12,12,0.9997918009757996,True
36,36,0.9938370585441589,True
17,17,0.9998607635498047,True
6,6,0.924346387386322,True
26,26,0.9658525586128235,True
12,12,0.9993541836738586,True
13,13,0.999702513217926,True
14,14,0.9999758005142212,True
1,1,0.9997130036354065,True
2,2,0.9999151229858398,True
16,16,0.998673677444458,True
9,9,0.9999886751174927,True
34,34,0.9999732971191406,True
9,9,0.9999511241912842,True
19,19,0.9577319025993347,True
13,13,0.9997358918190002,True
26,26,0.9999953508377075,True
4,4,0.9998956918716431,True
4,4,0.999769389629364,True
10,10,0.9997966885566711,True
35,35,0.9999833106994629,True
22,22,0.9999538660049438,True
4,4,0.999859094619751,True
6,6,0.9995618462562561,True
26,26,0.6131359338760376,True
5,2,0.966266393661499,False
4,4,0.9928817749023438,True
29,29,0.9994515776634216,True
38,38,0.9998152852058411,True
13,13,0.9996981620788574,True
25,25,0.9998445510864258,True
12,12,0.9998929500579834,True
13,13,0.9999117851257324,True
12,12,0.9986395239830017,True
7,7,0.9995265007019043,True
8,8,0.9996755123138428,True
13,13,0.9998311996459961,True
38,38,0.520087718963623,True
5,5,0.9986937642097473,True
14,14,0.9999793767929077,True
10,10,0.9999305009841919,True
33,33,0.9999197721481323,True
25,25,0.9999862909317017,True
18,18,0.9998853206634521,True
33,33,0.9999420642852783,True
18,18,0.9998798370361328,True
2,2,0.8703360557556152,True
38,38,0.9997773766517639,True
23,23,0.9987837672233582,True
9,9,0.9998781681060791,True
2,2,0.9813170433044434,True
1,1,0.9999730587005615,True
3,3,0.9984982013702393,True
10,10,0.9999852180480957,True
1,1,0.9999516010284424,True
17,17,0.9999086856842041,True
38,38,0.9998443126678467,True
4,2,0.8927931785583496,False
1,1,0.9999885559082031,True
6,6,0.785905122756958,True
13,13,0.9991276860237122,True
5,5,0.9997096657752991,True
26,26,0.9990891218185425,True
4,4,0.9999780654907227,True
5,5,0.9980849027633667,True
41,41,0.3511978089809418,True
4,4,0.9999392032623291,True
3,3,0.9947847723960876,True
21,21,0.9997923970222473,True
38,38,0.9998518228530884,True
18,18,0.999915599822998,True
40,40,0.9999051094055176,True
35,35,0.9999823570251465,True
23,23,0.9991877675056458,True
35,35,0.9998717308044434,True
12,12,0.999742329120636,True
8,8,0.9987810254096985,True
8,8,0.9984643459320068,True
6,6,0.993294894695282,True
38,38,0.999728262424469,True
35,35,0.8885979652404785,True
35,35,0.9998328685760498,True
25,25,0.9918133020401001,True
29,29,0.9997275471687317,True
38,38,0.9997474551200867,True
15,15,0.9994168281555176,True
7,7,0.9993653893470764,True
4,4,0.9999809265136719,True
10,10,0.9999783039093018,True
21,21,0.9971444010734558,True
1,1,0.9981036186218262,True
12,12,0.9998072981834412,True
32,32,0.985683262348175,True
33,33,0.999901294708252,True
1,1,0.9994556307792664,True
8,8,0.9197911024093628,True
26,26,0.9998698234558105,True
38,38,0.9324964880943298,True
11,11,0.9999527931213379,True
38,40,0.8617861866950989,False
28,28,0.9993752837181091,True
5,5,0.9999011754989624,True
25,25,0.9895016551017761,True
1,1,0.9999816417694092,True
3,3,0.9994522929191589,True
2,2,0.9826128482818604,True
35,35,0.998275637626648,True
23,23,0.9999892711639404,True
38,38,0.9025739431381226,True
33,33,0.9830341339111328,True
1,1,0.9990329742431641,True
15,15,0.9999548196792603,True
2,2,0.9996466636657715,True
11,11,0.9999805688858032,True
30,30,0.9705564975738525,True
31,31,0.9997281432151794,True
2,2,0.9999717473983765,True
4,4,0.999947190284729,True
35,35,0.9999761581420898,True
7,7,0.9999860525131226,True
1,1,0.9999411106109619,True
17,17,0.9997662901878357,True
38,38,0.9998915195465088,True
38,38,0.99978107213974,True
2,2,0.9997190833091736,True
42,42,0.8556947708129883,True
12,12,0.9996291399002075,True
3,3,0.9998286962509155,True
6,6,0.9491829872131348,True
31,31,0.9986370205879211,True
3,3,0.9999027252197266,True
31,31,0.999945878982544,True
8,8,0.955860435962677,True
7,7,0.9034526944160461,True
12,12,0.9996161460876465,True
10,10,0.9999979734420776,True
26,26,0.9999226331710815,True
0,0,0.9988638162612915,True
26,26,0.5696506500244141,True
10,10,0.9998544454574585,True
34,34,0.9837669134140015,True
21,21,0.49978503584861755,True
26,26,0.9998378753662109,True
8,8,0.9989799857139587,True
9,9,0.9999020099639893,True
25,27,0.8215005397796631,False
14,14,0.4706853926181793,True
5,5,0.9980461597442627,True
10,10,0.9998347759246826,True
9,9,0.9999865293502808,True
8,8,0.8467385172843933,True
7,7,0.9999493360519409,True
31,31,0.9995895028114319,True
40,40,0.9998493194580078,True
10,10,0.9998736381530762,True
13,13,0.9998459815979004,True
23,25,0.48060283064842224,False
25,25,0.9996324777603149,True
5,5,0.9998181462287903,True
17,17,0.9995637536048889,True
26,26,0.7940140962600708,True
1,1,0.9965812563896179,True
14,14,0.9996163845062256,True
4,4,0.9999257326126099,True
36,36,0.9977268576622009,True
1,1,0.9998132586479187,True
15,15,0.9995705485343933,True
5,5,0.9920535087585449,True
38,38,0.9980347752571106,True
38,38,0.9995423555374146,True
40,40,0.9100601673126221,True
4,4,0.999932050704956,True
14,14,0.9996839761734009,True
25,27,0.5475593209266663,False
35,35,0.9995238780975342,True
17,17,0.9998509883880615,True
5,5,0.9995172023773193,True
11,11,0.9985938668251038,True
13,13,0.9996904134750366,True
36,36,0.999144434928894,True
38,38,0.9993599057197571,True
13,13,0.9996402263641357,True
38,38,0.9952946305274963,True
34,34,0.9999717473983765,True
38,38,0.9996082186698914,True
4,4,0.9996234178543091,True
10,10,0.9999191761016846,True
8,8,0.9992874264717102,True
4,4,0.9998984336853027,True
25,25,0.999805748462677,True
12,12,0.9998366832733154,True
2,2,0.9997355341911316,True
13,13,0.9996405839920044,True
10,10,0.999895453453064,True
1,1,0.99922776222229,True
25,25,0.8483473658561707,True
33,33,0.9872961044311523,True
18,18,0.9996771812438965,True
3,3,0.9587078094482422,True
19,19,0.9927207827568054,True
10,10,0.9999709129333496,True
5,5,0.999131977558136,True
1,1,0.9998433589935303,True
35,35,0.9999669790267944,True
25,25,0.6614977717399597,True
4,4,0.9996832609176636,True
20,20,0.999931812286377,True
3,3,0.9993820190429688,True
7,7,0.9998472929000854,True
10,10,0.9919546246528625,True
17,17,0.9991329312324524,True
8,8,0.9997135996818542,True
4,4,0.999988317489624,True
2,2,0.9946972131729126,True
10,10,0.9998810291290283,True
38,38,0.9995513558387756,True
15,15,0.9998331069946289,True
38,38,0.9995872378349304,True
31,31,0.9994181394577026,True
38,38,0.9999581575393677,True
10,10,0.9995821118354797,True
8,8,0.9998568296432495,True
36,36,0.9798250794410706,True
11,11,0.9999547004699707,True
11,11,0.9986485838890076,True
0,0,0.7810701727867126,True
31,31,0.9890114068984985,True
5,5,0.9984765648841858,True
4,4,0.9999673366546631,True
35,35,0.9999336004257202,True
17,17,0.9999692440032959,True
1,1,0.9970871806144714,True
7,7,0.9975169897079468,True
1,1,0.9998583793640137,True
1,1,0.999510645866394,True
1,1,0.9999140501022339,True
26,26,0.9999775886535645,True
2,2,0.999745786190033,True
31,31,0.7511501908302307,True
5,5,0.9879216551780701,True
33,33,0.9861751794815063,True
31,31,0.9997063279151917,True
8,8,0.9996967315673828,True
9,9,0.9076931476593018,True
1,1,0.9999560117721558,True
37,37,0.9989498257637024,True
31,31,0.9936822652816772,True
9,9,0.9999206066131592,True
10,10,0.9999809265136719,True
11,11,0.9379680752754211,True
1,1,0.9812594056129456,True
17,17,0.9870911836624146,True
7,7,0.9999101161956787,True
4,4,0.9999507665634155,True
7,7,0.9996104836463928,True
5,2,0.6845394372940063,False
13,13,0.941364049911499,True
1,2,0.4356203079223633,False
1,1,0.9996718168258667,True
1,1,0.9999836683273315,True
26,26,0.9999172687530518,True
25,30,0.4453848600387573,False
30,30,0.9746666550636292,True
14,14,0.9996688365936279,True
12,12,0.9996877908706665,True
4,4,0.9999524354934692,True
31,31,0.9999374151229858,True
9,9,0.9999843835830688,True
31,31,0.9633978009223938,True
8,8,0.999813973903656,True
2,2,0.9985843896865845,True
5,5,0.9984561204910278,True
13,13,0.9995855689048767,True
4,4,0.9998773336410522,True
35,35,0.9997039437294006,True
23,23,0.9999878406524658,True
34,34,0.9999432563781738,True
15,15,0.9999638795852661,True
35,35,0.9994639754295349,True
4,4,0.999943733215332,True
23,30,0.6640951633453369,False
31,31,0.9866213798522949,True
35,35,0.9463928937911987,True
17,17,0.9999419450759888,True
22,22,0.9995935559272766,True
13,13,0.9997946619987488,True
1,1,0.999872088432312,True
11,27,0.31749260425567627,False
1,1,0.9999527931213379,True
38,38,0.9978232383728027,True
9,9,0.9999802112579346,True
30,11,0.8965275287628174,False
1,1,0.9999767541885376,True
15,15,0.9999034404754639,True
22,22,0.9993444085121155,True
34,34,0.9999098777770996,True
33,33,0.9995135068893433,True
2,2,0.999808132648468,True
2,2,0.9997757077217102,True
11,11,0.9999454021453857,True
23,20,0.998672366142273,False
38,38,0.9995149374008179,True
5,5,0.99796462059021,True
4,4,0.9999263286590576,True
35,35,0.9999469518661499,True
34,34,0.9999841451644897,True
4,4,0.9999449253082275,True
33,33,0.9968896508216858,True
11,25,0.2944999933242798,False
9,9,0.9999483823776245,True
20,20,0.9999145269393921,True
17,17,0.9999550580978394,True
11,11,0.9999510049819946,True
27,28,0.6859066486358643,False
11,11,0.9999727010726929,True
18,18,0.9998801946640015,True
29,29,0.9996964931488037,True
38,38,0.999038577079773,True
12,12,0.9993960857391357,True
38,38,0.9997394680976868,True
40,40,0.9993759989738464,True
9,9,0.9999347925186157,True
0,0,0.9675204157829285,True
1,1,0.9267630577087402,True
13,13,0.9998167157173157,True
36,36,0.9999793767929077,True
14,14,0.9995622038841248,True
12,12,0.9999476671218872,True
31,31,0.985283613204956,True
3,3,0.9994990825653076,True
12,12,0.9998719692230225,True
38,38,0.9997740387916565,True
24,24,0.9644420742988586,True
30,28,0.538990318775177,False
22,25,0.5243833065032959,False
4,4,0.999871015548706,True
18,18,0.9998875856399536,True
10,10,0.999605119228363,True
11,11,0.9998301267623901,True
2,2,0.9759649634361267,True
2,2,0.9997150301933289,True
38,38,0.9996345043182373,True
13,13,0.9996058344841003,True
35,35,0.9988923668861389,True
2,2,0.9997411370277405,True
16,16,0.9989713430404663,True
17,17,0.9986244440078735,True
38,38,0.9988113641738892,True
41,41,0.73441082239151,True
8,8,0.8291492462158203,True
33,33,0.9999713897705078,True
22,22,0.9998996257781982,True
12,12,0.9999096393585205,True
38,38,0.9998594522476196,True
18,24,0.4509737193584442,False
2,2,0.9987298846244812,True
31,31,0.9459161758422852,True
5,5,0.9998784065246582,True
35,35,0.9992419481277466,True
7,7,0.9979337453842163,True
5,5,0.9998966455459595,True
8,8,0.993701696395874,True
10,10,0.9999699592590332,True
4,4,0.9999300241470337,True
33,33,0.9907333850860596,True
17,17,0.999948263168335,True
35,35,0.999953031539917,True
5,5,0.9997768998146057,True
14,14,0.9997987151145935,True
9,9,0.9999363422393799,True
4,4,0.9999047517776489,True
5,5,0.9999033212661743,True
25,25,0.9999737739562988,True
28,28,0.9922724962234497,True
26,26,0.9999457597732544,True
13,13,0.9997557997703552,True
9,9,0.9999871253967285,True
13,13,0.9998829364776611,True
2,2,0.9995993971824646,True
2,2,0.9999278783798218,True
38,38,0.999975323677063,True
1,1,0.999663233757019,True
9,9,0.9999679327011108,True
11,11,0.9992978572845459,True
8,3,0.7269006967544556,False
13,13,0.9996219873428345,True
10,10,0.9999432563781738,True
7,7,0.9995287656784058,True
15,15,0.9998284578323364,True
10,10,0.9999282360076904,True
2,2,0.999937891960144,True
11,11,0.9999579191207886,True
5,5,0.9976902008056641,True
17,17,0.9997591376304626,True
11,11,0.9991856217384338,True
10,10,0.9999938011169434,True
3,3,0.9949527978897095,True
9,9,0.9998205304145813,True
10,10,0.9999576807022095,True
7,7,0.9999755620956421,True
5,5,0.9782376289367676,True
4,4,0.9999655485153198,True
5,5,0.9998835325241089,True
8,8,0.9361344575881958,True
5,5,0.8834805488586426,True
8,8,0.9991601705551147,True
6,6,0.9981762170791626,True
30,11,0.999078631401062,False
33,33,0.9966310858726501,True
2,2,0.9989007711410522,True
35,35,0.999380350112915,True
5,5,0.9992318153381348,True
10,10,0.9999535083770752,True
12,12,0.9998356103897095,True
12,12,0.9997408986091614,True
22,22,0.9999032020568848,True
27,27,0.9315563440322876,True
3,3,0.9820297360420227,True
5,5,0.9981811046600342,True
9,9,0.9960634112358093,True
42,42,0.7899816632270813,True
33,33,0.999794065952301,True
10,10,0.9999500513076782,True
8,8,0.9999486207962036,True
9,9,0.9999812841415405,True
12,12,0.9998555183410645,True
38,38,0.9997233748435974,True
22,22,0.9989336133003235,True
2,2,0.9997593760490417,True
38,38,0.9996521472930908,True
38,38,0.9630071520805359,True
1,1,0.9984118938446045,True
12,12,0.9996993541717529,True
7,7,0.9997721314430237,True
18,18,0.9999520778656006,True
1,1,0.9999794960021973,True
24,24,0.9249337315559387,True
19,19,0.8803306221961975,True
13,13,0.9996645450592041,True
23,23,0.999983549118042,True
18,18,0.9996989965438843,True
13,13,0.9996945858001709,True
5,5,0.9997652173042297,True
0,0,0.9995779395103455,True
10,10,0.9999432563781738,True
20,20,0.9959976673126221,True
11,11,0.9999512434005737,True
11,11,0.9998729228973389,True
23,20,0.9987995624542236,False
21,11,0.8940047025680542,False
18,18,0.9999111890792847,True
35,35,0.9999525547027588,True
38,38,0.9998132586479187,True
4,4,0.9999793767929077,True
10,10,0.9999397993087769,True
26,26,0.9988189339637756,True
38,38,0.9998149275779724,True
18,18,0.9955079555511475,True
2,2,0.9998993873596191,True
9,9,0.9999884366989136,True
25,25,0.9973167777061462,True
33,33,0.998336911201477,True
30,28,0.6460021138191223,False
25,25,0.9988412261009216,True
12,12,0.9999681711196899,True
12,12,0.9998656511306763,True
2,2,0.9996435642242432,True
9,9,0.9999885559082031,True
4,4,0.9997418522834778,True
34,34,0.9828544855117798,True
11,11,0.999201238155365,True
4,4,0.9998579025268555,True
42,42,0.9998979568481445,True
36,36,0.9996477365493774,True
4,4,0.9999016523361206,True
12,12,0.9993005990982056,True
3,3,0.9995514750480652,True
9,9,0.9999275207519531,True
38,38,0.9994820952415466,True
37,37,0.9981334805488586,True
12,12,0.9993641972541809,True
25,29,0.6105508208274841,False
33,33,0.9984667897224426,True
25,25,0.9998053908348083,True
10,10,0.9997747540473938,True
9,9,0.9998794794082642,True
13,13,0.9998261332511902,True
38,38,0.9995494484901428,True
11,11,0.9999072551727295,True
1,1,0.9832868576049805,True
9,9,0.99994957447052,True
20,20,0.9995158910751343,True
38,38,0.9997077584266663,True
37,37,0.9820829629898071,True
18,18,0.9999910593032837,True
10,10,0.9999699592590332,True
42,42,0.9997348189353943,True
41,41,0.867891788482666,True
17,17,0.9999414682388306,True
33,33,0.9694664478302002,True
37,37,0.9983824491500854,True
25,25,0.9988194108009338,True
34,34,0.9999752044677734,True
38,38,0.9985993504524231,True
2,2,0.991717517375946,True
15,15,0.9999650716781616,True
20,20,0.9997507929801941,True
3,3,0.9999850988388062,True
33,33,0.9776565432548523,True
10,10,0.9999071359634399,True
9,9,0.9999727010726929,True
1,1,0.999897837638855,True
42,41,0.7749916315078735,False
25,25,0.9995880722999573,True
12,12,0.9991379976272583,True
8,8,0.9996457099914551,True
38,38,0.9993371367454529,True
4,4,0.999976634979248,True
17,17,0.9999722242355347,True
36,36,0.9997751116752625,True
13,13,0.9998956918716431,True
18,18,0.9958209991455078,True
18,18,0.9998565912246704,True
14,14,0.6098567843437195,True
10,10,0.9986262321472168,True
1,1,0.9999645948410034,True
5,5,0.9998476505279541,True
23,23,0.9998559951782227,True
12,12,0.9995583891868591,True
12,12,0.9998308420181274,True
16,16,0.9999887943267822,True
2,2,0.9998960494995117,True
13,13,0.9998801946640015,True
37,37,0.9972611665725708,True
10,10,0.9999725818634033,True
26,12,0.5609437823295593,False
35,37,0.6902326345443726,False
2,2,0.9994694590568542,True
2,2,0.9989818930625916,True
12,12,0.999721348285675,True
10,10,0.9999325275421143,True
1,8,0.9833019375801086,False
25,29,0.3555595278739929,False
25,27,0.4740040898323059,False
18,18,0.9804999828338623,True
2,2,0.9999040365219116,True
9,9,0.9999914169311523,True
13,13,0.9998983144760132,True
26,26,0.999792754650116,True
18,18,0.9948095083236694,True
12,12,0.9993109703063965,True
35,35,0.9999346733093262,True
13,13,0.9995083808898926,True
25,25,0.999969482421875,True
4,4,0.9999412298202515,True
34,34,0.9998645782470703,True
10,10,0.999981164932251,True
1,1,0.9999886751174927,True
12,12,0.9997285008430481,True
10,10,0.9999948740005493,True
25,25,0.9985054731369019,True
3,3,0.9989942908287048,True
29,29,0.9719879627227783,True
1,1,0.9996459484100342,True
2,2,0.9998304843902588,True
35,35,0.9993290901184082,True
9,9,0.999975323677063,True
7,7,0.9999717473983765,True
10,10,0.9998924732208252,True
10,10,0.9999487400054932,True
18,28,0.33077529072761536,False
8,8,0.9997957348823547,True
24,24,0.8880718946456909,True
10,10,0.9999840259552002,True
25,25,0.999964714050293,True
13,13,0.9998539686203003,True
4,4,0.9999759197235107,True
13,13,0.9997337460517883,True
25,25,0.9999657869338989,True
12,12,0.9998052716255188,True
3,3,0.9994476437568665,True
4,4,0.9998900890350342,True
39,39,0.9710906147956848,True
14,14,0.9990087747573853,True
10,10,0.9999374151229858,True
38,38,0.9998685121536255,True
3,3,0.9971553087234497,True
33,33,0.9997004270553589,True
12,12,0.9998981952667236,True
14,14,0.9981820583343506,True
31,31,0.9995895028114319,True
24,24,0.98552006483078,True
26,26,0.9992608428001404,True
8,8,0.9964228272438049,True
25,25,0.9999877214431763,True
24,24,0.9919630289077759,True
31,31,0.999816358089447,True
2,2,0.993057131767273,True
2,2,0.9998582601547241,True
4,4,0.9998564720153809,True
14,14,0.9999353885650635,True
1,1,0.9998230338096619,True
2,2,0.9996914863586426,True
31,31,0.9922365546226501,True
37,37,0.9999127388000488,True
17,17,0.9998399019241333,True
25,29,0.31766611337661743,False
1,1,0.9983983635902405,True
9,9,0.9999849796295166,True
22,22,0.9993405938148499,True
38,38,0.9997938275337219,True
12,12,0.9999170303344727,True
38,38,0.9986428618431091,True
9,9,0.9999796152114868,True
13,13,0.9998094439506531,True
1,1,0.985950767993927,True
5,5,0.9999105930328369,True
6,6,0.9997448325157166,True
38,38,0.9994087219238281,True
1,1,0.9999673366546631,True
26,26,0.9991724491119385,True
5,5,0.9994854927062988,True
17,17,0.9998936653137207,True
23,23,0.9997039437294006,True
9,9,0.9998760223388672,True
9,9,0.9999765157699585,True
35,35,0.9997497200965881,True
2,2,0.6447116136550903,True
4,4,0.9992263317108154,True
1,1,0.9997747540473938,True
25,25,0.9993062019348145,True
16,16,0.9999216794967651,True
5,5,0.9886780381202698,True
3,3,0.9996942281723022,True
12,12,0.9997391104698181,True
1,1,0.9997482895851135,True
5,5,0.9616901874542236,True
2,2,0.9999504089355469,True
12,12,0.9995704293251038,True
38,38,0.9995923638343811,True
30,30,0.9930223822593689,True
1,1,0.9987780451774597,True
18,18,0.9936041235923767,True
38,38,0.9992365837097168,True
2,2,0.9999672174453735,True
2,2,0.9996809959411621,True
12,12,0.9996639490127563,True
17,17,0.888190746307373,True
33,33,0.9999752044677734,True
1,1,0.9999773502349854,True
28,28,0.9993453621864319,True
1,1,0.9920808672904968,True
17,17,0.9849454164505005,True
5,5,0.9860154390335083,True
9,9,0.999966025352478,True
35,35,0.9997966885566711,True
38,38,0.9996931552886963,True
3,3,0.6968111395835876,True
0,0,0.8562163710594177,True
1,1,0.9982272982597351,True
12,12,0.9998886585235596,True
2,2,0.998439371585846,True
18,18,0.9999486207962036,True
25,25,0.9997223019599915,True
13,13,0.9998121857643127,True
17,17,0.9996473789215088,True
39,39,0.8223201036453247,True
35,35,0.9983618855476379,True
5,5,0.9999035596847534,True
17,17,0.9998024106025696,True
3,3,0.9988584518432617,True
12,12,0.9996216297149658,True
31,31,0.9981552958488464,True
5,5,0.9579786658287048,True
17,17,0.9971606731414795,True
26,26,0.9999326467514038,True
36,36,0.7304561138153076,True
5,5,0.9028104543685913,True
3,5,0.46738752722740173,False
38,38,0.999900221824646,True
12,12,0.9989941716194153,True
2,2,0.9990302324295044,True
18,18,0.9845430254936218,True
14,14,0.41215893626213074,True
2,2,0.9938981533050537,True
35,35,0.999980092048645,True
9,9,0.9999198913574219,True
5,5,0.8049188852310181,True
31,20,0.2938699722290039,False
12,12,0.9980675578117371,True
1,1,0.9993776679039001,True
38,38,0.998019814491272,True
7,7,0.9999754428863525,True
9,9,0.9999439716339111,True
11,11,0.9999622106552124,True
12,12,0.9996901750564575,True
25,25,0.9999386072158813,True
25,11,0.6900187134742737,False
40,40,0.9997549653053284,True
35,35,0.9999885559082031,True
4,4,0.9999222755432129,True
18,18,0.9999232292175293,True
18,18,0.9993758797645569,True
32,32,0.9999390840530396,True
35,35,0.9978614449501038,True
22,29,0.30186083912849426,False
1,1,0.9999687671661377,True
1,1,0.995624840259552,True
12,12,0.9997299313545227,True
2,2,0.9992260932922363,True
4,4,0.9994562268257141,True
5,5,0.9998112320899963,True
11,11,0.9932505488395691,True
12,12,0.9991600513458252,True
7,7,0.8626505732536316,True
10,10,0.9998723268508911,True
5,5,0.9946244359016418,True
23,20,0.8522573709487915,False
3,3,0.9994654059410095,True
10,10,0.9999465942382812,True
33,33,0.9997745156288147,True
26,26,0.9999666213989258,True
13,13,0.9995672106742859,True
1,8,0.8243057131767273,False
24,24,0.7514427304267883,True
36,36,0.9986593723297119,True
17,17,0.9971721768379211,True
7,7,0.9877462387084961,True
2,2,0.999286949634552,True
5,5,0.9993823766708374,True
2,2,0.9999475479125977,True
5,5,0.9963645339012146,True
2,2,0.9999009370803833,True
13,13,0.9997655749320984,True
7,7,0.9999706745147705,True
33,33,0.9999734163284302,True
28,28,0.9999395608901978,True
5,5,0.9998424053192139,True
13,13,0.9995255470275879,True
4,4,0.9999066591262817,True
1,1,0.9813779592514038,True
10,10,0.9999040365219116,True
18,18,0.9996122717857361,True
42,41,0.8138124942779541,False
38,38,0.9998420476913452,True
25,25,0.9980950951576233,True
5,5,0.9996293783187866,True
11,11,0.9999977350234985,True
7,7,0.9985665678977966,True
2,2,0.9998012185096741,True
0,0,0.999640941619873,True
12,12,0.999925971031189,True
42,42,0.9989089965820312,True
1,1,0.9999734163284302,True
9,9,0.9999450445175171,True
35,35,0.9999977350234985,True
17,17,0.9994019269943237,True
13,13,0.9992507100105286,True
31,31,0.9871683120727539,True
8,8,0.999782383441925,True
38,38,0.9995719790458679,True
3,3,0.9901746511459351,True
39,39,0.9994020462036133,True
9,9,0.9999157190322876,True
17,17,0.48289430141448975,True
11,11,0.9999535083770752,True
38,38,0.9989365935325623,True
8,8,0.9997943043708801,True
18,18,0.9930949807167053,True
8,8,0.9984784722328186,True
23,23,0.9999420642852783,True
25,25,0.9999903440475464,True
18,18,0.8009573221206665,True
35,35,0.9999419450759888,True
10,10,0.9999665021896362,True
38,38,0.9978715181350708,True
6,6,0.9997624754905701,True
1,1,0.9997147917747498,True
28,28,0.9990628361701965,True
12,12,0.999887228012085,True
38,38,0.9998655319213867,True
35,35,0.9999970197677612,True
12,12,0.9998648166656494,True
14,14,0.9981784820556641,True
22,23,0.7027115821838379,False
16,16,0.9999867677688599,True
18,18,0.9999239444732666,True
5,5,0.9998645782470703,True
5,5,0.8579069972038269,True
14,14,0.999974250793457,True
29,29,0.9999480247497559,True
17,17,0.9998613595962524,True
2,2,0.9999481439590454,True
1,1,0.9999305009841919,True
2,2,0.9933527708053589,True
25,25,0.5389937162399292,True
26,26,0.9999871253967285,True
5,5,0.9998806715011597,True
13,13,0.9997050166130066,True
35,35,0.9999492168426514,True
18,18,0.9692988395690918,True
11,11,0.9999960660934448,True
8,8,0.9993951320648193,True
15,15,0.9999173879623413,True
9,9,0.9999940395355225,True
8,8,0.9984161853790283,True
12,12,0.9986976385116577,True
7,7,0.9893624186515808,True
1,1,0.9997095465660095,True
42,41,0.8147619962692261,False
2,3,0.6532147526741028,False
17,17,0.9999034404754639,True
35,35,0.9997974038124084,True
1,1,0.991097092628479,True
19,19,0.9911298751831055,True
10,10,0.9999254941940308,True
12,12,0.9997782111167908,True
4,4,0.9996854066848755,True
35,35,0.9999057054519653,True
38,38,0.9996598958969116,True
34,34,0.9944964051246643,True
4,4,0.9999642372131348,True
9,9,0.9999983310699463,True
8,8,0.9988189339637756,True
26,26,0.999454915523529,True
4,4,0.9999148845672607,True
9,9,0.9993976354598999,True
10,10,0.9998986721038818,True
10,10,0.9993568062782288,True
10,10,0.9999634027481079,True
17,17,0.9996836185455322,True
24,24,0.9999721050262451,True
35,35,0.9995759129524231,True
7,7,0.9999560117721558,True
25,25,0.999902606010437,True
13,13,0.9997665286064148,True
4,4,0.9999675750732422,True
5,5,0.6552388072013855,True
31,31,0.703296959400177,True
18,18,0.9999110698699951,True
12,12,0.9993371367454529,True
8,8,0.9993162155151367,True
7,8,0.5071871280670166,False
7,7,0.9994274377822876,True
3,3,0.9999661445617676,True
31,31,0.9998034834861755,True
12,12,0.9997360110282898,True
13,13,0.9998437166213989,True
11,27,0.6211070418357849,False
7,7,0.9998891353607178,True
13,13,0.999846339225769,True
3,3,0.9998117089271545,True
31,31,0.9968897700309753,True
24,24,0.9556764960289001,True
10,10,0.9999463558197021,True
38,38,0.9896987080574036,True
38,38,0.9888717532157898,True
42,42,0.9998482465744019,True
18,18,0.9999740123748779,True
10,10,0.9999531507492065,True
7,7,0.9999033212661743,True
5,5,0.9177561402320862,True
33,33,0.9879536628723145,True
8,8,0.999728262424469,True
1,1,0.9999353885650635,True
7,7,0.9973492622375488,True
14,14,0.99909508228302,True
33,33,0.9788989424705505,True
11,11,0.9996992349624634,True
1,1,0.9999628067016602,True
1,1,0.9999818801879883,True
2,2,0.999591052532196,True
31,20,0.6156126856803894,False
3,3,0.9687798023223877,True
33,33,0.9574967622756958,True
3,3,0.9680735468864441,True
30,20,0.8715296387672424,False
27,27,0.6705607771873474,True
13,13,0.9998865127563477,True
38,38,0.9984851479530334,True
13,13,0.9991994500160217,True
42,42,0.9998348951339722,True
10,10,0.9999233484268188,True
5,5,0.9998987913131714,True
26,26,0.9990236759185791,True
30,30,0.5324980616569519,True
9,9,0.9999493360519409,True
4,4,0.9999170303344727,True
8,8,0.9992679953575134,True
42,42,0.9476618766784668,True
5,5,0.9995531439781189,True
5,5,0.8437548279762268,True
25,25,0.999127209186554,True
19,19,0.9984971284866333,True
30,30,0.8079162240028381,True
31,31,0.9994688630104065,True
11,11,0.999940037727356,True
4,4,0.9996844530105591,True
7,7,0.9989008903503418,True
10,10,0.9984117746353149,True
24,24,0.9988828301429749,True
8,8,0.9940781593322754,True
25,27,0.7662833333015442,False
11,11,0.9999879598617554,True
11,11,0.9998946189880371,True
3,3,0.9949703812599182,True
10,10,0.9999570846557617,True
4,4,0.9999089241027832,True
38,38,0.999832034111023,True
1,1,0.9988698363304138,True
36,36,0.9988042116165161,True
12,12,0.999437153339386,True
11,11,0.999976634979248,True
5,5,0.999640941619873,True
3,3,0.9823483824729919,True
10,10,0.9999890327453613,True
9,9,0.9999446868896484,True
23,23,0.9995778203010559,True
1,1,0.9998623132705688,True
30,23,0.6310780644416809,False
17,17,0.9997373223304749,True
12,12,0.9999126195907593,True
31,31,0.9993744492530823,True
3,3,0.9914714694023132,True
10,10,0.9999690055847168,True
5,5,0.9998394250869751,True
41,9,0.9946303367614746,False
8,8,0.9998737573623657,True
1,1,0.999969482421875,True
25,25,0.9999942779541016,True
17,17,0.9998717308044434,True
1,1,0.9999542236328125,True
16,16,0.9498233199119568,True
37,37,0.9991920590400696,True
16,16,0.9395532608032227,True
9,9,0.8912566304206848,True
5,5,0.9998070597648621,True
25,25,0.9966489672660828,True
12,12,0.9996160268783569,True
7,7,0.9971373081207275,True
38,38,0.9992527365684509,True
2,2,0.9996832609176636,True
13,13,0.9996676445007324,True
1,1,0.9985541701316833,True
12,12,0.9996215105056763,True
4,4,0.9996955394744873,True
26,25,0.29182785749435425,False
33,33,0.9998136162757874,True
7,7,0.9997970461845398,True
3,3,0.9948504567146301,True
40,40,0.999687671661377,True
31,30,0.398817777633667,False
33,33,0.9936689734458923,True
35,35,0.9997357726097107,True
12,12,0.999504804611206,True
7,7,0.9999454021453857,True
12,12,0.9997590184211731,True
2,2,0.9619709849357605,True
3,3,0.989152193069458,True
5,5,0.9878208041191101,True
12,12,0.999940037727356,True
8,8,0.990717351436615,True
17,17,0.9998527765274048,True
8,8,0.9991348385810852,True
7,7,0.999995231628418,True
2,2,0.9997355341911316,True
7,7,0.9995947480201721,True
3,3,0.9998811483383179,True
18,27,0.8231894373893738,False
11,11,0.9996683597564697,True
4,4,0.9998506307601929,True
42,41,0.7709271907806396,False
15,15,0.9999350309371948,True
2,2,0.9987831711769104,True
17,17,0.9997403025627136,True
1,1,0.999984622001648,True
12,12,0.9997956156730652,True
4,4,0.9999721050262451,True
16,16,0.9999533891677856,True
6,6,0.9999713897705078,True
10,10,0.9999785423278809,True
17,17,0.9998799562454224,True
18,18,0.99482262134552,True
2,2,0.999910831451416,True
14,14,0.9991961121559143,True
22,22,0.9998125433921814,True
38,38,0.9998295307159424,True
23,23,0.9998031258583069,True
4,4,0.9936715364456177,True
29,29,0.9998573064804077,True
4,4,0.9999926090240479,True
28,28,0.7831831574440002,True
5,5,0.9962291121482849,True
11,11,0.9961944818496704,True
11,11,0.999976396560669,True
12,12,0.999866247177124,True
17,17,0.9999200105667114,True
12,12,0.9999629259109497,True
25,25,0.9978505373001099,True
4,4,0.9999194145202637,True
18,18,0.9998787641525269,True
38,38,0.9995104074478149,True
13,13,0.999373733997345,True
10,10,0.9999648332595825,True
33,33,0.9999481439590454,True
9,9,0.9999843835830688,True
2,2,0.9994091987609863,True
28,28,0.8691692352294922,True
28,28,0.9998036026954651,True
8,8,0.9995936751365662,True
17,17,0.9996685981750488,True
38,38,0.9997664093971252,True
2,2,0.9997212290763855,True
10,10,0.9999562501907349,True
2,2,0.9991194605827332,True
2,2,0.9990677237510681,True
8,8,0.9928419589996338,True
7,7,0.9980450868606567,True
7,7,0.9998014569282532,True
14,14,0.9996452331542969,True
3,3,0.999936580657959,True
32,32,0.9920735955238342,True
11,11,0.999987006187439,True
16,16,0.9999696016311646,True
9,9,0.9999756813049316,True
15,15,0.999509334564209,True
2,2,0.9738759398460388,True
2,2,0.9999064207077026,True
4,4,0.994088888168335,True
27,27,0.693001925945282,True
38,38,0.822555661201477,True
11,11,0.9999289512634277,True
13,13,0.9993403553962708,True
18,18,0.9833589196205139,True
11,11,0.9998231530189514,True
22,22,0.999359667301178,True
10,10,0.9999736547470093,True
5,5,0.9994205236434937,True
18,18,0.9550948739051819,True
18,18,0.999529242515564,True
38,38,0.9996781349182129,True
12,12,0.9998206496238708,True
1,1,0.9998413324356079,True
13,13,0.9993019104003906,True
12,12,0.9997401833534241,True
9,9,0.9998618364334106,True
1,1,0.9999178647994995,True
41,41,0.9996176958084106,True
13,13,0.9975045323371887,True
11,26,0.4470527172088623,False
30,30,0.818138599395752,True
1,1,0.9975589513778687,True
33,33,0.999618649482727,True
4,4,0.9999840259552002,True
3,3,0.9984429478645325,True
15,15,0.9999349117279053,True
22,22,0.9505746960639954,True
4,4,0.9999501705169678,True
38,38,0.9993876218795776,True
30,30,0.6535405516624451,True
36,36,0.9981999397277832,True
2,2,0.9998008608818054,True
42,42,0.9606412053108215,True
5,5,0.9991135001182556,True
5,5,0.999153733253479,True
31,31,0.997800886631012,True
18,18,0.9999520778656006,True
5,5,0.9621018171310425,True
6,6,0.9996033310890198,True
12,12,0.9999141693115234,True
1,1,0.9936730861663818,True
40,40,0.9998694658279419,True
2,2,0.9991583824157715,True
8,8,0.9874039888381958,True
34,34,0.9996032118797302,True
36,36,0.9789205193519592,True
10,10,0.9999650716781616,True
12,12,0.9993929862976074,True
14,14,0.999901294708252,True
42,42,0.9827314019203186,True
10,10,0.9984885454177856,True
18,18,0.999542236328125,True
5,5,0.9968286156654358,True
12,12,0.998898983001709,True
4,4,0.9999381303787231,True
34,34,0.9999539852142334,True
26,26,0.9994345307350159,True
1,1,0.9997085928916931,True
25,25,0.9984891414642334,True
12,12,0.9992377758026123,True
28,28,0.9988478422164917,True
8,8,0.9987664222717285,True
5,5,0.9993194341659546,True
35,35,0.9994500279426575,True
25,25,0.9997859597206116,True
5,5,0.9985315799713135,True
1,1,0.9985238909721375,True
32,32,0.9999432563781738,True
14,14,0.9997382760047913,True
36,36,0.9923213124275208,True
2,2,0.9994509816169739,True
9,9,0.9999796152114868,True
12,12,0.9998589754104614,True
7,7,0.9999740123748779,True
2,2,0.9951338171958923,True
3,3,0.9978245496749878,True
11,11,0.7081797122955322,True
35,35,0.9999116659164429,True
41,32,0.5994539260864258,False
42,42,0.9948628544807434,True
18,18,0.7556366920471191,True
35,35,0.9998170733451843,True
10,10,0.9999747276306152,True
1,1,0.9999891519546509,True
14,14,0.9994458556175232,True
38,38,0.9998500347137451,True
7,7,0.9998261332511902,True
17,17,0.9996957778930664,True
1,1,0.9906001091003418,True
35,35,0.9997790455818176,True
23,23,0.9998379945755005,True
8,8,0.9907763600349426,True
3,3,0.9998575448989868,True
3,3,0.9999715089797974,True
32,32,0.9999356269836426,True
38,38,0.9999426603317261,True
1,1,0.999982476234436,True
5,5,0.9984230995178223,True
12,12,0.999860405921936,True
13,13,0.9998006224632263,True
8,8,0.9998014569282532,True
8,8,0.931098997592926,True
4,4,0.9998940229415894,True
22,27,0.6010535359382629,False
7,8,0.9968016147613525,False
26,26,0.9985038042068481,True
28,28,0.9995474219322205,True
4,4,0.9999452829360962,True
1,1,0.9999521970748901,True
38,38,0.9995297193527222,True
9,9,0.9433958530426025,True
9,9,0.9999680519104004,True
3,3,0.9996212720870972,True
10,10,0.9997884631156921,True
29,29,0.9930604696273804,True
33,33,0.999944806098938,True
7,7,0.9998107552528381,True
16,16,0.9999810457229614,True
9,9,0.9999915361404419,True
2,2,0.9998093247413635,True
22,22,0.9998438358306885,True
31,31,0.9990266561508179,True
39,39,0.9991989731788635,True
9,9,0.999964714050293,True
15,15,0.9999375343322754,True
35,35,0.9965000152587891,True
5,5,0.9997988343238831,True
38,38,0.9983831644058228,True
2,2,0.9998804330825806,True
35,35,0.9999676942825317,True
38,38,0.999658465385437,True
11,11,0.9999138116836548,True
2,2,0.9538862109184265,True
23,23,0.99795001745224,True
22,22,0.9998413324356079,True
38,38,0.9973438382148743,True
2,2,0.9976208806037903,True
8,8,0.9998359680175781,True
12,12,0.9998674392700195,True
5,5,0.9997441172599792,True
14,14,0.7779048085212708,True
22,22,0.9997151494026184,True
2,2,0.999588668346405,True
13,13,0.9698035717010498,True
38,38,0.9991624355316162,True
4,4,0.9995332956314087,True
31,31,0.9912658333778381,True
2,2,0.9995585083961487,True
18,18,0.999834418296814,True
31,31,0.9980277419090271,True
12,12,0.9998706579208374,True
5,5,0.9997591376304626,True
33,33,0.9986518025398254,True
5,5,0.9997580647468567,True
3,3,0.9989452958106995,True
38,38,0.9996232986450195,True
13,13,0.9997718930244446,True
6,6,0.9999792575836182,True
13,13,0.9996317625045776,True
14,14,0.9995854496955872,True
13,13,0.9997816681861877,True
35,35,0.9999977350234985,True
6,6,0.9988541603088379,True
31,31,0.9495208859443665,True
11,11,0.9999939203262329,True
35,35,0.9999626874923706,True
15,15,0.99871826171875,True
10,10,0.9999933242797852,True
1,1,0.9996428489685059,True
19,19,0.9996868371963501,True
17,12,0.6555442214012146,False
6,6,0.9999282360076904,True
7,7,0.9999812841415405,True
32,32,0.9999262094497681,True
30,30,0.9896101951599121,True
10,10,0.9999594688415527,True
25,25,0.9999208450317383,True
9,9,0.988591730594635,True
36,36,0.9696603417396545,True
13,13,0.9997467398643494,True
21,21,0.987275242805481,True
10,10,0.9999595880508423,True
2,2,0.9998530149459839,True
17,17,0.9999496936798096,True
18,18,0.9999009370803833,True
37,37,0.9797494411468506,True
25,25,0.9984943866729736,True
5,5,0.9998859167098999,True
28,28,0.9956579208374023,True
2,2,0.9994608759880066,True
17,17,0.9998849630355835,True
28,28,0.9999840259552002,True
12,12,0.9978228807449341,True
7,7,0.9997499585151672,True
1,1,0.9977472424507141,True
8,8,0.9995192289352417,True
35,35,0.9999138116836548,True
3,3,0.9373480677604675,True
22,22,0.9998821020126343,True
2,2,0.9998630285263062,True
8,8,0.9997922778129578,True
16,16,0.9999024868011475,True
31,31,0.9964304566383362,True
1,1,0.9999698400497437,True
28,28,0.9996237754821777,True
12,12,0.9993888139724731,True
17,17,0.9999468326568604,True
13,13,0.9995989203453064,True
40,40,0.9996323585510254,True
11,11,0.9999881982803345,True
8,8,0.9998345375061035,True
2,2,0.9999076128005981,True
8,8,0.9985548853874207,True
30,30,0.99094557762146,True
3,3,0.999996542930603,True
8,8,0.9998878240585327,True
22,22,0.999725878238678,True
12,12,0.999902606010437,True
25,25,0.9979074001312256,True
25,25,0.9994702935218811,True
6,6,0.9997816681861877,True
8,8,0.9995051622390747,True
30,30,0.9145447611808777,True
2,2,0.9996477365493774,True
9,9,0.9999748468399048,True
7,7,0.9890007972717285,True
25,25,0.9997612833976746,True
7,7,0.9999758005142212,True
42,42,0.9999256134033203,True
18,18,0.9999345541000366,True
4,4,0.9996644258499146,True
14,14,0.9998175501823425,True
14,14,0.9997976422309875,True
5,5,0.9992321729660034,True
41,41,0.7811582088470459,True
30,29,0.6672187447547913,False
15,15,0.9998273849487305,True
7,7,0.9999041557312012,True
8,8,0.9995819926261902,True
14,14,0.9999008178710938,True
9,9,0.9999736547470093,True
20,20,0.9945717453956604,True
3,3,0.8469511270523071,True
12,12,0.9995437264442444,True
3,3,0.9944823980331421,True
38,38,0.9998378753662109,True
13,13,0.9994291663169861,True
3,3,0.9677823781967163,True
16,16,0.9999287128448486,True
10,10,0.9999467134475708,True
33,33,0.999967098236084,True
7,7,0.9999467134475708,True
12,12,0.9998745918273926,True
1,1,0.9998779296875,True
31,31,0.8567935824394226,True
33,33,0.999539852142334,True
8,8,0.9988067150115967,True
1,1,0.9999610185623169,True
9,9,0.99994957447052,True
21,11,0.7291168570518494,False
13,13,0.9996625185012817,True
35,35,0.9990597367286682,True
8,8,0.9919022917747498,True
33,33,0.9995980858802795,True
14,14,0.7483459711074829,True
2,2,0.998863697052002,True
10,10,0.9999206066131592,True
1,1,0.9999080896377563,True
5,5,0.9996127486228943,True
1,1,0.9999887943267822,True
13,13,0.9997468590736389,True
18,18,0.9962230920791626,True
37,37,0.8286656141281128,True
4,4,0.9998754262924194,True
6,6,0.99940025806427,True
3,3,0.9998359680175781,True
8,8,0.9982617497444153,True
38,38,0.9998650550842285,True
42,42,0.9646474719047546,True
29,29,0.9991989731788635,True
6,6,0.9548991918563843,True
2,2,0.9983737468719482,True
18,18,0.9980225563049316,True
35,35,0.9999412298202515,True
5,5,0.9999264478683472,True
23,23,0.5292074084281921,True
38,38,0.9995222091674805,True
8,8,0.9993981122970581,True
38,38,0.9997820258140564,True
13,13,0.9997593760490417,True
36,36,0.9096133708953857,True
1,1,0.9999973773956299,True
36,36,0.9999552965164185,True
35,35,0.9999301433563232,True
18,18,0.9997522234916687,True
23,23,0.9972772002220154,True
11,11,0.999962568283081,True
10,10,0.9996308088302612,True
25,25,0.9999853372573853,True
30,30,0.6529021859169006,True
5,1,0.986639142036438,False
29,29,0.9980853796005249,True
31,31,0.9994066953659058,True
14,14,0.8348541855812073,True
1,1,0.999723494052887,True
38,38,0.9993225336074829,True
3,3,0.9996747970581055,True
1,1,0.9824582934379578,True
14,14,0.9997846484184265,True
11,11,0.9999449253082275,True
25,25,0.9996742010116577,True
38,38,0.9998314380645752,True
8,8,0.9992641806602478,True
12,12,0.9996926784515381,True
39,39,0.9565805792808533,True
18,18,0.8840629458427429,True
17,17,0.9873757362365723,True
4,4,0.999832034111023,True
4,4,0.9995383024215698,True
1,1,0.9999775886535645,True
1,1,0.9728133082389832,True
4,4,0.9999089241027832,True
12,12,0.999620795249939,True
25,25,0.9999305009841919,True
12,12,0.9995662569999695,True
5,5,0.9921497106552124,True
12,12,0.9996328353881836,True
27,27,0.45400702953338623,True
12,12,0.9996166229248047,True
12,12,0.9994491934776306,True
38,38,0.999588668346405,True
11,11,0.999890923500061,True
4,4,0.9998596906661987,True
30,29,0.5286135077476501,False
9,9,0.9999850988388062,True
4,4,0.9999301433563232,True
17,17,0.9996981620788574,True
25,25,0.8274348974227905,True
4,4,0.999940037727356,True
16,16,0.997087299823761,True
18,18,0.9999293088912964,True
13,13,0.9998408555984497,True
23,20,0.545863926410675,False
18,18,0.9998376369476318,True
1,1,0.9999691247940063,True
21,21,0.9502623081207275,True
12,12,0.9998289346694946,True
10,10,0.9998575448989868,True
5,5,0.9162423014640808,True
42,42,0.874963104724884,True
13,13,0.9998249411582947,True
4,4,0.9999666213989258,True
22,25,0.5301340818405151,False
2,2,0.494493305683136,True
3,3,0.997797966003418,True
13,13,0.9997641444206238,True
19,19,0.9987939596176147,True
16,16,0.9999970197677612,True
3,3,0.9947201013565063,True
4,4,0.9998987913131714,True
28,28,0.9664728045463562,True
5,5,0.9997236132621765,True
31,31,0.996448278427124,True
13,13,0.9997617602348328,True
25,25,0.9997546076774597,True
35,35,0.9994828701019287,True
1,1,0.9995577931404114,True
26,12,0.5221303105354309,False
39,39,0.9483641386032104,True
38,38,0.9996968507766724,True
36,36,0.9866011738777161,True
31,20,0.8632485270500183,False
38,38,0.9998243451118469,True
38,38,0.9999086856842041,True
3,3,0.9855367541313171,True
13,13,0.9995730519294739,True
28,28,0.9860325455665588,True
17,17,0.9964463114738464,True
10,10,0.9998760223388672,True
11,11,0.9999887943267822,True
38,38,0.9995185136795044,True
7,7,0.7404041886329651,True
26,26,0.9999446868896484,True
33,33,0.9998515844345093,True
10,10,0.9998353719711304,True
28,28,0.9974719882011414,True
2,2,0.999858021736145,True
3,3,0.9998373985290527,True
3,3,0.9986656904220581,True
13,13,0.9996720552444458,True
2,2,0.9989670515060425,True
12,12,0.9998413324356079,True
31,31,0.9895294308662415,True
38,38,0.999376118183136,True
2,2,0.9997289776802063,True
34,34,0.9999604225158691,True
9,9,0.9999579191207886,True
1,1,0.9998916387557983,True
8,8,0.9994581341743469,True
31,31,0.9693650603294373,True
3,3,0.9486169219017029,True
31,31,0.7212030291557312,True
33,33,0.9940871000289917,True
12,12,0.9999477863311768,True
1,1,0.9643299579620361,True
6,6,0.9995878338813782,True
35,35,0.9999679327011108,True
11,11,0.38133302330970764,True
4,4,0.9999330043792725,True
2,2,0.9987722039222717,True
38,38,0.99913090467453,True
34,34,0.9999779462814331,True
12,12,0.9994981288909912,True
12,12,0.9998138546943665,True
40,40,0.9998815059661865,True
9,9,0.9999881982803345,True
10,10,0.9999914169311523,True
4,4,0.9999816417694092,True
12,12,0.9998438358306885,True
25,25,0.9997681975364685,True
31,31,0.48392635583877563,True
25,25,0.9981706142425537,True
2,2,0.9998237490653992,True
13,13,0.9996403455734253,True
16,16,0.9846172332763672,True
3,3,0.9999920129776001,True
31,31,0.999031662940979,True
33,33,0.9995961785316467,True
12,12,0.999679446220398,True
12,12,0.9998881816864014,True
15,15,0.9999020099639893,True
4,4,0.9962435960769653,True
17,17,0.9969524145126343,True
8,8,0.9802727699279785,True
38,38,0.9995514750480652,True
33,33,0.999895453453064,True
31,31,0.9990309476852417,True
38,38,0.9997883439064026,True
13,13,0.9999415874481201,True
13,13,0.9990841150283813,True
2,2,0.9998235106468201,True
31,31,0.999554455280304,True
10,10,0.9997488856315613,True
2,2,0.9996902942657471,True
5,5,0.9997958540916443,True
5,5,0.5852388739585876,True
4,4,0.9999614953994751,True
38,38,0.9984123706817627,True
17,12,0.465181827545166,False
7,7,0.9998817443847656,True
21,21,0.9710170030593872,True
31,31,0.9980061650276184,True
12,12,0.9999630451202393,True
8,8,0.9993581175804138,True
25,25,0.9993265867233276,True
4,4,0.9999353885650635,True
13,13,0.9997789263725281,True
7,7,0.9999620914459229,True
1,1,0.9831525087356567,True
38,38,0.998412013053894,True
38,38,0.99991774559021,True
1,1,0.9999606609344482,True
2,2,0.9998807907104492,True
12,12,0.9995113611221313,True
7,7,0.9992877840995789,True
2,2,0.9990656971931458,True
25,25,0.9997612833976746,True
30,25,0.9500626921653748,False
38,38,0.9993909597396851,True
40,35,0.9890667200088501,False
12,12,0.9996042847633362,True
29,29,0.9993720650672913,True
8,8,0.9998067021369934,True
9,9,0.9999864101409912,True
30,30,0.9348145723342896,True
5,5,0.9995518326759338,True
12,12,0.9991756081581116,True
38,38,0.9984776377677917,True
10,10,0.9999010562896729,True
1,1,0.9861010909080505,True
35,35,0.9999982118606567,True
4,4,0.9999029636383057,True
16,16,0.9997523427009583,True
4,4,0.9998801946640015,True
25,25,0.7441169023513794,True
7,7,0.9992094039916992,True
0,8,0.8353586196899414,False
6,6,0.9982613921165466,True
25,27,0.814855694770813,False
20,20,0.9350675344467163,True
12,12,0.9998571872711182,True
11,11,0.9999593496322632,True
9,9,0.9999802112579346,True
5,5,0.9993588328361511,True
27,11,0.8689603805541992,False
38,38,0.9995904564857483,True
4,4,0.9999474287033081,True
5,5,0.9996324777603149,True
2,2,0.9996753931045532,True
18,11,0.9892087578773499,False
4,4,0.9999922513961792,True
1,1,0.9992594122886658,True
9,9,0.9999486207962036,True
3,5,0.6758244633674622,False
5,5,0.9997401833534241,True
1,1,0.9898712038993835,True
12,12,0.9997408986091614,True
11,11,0.9999895095825195,True
2,2,0.9997429251670837,True
10,10,0.9998873472213745,True
1,1,0.9996949434280396,True
20,20,0.9970533847808838,True
1,1,0.999875545501709,True
28,28,0.9989750385284424,True
13,13,0.9996330738067627,True
20,20,0.9980411529541016,True
25,25,0.9997822642326355,True
12,12,0.999283492565155,True
5,5,0.9979552030563354,True
18,24,0.32240888476371765,False
8,8,0.9990116357803345,True
36,36,0.9968630075454712,True
11,11,0.999982476234436,True
7,7,0.9985370635986328,True
3,3,0.9745432138442993,True
10,10,0.9966183304786682,True
10,10,0.9996128678321838,True
2,2,0.9090277552604675,True
2,2,0.9999420642852783,True
7,7,0.9999850988388062,True
8,8,0.8670613765716553,True
13,13,0.9993440508842468,True
2,2,0.9636016488075256,True
13,13,0.9999440908432007,True
28,28,0.9995978474617004,True
9,9,0.9999125003814697,True
4,4,0.9995573163032532,True
39,39,0.99981290102005,True
10,10,0.999901533126831,True
13,13,0.9997333884239197,True
12,12,0.999897837638855,True
18,18,0.9999672174453735,True
16,16,0.895564079284668,True
38,38,0.9980100989341736,True
9,9,0.9999904632568359,True
8,8,0.9996588230133057,True
13,13,0.9998806715011597,True
11,11,0.9999954700469971,True
3,3,0.9402721524238586,True
28,28,0.999994158744812,True
40,40,0.9995662569999695,True
8,8,0.9988006353378296,True
7,7,0.9998107552528381,True
18,18,0.9999866485595703,True
2,2,0.9989657402038574,True
17,17,0.9998127818107605,True
8,8,0.9998958110809326,True
16,16,0.9999097585678101,True
6,6,0.9999016523361206,True
33,33,0.9999765157699585,True
31,31,0.7290951013565063,True
9,9,0.999983549118042,True
34,34,0.7040312886238098,True
17,17,0.999882698059082,True
38,38,0.9975253939628601,True
9,9,0.9997029900550842,True
12,12,0.9996260404586792,True
2,1,0.9040350317955017,False
35,35,0.999990701675415,True
4,4,0.9999669790267944,True
8,8,0.999840259552002,True
18,18,0.9997163414955139,True
37,37,0.9817905426025391,True
8,8,0.9989935755729675,True
13,13,0.9998338222503662,True
12,12,0.9996947050094604,True
13,13,0.9998998641967773,True
11,11,0.9999960660934448,True
13,13,0.999963641166687,True
12,12,0.9999134540557861,True
38,38,0.9999022483825684,True
12,12,0.9998440742492676,True
8,8,0.999582827091217,True
31,31,0.9984945058822632,True
7,7,0.9675007462501526,True
30,28,0.6394508481025696,False
5,5,0.996094286441803,True
7,7,0.999396562576294,True
31,31,0.9974688291549683,True
9,9,0.9998441934585571,True
10,10,0.9999755620956421,True
38,38,0.9736135005950928,True
8,8,0.9999163150787354,True
28,28,0.999550998210907,True
10,10,0.9999698400497437,True
5,5,0.9991543292999268,True
5,5,0.9910863041877747,True
25,25,0.9999376535415649,True
24,24,0.9902702569961548,True
14,14,0.9999747276306152,True
26,26,0.9999570846557617,True
28,27,0.4946649968624115,False
35,35,0.9995494484901428,True
4,4,0.9998797178268433,True
1,1,0.9995575547218323,True
4,4,0.9999562501907349,True
7,7,0.9997921586036682,True
39,39,0.9852890372276306,True
13,13,0.9993579983711243,True
5,5,0.9834031462669373,True
35,35,0.9828522801399231,True
3,3,0.9991322159767151,True
2,2,0.9995079040527344,True
31,31,0.9992843270301819,True
25,25,0.9978899359703064,True
3,3,0.9915689826011658,True
5,5,0.99854576587677,True
10,10,0.9998225569725037,True
35,35,0.9999743700027466,True
42,42,0.999458372592926,True
7,7,0.9999319314956665,True
25,25,0.9998584985733032,True
40,40,0.6859937906265259,True
8,8,0.999701201915741,True
38,38,0.9582945704460144,True
5,5,0.9313657283782959,True
2,2,0.999779999256134,True
12,12,0.9995760321617126,True
38,38,0.9996627569198608,True
1,1,0.7761250138282776,True
13,13,0.9999253749847412,True
12,12,0.9997100234031677,True
33,33,0.9994521737098694,True
38,38,0.999988317489624,True
4,4,0.9996200799942017,True
5,2,0.9978089928627014,False
5,5,0.9931679368019104,True
11,11,0.9971946477890015,True
25,25,0.999921441078186,True
10,10,0.9997135996818542,True
7,7,0.9999873638153076,True
4,26,0.8489981889724731,False
35,35,0.9999643564224243,True
2,2,0.9996030926704407,True
8,8,0.9999415874481201,True
4,4,0.9999608993530273,True
1,1,0.9999223947525024,True
34,34,0.9999696016311646,True
14,14,0.9995761513710022,True
13,13,0.9998098015785217,True
18,26,0.4999319911003113,False
37,37,0.9967300891876221,True
13,13,0.9994760155677795,True
5,5,0.9272477030754089,True
12,12,0.9999297857284546,True
10,10,0.999845027923584,True
17,17,0.9995468258857727,True
17,17,0.9994813799858093,True
30,30,0.8310324549674988,True
20,20,0.9954878687858582,True
18,18,0.5994123220443726,True
10,10,0.9998818635940552,True
14,14,0.9997981190681458,True
38,38,0.9998430013656616,True
12,12,0.9995904564857483,True
12,12,0.9986704587936401,True
25,25,0.9998816251754761,True
12,12,0.9997497200965881,True
13,13,0.999872088432312,True
35,35,0.987054705619812,True
5,5,0.9912348985671997,True
25,25,0.9996477365493774,True
5,5,0.9999070167541504,True
1,1,0.9993840456008911,True
17,17,0.9996637105941772,True
4,4,0.9997684359550476,True
4,4,0.9995282888412476,True
13,13,0.9997431635856628,True
26,26,0.9999351501464844,True
3,3,0.930844247341156,True
5,5,0.997988224029541,True
30,29,0.4853270947933197,False
1,1,0.9971211552619934,True
34,34,0.7881988286972046,True
21,21,0.999251663684845,True
18,18,0.9989338517189026,True
12,12,0.9998823404312134,True
12,12,0.9997100234031677,True
4,4,0.9996987581253052,True
2,2,0.9997138381004333,True
1,1,0.9999803304672241,True
22,22,0.4144042432308197,True
35,35,0.8284962177276611,True
31,31,0.9998540878295898,True
11,11,0.999841570854187,True
16,16,0.9999783039093018,True
14,14,0.9998635053634644,True
32,32,0.9999544620513916,True
16,16,0.9204090237617493,True
37,37,0.9977558255195618,True
5,5,0.999386191368103,True
35,34,0.28731805086135864,False
6,6,0.6191960573196411,True
15,15,0.999922513961792,True
26,26,0.9999545812606812,True
25,25,0.9941388368606567,True
5,5,0.9999407529830933,True
10,10,0.9998195767402649,True
25,25,0.9999440908432007,True
40,40,0.9874465465545654,True
2,2,0.9997170567512512,True
5,5,0.9993621706962585,True
33,33,0.9794631004333496,True
10,10,0.9998832941055298,True
13,13,0.999761164188385,True
1,4,0.7799127101898193,False
15,15,0.9993813037872314,True
38,38,0.5636921525001526,True
7,7,0.9975627660751343,True
1,1,0.9995574355125427,True
13,13,0.9997417330741882,True
35,35,0.9998433589935303,True
35,35,0.999947190284729,True
42,42,0.9312875270843506,True
11,11,0.81321120262146,True
1,1,0.9957423806190491,True
35,35,0.9999878406524658,True
29,29,0.9998536109924316,True
12,12,0.9995052814483643,True
37,37,0.9269754886627197,True
13,13,0.9998195767402649,True
8,5,0.830208420753479,False
7,7,0.9813310503959656,True
5,5,0.9995094537734985,True
2,2,0.9995850920677185,True
14,14,0.9796876907348633,True
3,3,0.9990077614784241,True
38,38,0.9996657371520996,True
13,13,0.9998685121536255,True
15,15,0.9997398257255554,True
25,25,0.9995524287223816,True
8,8,0.958389401435852,True
3,3,0.9998525381088257,True
18,18,0.9977020621299744,True
9,9,0.9869086146354675,True
28,28,0.9916732907295227,True
3,3,0.9998260140419006,True
23,23,0.9997591376304626,True
2,2,0.9984086155891418,True
4,4,0.9999459981918335,True
9,9,0.999991774559021,True
30,20,0.6955081820487976,False
34,34,0.9436982274055481,True
2,2,0.9986469149589539,True
10,10,0.9998781681060791,True
25,25,0.9993698000907898,True
1,1,0.9999790191650391,True
38,38,0.9994603991508484,True
38,38,0.9982933402061462,True
24,24,0.9997053742408752,True
5,5,0.9995989203453064,True
19,19,0.9979187846183777,True
10,10,0.8897140026092529,True
35,35,0.9986984729766846,True
7,7,0.9900968074798584,True
11,11,0.9999780654907227,True
11,11,0.9999940395355225,True
11,26,0.26837846636772156,False
3,3,0.9970833659172058,True
23,20,0.947260320186615,False
10,10,0.9999779462814331,True
18,18,0.6437230706214905,True
4,4,0.9998637437820435,True
1,1,0.9984292387962341,True
32,32,0.9998509883880615,True
5,5,0.9991188645362854,True
4,4,0.9999568462371826,True
38,38,0.9998636245727539,True
7,7,0.9999644756317139,True
38,38,0.999901294708252,True
20,20,0.9994586110115051,True
26,12,0.48468461632728577,False
16,16,0.9999924898147583,True
21,21,0.9998317956924438,True
23,23,0.9700294137001038,True
13,13,0.9998055100440979,True
25,25,0.996992826461792,True
21,21,0.9999781847000122,True
4,4,0.9999574422836304,True
10,10,0.9757180213928223,True
7,7,0.998810887336731,True
2,2,0.9930387139320374,True
12,12,0.9997525811195374,True
40,40,0.9322220683097839,True
12,12,0.9999645948410034,True
34,34,0.9994372725486755,True
7,7,0.7385417819023132,True
9,9,0.9999773502349854,True
38,38,0.9997139573097229,True
18,18,0.9991470575332642,True
13,13,0.9996498823165894,True
38,40,0.8164252042770386,False
3,3,0.9702146649360657,True
17,17,0.9989029169082642,True
35,34,0.7681183218955994,False
40,40,0.9999964237213135,True
7,7,0.9999737739562988,True
9,9,0.999990701675415,True
9,9,0.9999854564666748,True
9,9,0.5295282602310181,True
21,21,0.9999414682388306,True
38,38,0.9941372871398926,True
31,31,0.4626038670539856,True
10,10,0.9999260902404785,True
2,2,0.9995840191841125,True
12,12,0.9978498220443726,True
27,27,0.9996583461761475,True
31,31,0.99997878074646,True
25,27,0.7998601198196411,False
36,36,0.8916770815849304,True
11,11,0.9998928308486938,True
24,24,0.9975689053535461,True
8,8,0.9998635053634644,True
35,35,0.9857078194618225,True
9,9,0.9999501705169678,True
3,3,0.630057156085968,True
18,18,0.9460186958312988,True
38,38,0.9996127486228943,True
13,13,0.9992996454238892,True
18,18,0.9998918771743774,True
39,39,0.9961736798286438,True
38,38,0.9994694590568542,True
18,18,0.7470999360084534,True
29,29,0.9986090064048767,True
18,18,0.999953031539917,True
10,10,0.999886155128479,True
13,13,0.9998487234115601,True
30,30,0.9994221925735474,True
17,17,0.997955322265625,True
16,16,0.9882785081863403,True
9,9,0.9999955892562866,True
35,35,0.9858091473579407,True
22,25,0.9032064080238342,False
13,13,0.9997871518135071,True
13,13,0.9997336268424988,True
13,13,0.9994996786117554,True
13,13,0.9997430443763733,True
13,13,0.9997689127922058,True
2,2,0.9895390868186951,True
13,13,0.999638557434082,True
24,24,0.7290767431259155,True
3,3,0.9996576309204102,True
35,35,0.9999855756759644,True
2,2,0.9999834299087524,True
2,2,0.9997045397758484,True
9,9,0.9995872378349304,True
8,8,0.9997809529304504,True
38,38,0.9578142166137695,True
35,35,0.9994233846664429,True
7,7,0.9999674558639526,True
9,9,0.9999833106994629,True
9,9,0.9999955892562866,True
2,2,0.9994882345199585,True
1,1,0.9999545812606812,True
33,33,0.9878589510917664,True
2,2,0.995201587677002,True
17,17,0.9998067021369934,True
5,5,0.9978768825531006,True
5,5,0.9993487000465393,True
3,3,0.9991242289543152,True
13,13,0.9999117851257324,True
34,34,0.9998863935470581,True
13,13,0.9997045397758484,True
35,35,0.9994996786117554,True
28,28,0.9165445566177368,True
10,10,0.9997981190681458,True
11,11,0.9997056126594543,True
2,2,0.9995724558830261,True
32,32,0.9997164607048035,True
12,12,0.994905948638916,True
2,2,0.9998055100440979,True
13,13,0.9999423027038574,True
11,11,0.9999876022338867,True
35,35,0.9999438524246216,True
4,4,0.9999220371246338,True
12,12,0.9996517896652222,True
17,17,0.9985706806182861,True
2,2,0.999893307685852,True
1,1,0.9995586276054382,True
1,1,0.99992835521698,True
28,28,0.9997488856315613,True
4,4,0.9999182224273682,True
21,21,0.999695897102356,True
17,17,0.9999277591705322,True
3,3,0.9133254289627075,True
1,1,0.9983125925064087,True
2,2,0.9997968077659607,True
18,18,0.936800479888916,True
10,10,0.9999885559082031,True
12,12,0.998198926448822,True
30,30,0.7260555624961853,True
1,1,0.9997406601905823,True
7,7,0.9998579025268555,True
2,2,0.9997046589851379,True
25,25,0.993485152721405,True
40,40,0.9999498128890991,True
8,8,0.9998518228530884,True
27,27,0.99822598695755,True
4,4,0.9999047517776489,True
41,41,0.6778134703636169,True
7,7,0.999923586845398,True
3,3,0.9995585083961487,True
15,15,0.9999278783798218,True
9,9,0.99998939037323,True
1,1,0.9999047517776489,True
7,8,0.9968380928039551,False
32,32,0.9938346147537231,True
14,14,0.9996224641799927,True
12,12,0.9993645548820496,True
9,9,0.9997745156288147,True
12,12,0.9997770190238953,True
34,34,0.9999805688858032,True
12,12,0.9995920062065125,True
2,2,0.9998797178268433,True
35,12,0.38649868965148926,False
10,10,0.9999406337738037,True
7,7,0.9999604225158691,True
26,26,0.9996137022972107,True
12,12,0.9995954632759094,True
8,8,0.9997456669807434,True
3,3,0.9990878105163574,True
11,11,0.9999808073043823,True
7,7,0.9996567964553833,True
38,38,0.9994077682495117,True
5,5,0.9999451637268066,True
4,4,0.9998356103897095,True
33,33,0.9985299110412598,True
1,1,0.9845444560050964,True
29,29,0.9937198162078857,True
4,4,0.9999232292175293,True
25,25,0.9865994453430176,True
25,25,0.6449588537216187,True
37,37,0.9998623132705688,True
12,12,0.9997212290763855,True
10,10,0.9999955892562866,True
15,15,0.9990274906158447,True
38,38,0.9995520710945129,True
11,11,0.9918013215065002,True
5,5,0.9997171759605408,True
18,18,0.9997105002403259,True
2,2,0.9987843632698059,True
13,13,0.9994469285011292,True
35,35,0.9997959733009338,True
26,26,0.9996417760848999,True
13,13,0.9997237324714661,True
38,38,0.9933179616928101,True
13,13,0.9998822212219238,True
2,2,0.9998000264167786,True
19,19,0.9987653493881226,True
12,12,0.999816358089447,True
38,38,0.9991474151611328,True
26,26,0.48596706986427307,True
38,38,0.9965866804122925,True
6,6,0.9843617677688599,True
5,5,0.990882158279419,True
5,5,0.9996609687805176,True
9,9,0.99997878074646,True
34,34,0.9997727274894714,True
29,29,0.9972535967826843,True
13,13,0.9998835325241089,True
3,3,0.9999332427978516,True
10,10,0.9999935626983643,True
3,3,0.9935038685798645,True
40,40,0.9999762773513794,True
4,2,0.4987114667892456,False
5,5,0.9998231530189514,True
13,13,0.9858821630477905,True
29,29,0.9818166494369507,True
12,12,0.9996999502182007,True
42,42,0.9886181354522705,True
1,1,0.9998728036880493,True
7,7,0.999883770942688,True
6,6,0.5145948529243469,True
3,3,0.988330602645874,True
19,19,0.8722063899040222,True
1,1,0.999430239200592,True
5,5,0.8957613706588745,True
2,2,0.9998449087142944,True
9,9,0.9999752044677734,True
38,38,0.9935556054115295,True
12,12,0.999880313873291,True
33,33,0.9999294281005859,True
15,15,0.9972589015960693,True
22,22,0.9991515874862671,True
1,1,0.9999182224273682,True
1,1,0.9754331707954407,True
2,2,0.980067789554596,True
35,35,0.9999862909317017,True
4,4,0.9999450445175171,True
17,17,0.9977378845214844,True
31,31,0.9800792336463928,True
18,18,0.9540941119194031,True
31,31,0.6501076817512512,True
10,10,0.9999568462371826,True
10,10,0.9999477863311768,True
38,38,0.981583297252655,True
1,1,0.9968144297599792,True
9,9,0.9999572038650513,True
35,35,0.9999786615371704,True
31,31,0.9997548460960388,True
28,28,0.999703586101532,True
16,16,0.9999808073043823,True
17,17,0.9983561635017395,True
8,8,0.9997815489768982,True
23,20,0.6713687777519226,False
5,5,0.9988273978233337,True
2,2,0.9996980428695679,True
7,8,0.9991508722305298,False
13,13,0.9997816681861877,True
13,13,0.9998612403869629,True
7,7,0.9998801946640015,True
13,13,0.9998268485069275,True
38,40,0.8833619356155396,False
8,8,0.9996168613433838,True
35,34,0.9752857089042664,False
9,9,0.9999841451644897,True
9,9,0.9999489784240723,True
13,13,0.9996129870414734,True
41,41,0.4596245288848877,True
35,35,0.9999932050704956,True
2,2,0.6771220564842224,True
12,12,0.9999620914459229,True
33,33,0.9975676536560059,True
18,18,0.9994297623634338,True
4,4,0.9993288516998291,True
1,1,0.999902606010437,True
12,12,0.999290943145752,True
1,1,0.9900872111320496,True
5,5,0.9999102354049683,True
11,11,0.9964451193809509,True
38,38,0.9999061822891235,True
7,7,0.9995018243789673,True
18,18,0.9999877214431763,True
14,14,0.9999737739562988,True
2,2,0.9994797110557556,True
8,8,0.9994532465934753,True
38,38,0.9996891021728516,True
7,7,0.9097409844398499,True
9,9,0.9997603297233582,True
11,11,0.9999866485595703,True
12,12,0.9991532564163208,True
12,12,0.9998601675033569,True
8,5,0.7253385186195374,False
35,35,0.9999610185623169,True
4,4,0.9999583959579468,True
3,3,0.9963511228561401,True
28,28,0.9927375912666321,True
31,20,0.41001930832862854,False
18,18,0.41392022371292114,True
4,4,0.9996873140335083,True
26,26,0.9973357319831848,True
2,2,0.9996609687805176,True
38,38,0.9998050332069397,True
2,2,0.9999349117279053,True
14,14,0.999904990196228,True
13,13,0.9996532201766968,True
18,18,0.9844896793365479,True
4,4,0.9988467693328857,True
13,13,0.999919056892395,True
12,12,0.9994224309921265,True
11,11,0.9998394250869751,True
11,12,0.24699033796787262,False
1,1,0.9998828172683716,True
21,21,0.999923586845398,True
18,18,0.9985989928245544,True
25,25,0.9524205923080444,True
38,38,0.9998260140419006,True
6,6,0.9971851706504822,True
34,34,0.9999126195907593,True
35,35,0.9999909400939941,True
12,12,0.9993305206298828,True
16,16,0.9997900128364563,True
12,12,0.9980908036231995,True
18,26,0.7443078756332397,False
3,3,0.9979806542396545,True
1,1,0.9970055222511292,True
10,10,0.9999791383743286,True
5,5,0.9972176551818848,True
12,12,0.9997400641441345,True
1,1,0.9999855756759644,True
1,1,0.9921984076499939,True
11,11,0.9999222755432129,True
9,9,0.9999397993087769,True
2,2,0.9932729005813599,True
34,34,0.9999480247497559,True
3,3,0.9988779425621033,True
29,29,0.9983887672424316,True
6,6,0.9999629259109497,True
35,35,0.9999657869338989,True
12,12,0.9997459053993225,True
25,25,0.9999674558639526,True
35,35,0.9999291896820068,True
15,15,0.9992521405220032,True
38,38,0.9995595812797546,True
4,4,0.9999305009841919,True
12,12,0.9998065829277039,True
31,20,0.8160351514816284,False
4,4,0.9990741014480591,True
13,13,0.9998058676719666,True
38,38,0.9987407326698303,True
2,2,0.9999290704727173,True
39,39,0.921843409538269,True
10,10,0.9998941421508789,True
11,11,0.9579636454582214,True
31,31,0.8315205574035645,True
6,6,0.9991419315338135,True
38,38,0.9997005462646484,True
25,25,0.9985124468803406,True
40,40,0.6704705953598022,True
7,7,0.9996026158332825,True
17,17,0.9994101524353027,True
35,35,0.9999802112579346,True
30,30,0.8667123317718506,True
10,10,0.9999932050704956,True
9,9,0.6851766705513,True
38,38,0.999772846698761,True
21,21,0.8807733654975891,True
38,38,0.9993239641189575,True
2,1,0.8131017088890076,False
31,20,0.7255929112434387,False
9,9,0.999955415725708,True
33,33,0.9998015761375427,True
31,31,0.9999681711196899,True
1,1,0.9999921321868896,True
4,4,0.9999810457229614,True
20,20,0.9776585102081299,True
31,31,0.999956488609314,True
13,13,0.9998064637184143,True
25,25,0.9997492432594299,True
23,20,0.8951159715652466,False
38,38,0.9978827834129333,True
1,1,0.999822199344635,True
28,28,0.9947417974472046,True
2,2,0.9752537608146667,True
11,11,0.9999823570251465,True
1,1,0.7367178797721863,True
33,33,0.9984610080718994,True
18,18,0.9999567270278931,True
9,9,0.9999940395355225,True
20,20,0.9997169375419617,True
18,18,0.9980857372283936,True
25,27,0.9030436277389526,False
2,2,0.9998568296432495,True
9,9,0.9999500513076782,True
10,10,0.9997847676277161,True
8,8,0.9998981952667236,True
39,39,0.8128482699394226,True
38,38,0.9995137453079224,True
9,9,0.9997987151145935,True
4,4,0.9999815225601196,True
2,2,0.9991329312324524,True
8,8,0.9998747110366821,True
25,25,0.9970192909240723,True
5,5,0.9974632263183594,True
3,3,0.9997715353965759,True
13,13,0.9992945194244385,True
4,4,0.9535122513771057,True
3,3,0.999739944934845,True
18,18,0.9998688697814941,True
25,25,0.9998865127563477,True
13,13,0.9997768998146057,True
12,12,0.9998878240585327,True
19,19,0.9934036135673523,True
13,13,0.9998502731323242,True
25,25,0.9999097585678101,True
4,4,0.9999690055847168,True
12,12,0.9997363686561584,True
39,39,0.9993252754211426,True
5,5,0.9997450709342957,True
5,5,0.783098042011261,True
5,5,0.9992607235908508,True
3,3,0.9994250535964966,True
5,5,0.9998694658279419,True
8,8,0.9988985061645508,True
23,23,0.9996765851974487,True
4,4,0.8199360966682434,True
12,12,0.999819815158844,True
28,28,0.999984860420227,True
4,4,0.9998761415481567,True
9,9,0.9992561936378479,True
12,12,0.9993208646774292,True
13,13,0.9998975992202759,True
13,13,0.9997922778129578,True
17,17,0.9998227953910828,True
5,5,0.9862469434738159,True
4,4,0.9998911619186401,True
27,27,0.7915209531784058,True
39,39,0.9996515512466431,True
37,37,0.9687085151672363,True
13,13,0.9998354911804199,True
3,3,0.9910292625427246,True
15,17,0.6175714135169983,False
24,24,0.9986756443977356,True
10,10,0.9998230338096619,True
12,12,0.9990935325622559,True
6,6,0.9997585415840149,True
38,38,0.9978678226470947,True
17,17,0.9998849630355835,True
12,12,0.9997085928916931,True
31,31,0.9999454021453857,True
1,1,0.9998811483383179,True
11,11,0.9771410226821899,True
15,15,0.9999817609786987,True
15,15,0.9999459981918335,True
4,4,0.9999364614486694,True
7,7,0.999813973903656,True
13,13,0.9997140765190125,True
13,13,0.9992489218711853,True
34,34,0.9933872818946838,True
7,7,0.9978177547454834,True
11,11,0.9971953630447388,True
21,21,0.9999688863754272,True
14,14,0.9999799728393555,True
24,24,0.9999063014984131,True
38,38,0.9997689127922058,True
4,4,0.999113142490387,True
20,20,0.9997947812080383,True
4,4,0.9997311234474182,True
9,9,0.9999395608901978,True
1,1,0.9840726256370544,True
41,41,0.9990586638450623,True
10,10,0.9999970197677612,True
34,34,0.9898867011070251,True
2,2,0.9999393224716187,True
21,19,0.5776110291481018,False
1,1,0.9998852014541626,True
20,20,0.9999207258224487,True
2,2,0.9997532963752747,True
4,4,0.9999622106552124,True
25,25,0.9984073042869568,True
9,9,0.999914288520813,True
16,16,0.9999501705169678,True
3,3,0.9998238682746887,True
26,26,0.999743640422821,True
1,1,0.9979931116104126,True
5,5,0.9992621541023254,True
8,8,0.9997528195381165,True
7,7,0.9997701048851013,True
9,9,0.9999804496765137,True
14,14,0.6559616327285767,True
14,7,0.5580106377601624,False
14,14,0.9995579123497009,True
7,7,0.9999347925186157,True
4,4,0.9999586343765259,True
23,23,0.9928787350654602,True
28,28,0.9999977350234985,True
11,11,0.9999971389770508,True
29,12,0.551949143409729,False
33,33,0.9991815686225891,True
11,11,0.7922353744506836,True
6,6,0.9998788833618164,True
6,6,0.9990234375,True
11,11,0.9592748284339905,True
12,12,0.9997294545173645,True
4,4,0.999910831451416,True
13,13,0.9997857213020325,True
16,9,0.8624610900878906,False
7,7,0.9987647533416748,True
2,2,0.9999433755874634,True
10,10,0.9999805688858032,True
13,13,0.9996138215065002,True
10,10,0.9999608993530273,True
4,4,0.9999226331710815,True
6,6,0.8233817219734192,True
38,38,0.9999045133590698,True
10,10,0.9999986886978149,True
15,15,0.9996603727340698,True
10,10,0.9999737739562988,True
9,9,0.9995912909507751,True
37,37,0.9267140030860901,True
18,18,0.9996697902679443,True
38,38,0.9935594797134399,True
38,38,0.9998683929443359,True
13,13,0.9997970461845398,True
30,30,0.7313885688781738,True
13,13,0.9991955161094666,True
17,17,0.9998840093612671,True
1,1,0.9999407529830933,True
17,17,0.9996894598007202,True
7,7,0.9999445676803589,True
11,11,0.9999129772186279,True
5,5,0.9880449175834656,True
7,7,0.9981130361557007,True
18,18,0.9914045333862305,True
36,36,0.9936657547950745,True
18,18,0.9999557733535767,True
9,9,0.9999343156814575,True
2,2,0.9998737573623657,True
7,7,0.9520755410194397,True
39,39,0.9617601037025452,True
7,7,0.9987974166870117,True
25,25,0.9944959282875061,True
5,2,0.8815453052520752,False
25,25,0.9972506165504456,True
15,15,0.9978366494178772,True
4,41,0.22211015224456787,False
35,35,0.9999727010726929,True
10,10,0.9983751773834229,True
1,1,0.9997134804725647,True
12,12,0.9996676445007324,True
1,1,0.999380350112915,True
12,12,0.9991886019706726,True
13,13,0.9995388984680176,True
5,5,0.999737560749054,True
8,8,0.9998015761375427,True
18,18,0.9998760223388672,True
10,10,0.9999536275863647,True
35,35,0.9996240139007568,True
39,39,0.9702844619750977,True
5,5,0.9999322891235352,True
10,10,0.9999774694442749,True
13,13,0.9997518658638,True
14,14,0.9999639987945557,True
30,30,0.7968061566352844,True
2,2,0.999819815158844,True
12,12,0.999517560005188,True
3,3,0.8184738159179688,True
38,38,0.9992806315422058,True
1,1,0.9991000890731812,True
38,38,0.9995984435081482,True
35,35,0.7260106205940247,True
1,1,0.9999227523803711,True
12,12,0.9998313188552856,True
2,2,0.9999287128448486,True
23,23,0.9999969005584717,True
23,23,0.5353605151176453,True
2,2,0.9996262788772583,True
28,28,0.9980072379112244,True
8,8,0.9996422529220581,True
4,4,0.9999667406082153,True
35,35,0.9999916553497314,True
8,8,0.9997612833976746,True
1,1,0.9995989203453064,True
13,13,0.999839186668396,True
10,10,0.9999943971633911,True
17,17,0.9995166063308716,True
17,17,0.9997133612632751,True
14,14,0.9997262358665466,True
27,27,0.49273982644081116,True
2,2,0.9996961355209351,True
10,10,0.9999587535858154,True
35,35,0.9999675750732422,True
38,38,0.9998214840888977,True
38,38,0.9996898174285889,True
13,13,0.9996763467788696,True
31,31,0.9982609152793884,True
4,4,0.999864935874939,True
7,7,0.9987854361534119,True
11,11,0.9999315738677979,True
27,28,0.6672966480255127,False
14,14,0.999903678894043,True
26,26,0.44668108224868774,True
31,31,0.9997208714485168,True
22,22,0.9982379674911499,True
18,18,0.9950716495513916,True
10,10,0.9998524188995361,True
4,4,0.9999041557312012,True
11,11,0.999991774559021,True
13,13,0.9998248219490051,True
38,38,0.9795706272125244,True
10,10,0.9996684789657593,True
8,8,0.9997285008430481,True
13,13,0.99982088804245,True
24,24,0.9678450226783752,True
5,5,0.9998732805252075,True
4,4,0.9999573230743408,True
3,3,0.9522385001182556,True
23,23,0.999537467956543,True
17,17,0.6439284682273865,True
1,1,0.9991624355316162,True
8,8,0.9998365640640259,True
14,14,0.9997037053108215,True
2,2,0.9995889067649841,True
13,13,0.9992559552192688,True
12,12,0.9997979998588562,True
5,5,0.8949823975563049,True
13,13,0.9996927976608276,True
31,31,0.9961691498756409,True
38,38,0.9941298961639404,True
23,23,0.9996968507766724,True
28,28,0.9942031502723694,True
35,35,0.9997391104698181,True
8,8,0.9985724687576294,True
16,16,0.9999815225601196,True
31,31,0.8407793045043945,True
5,5,0.9999090433120728,True
12,12,0.9940152764320374,True
1,1,0.9997592568397522,True
30,30,0.6496475338935852,True
34,34,0.9999666213989258,True
15,15,0.9996980428695679,True
7,7,0.9965291619300842,True
14,14,0.9981008172035217,True
13,13,0.999722421169281,True
15,15,0.9999682903289795,True
12,12,0.999862551689148,True
2,2,0.9934819340705872,True
4,4,0.9998832941055298,True
1,1,0.9979833364486694,True
17,17,0.9998352527618408,True
13,13,0.9998443126678467,True
12,12,0.9998557567596436,True
1,1,0.9991887211799622,True
9,9,0.9999785423278809,True
29,18,0.8245037198066711,False
5,5,0.8080528378486633,True
9,9,0.9999481439590454,True
38,38,0.9996054768562317,True
5,5,0.5465419292449951,True
9,9,0.9999723434448242,True
8,8,0.9988941550254822,True
38,38,0.9913307428359985,True
28,28,0.5069517493247986,True
4,4,0.9999761581420898,True
12,12,0.9996671676635742,True
2,2,0.985308825969696,True
1,1,0.9996429681777954,True
13,13,0.9997001886367798,True
13,13,0.9995468258857727,True
8,8,0.9994027614593506,True
1,1,0.9996670484542847,True
31,31,0.9999357461929321,True
2,2,0.9041392207145691,True
8,8,0.9996885061264038,True
19,19,0.9154976606369019,True
2,8,0.49599459767341614,False
12,12,0.9997784495353699,True
12,12,0.999363362789154,True
11,11,0.9999805688858032,True
12,12,0.9997320771217346,True
17,17,0.999910831451416,True
17,17,0.999725878238678,True
36,36,0.9958111047744751,True
12,12,0.9998815059661865,True
12,12,0.9994982481002808,True
18,18,0.5513968467712402,True
14,14,0.9998511075973511,True
23,23,0.8645371198654175,True
9,9,0.9999758005142212,True
13,13,0.9992799162864685,True
5,5,0.8777493238449097,True
26,26,0.8799533247947693,True
6,6,0.9934087991714478,True
2,2,0.8991013169288635,True
13,13,0.9997393488883972,True
13,13,0.9997115731239319,True
31,31,0.7969970703125,True
3,3,0.9998148083686829,True
41,41,0.9695172905921936,True
23,23,0.9960875511169434,True
10,10,0.9998815059661865,True
1,1,0.9994483590126038,True
25,25,0.9999827146530151,True
38,38,0.9999258518218994,True
8,8,0.9999097585678101,True
5,5,0.999586284160614,True
25,25,0.9742389917373657,True
18,18,0.9997801184654236,True
8,8,0.9986076951026917,True
5,5,0.7538308501243591,True
15,15,0.9998935461044312,True
10,10,0.9998964071273804,True
9,9,0.9999970197677612,True
11,11,0.9999860525131226,True
42,42,0.9891675710678101,True
22,22,0.9998979568481445,True
26,12,0.6213460564613342,False
33,33,0.9959200620651245,True
5,5,0.9995934367179871,True
30,30,0.9987114667892456,True
5,5,0.992510199546814,True
5,5,0.9638646841049194,True
16,16,0.9997285008430481,True
28,28,0.9999775886535645,True
17,17,0.9867876768112183,True
41,41,0.999970555305481,True
38,38,0.9996877908706665,True
12,12,0.9998366832733154,True
5,5,0.9993756413459778,True
12,12,0.9997053742408752,True
9,9,0.8484553694725037,True
13,13,0.9998406171798706,True
38,38,0.999646782875061,True
17,17,0.99992835521698,True
4,4,0.999717652797699,True
25,25,0.9998281002044678,True
30,30,0.6415774822235107,True
13,13,0.999875545501709,True
1,1,0.9959272742271423,True
12,12,0.9996656179428101,True
38,38,0.9996509552001953,True
41,41,0.9574708342552185,True
12,12,0.9998795986175537,True
33,36,0.5390340089797974,False
42,42,0.6012611389160156,True
38,38,0.9993749260902405,True
2,2,0.9994088411331177,True
2,2,0.9998268485069275,True
16,9,0.9284302592277527,False
32,32,0.9999417066574097,True
5,5,0.84588223695755,True
15,15,0.999972939491272,True
22,22,0.9784578680992126,True
35,35,0.9998190999031067,True
27,11,0.99261474609375,False
10,10,0.9999498128890991,True
1,1,0.9614372253417969,True
17,17,0.999849796295166,True
4,4,0.9999233484268188,True
8,8,0.9414470791816711,True
24,24,0.9991305470466614,True
33,33,0.9576003551483154,True
18,18,0.9992530941963196,True
18,18,0.9882252216339111,True
25,25,0.6487229466438293,True
31,31,0.9997318387031555,True
9,9,0.9999456405639648,True
15,15,0.9999468326568604,True
38,38,0.9998137354850769,True
9,9,0.9999737739562988,True
2,2,0.9997387528419495,True
15,15,0.9999165534973145,True
38,38,0.999953031539917,True
10,10,0.9986263513565063,True
10,10,0.9999103546142578,True
23,23,0.9999921321868896,True
9,9,0.9999693632125854,True
38,38,0.9988125562667847,True
34,34,0.9825921058654785,True
38,38,0.9994589686393738,True
16,16,0.9974844455718994,True
4,4,0.9946703314781189,True
15,15,0.9995480179786682,True
32,32,0.9959532022476196,True
6,6,0.9234560132026672,True
13,13,0.999666690826416,True
4,4,0.999976634979248,True
27,27,0.9996148347854614,True
5,5,0.9998869895935059,True
4,4,0.9990890026092529,True
9,9,0.9999510049819946,True
38,38,0.9992654919624329,True
1,1,0.999981164932251,True
35,35,0.9999332427978516,True
2,2,0.9996362924575806,True
1,1,0.9994805455207825,True
34,34,0.9997122883796692,True
12,12,0.9998824596405029,True
42,42,0.9991100430488586,True
7,7,0.9784039855003357,True
13,13,0.9998152852058411,True
2,2,0.9998809099197388,True
7,7,0.9579229354858398,True
5,5,0.9996527433395386,True
35,35,0.9999873638153076,True
2,2,0.9782711863517761,True
25,25,0.9994410872459412,True
7,7,0.9999176263809204,True
13,13,0.9990301132202148,True
13,13,0.9996249675750732,True
13,13,0.9996366500854492,True
38,38,0.9997355341911316,True
29,29,0.9961362481117249,True
25,25,0.9414469003677368,True
8,8,0.9994226694107056,True
17,17,0.9997485280036926,True
5,5,0.9946292042732239,True
5,5,0.9997407793998718,True
12,12,0.9995157718658447,True
15,15,0.9997555613517761,True
15,15,0.9996691942214966,True
11,11,0.9998501539230347,True
40,40,0.9999600648880005,True
9,9,0.9999455213546753,True
11,11,0.9999904632568359,True
8,8,0.9997952580451965,True
15,15,0.9998798370361328,True
1,1,0.9999676942825317,True
4,4,0.999901294708252,True
6,6,0.9999828338623047,True
35,35,0.9999837875366211,True
26,26,0.9991483688354492,True
30,11,0.3279804587364197,False
18,18,0.9981688261032104,True
2,2,0.9990440011024475,True
42,42,0.9792983531951904,True
8,8,0.9997933506965637,True
3,3,0.9991912245750427,True
30,30,0.9471758604049683,True
13,13,0.9996680021286011,True
30,30,0.9309767484664917,True
17,17,0.9971858859062195,True
3,3,0.9997935891151428,True
13,13,0.9997573494911194,True
2,2,0.9999414682388306,True
38,38,0.9998052716255188,True
41,9,0.6875923871994019,False
34,34,0.9995337724685669,True
4,4,0.9998674392700195,True
12,12,0.9995446801185608,True
25,25,0.99972003698349,True
26,26,0.9999178647994995,True
18,18,0.9987295269966125,True
5,5,0.9991410970687866,True
13,13,0.9993151426315308,True
29,29,0.9873836636543274,True
1,1,0.9976866245269775,True
11,11,0.9997909665107727,True
38,38,0.9990274906158447,True
14,14,0.9999786615371704,True
23,23,0.9973869919776917,True
10,10,0.9999185800552368,True
29,12,0.5698668360710144,False
18,18,0.987845242023468,True
8,8,0.9987353682518005,True
13,13,0.9996951818466187,True
33,33,0.9710929989814758,True
10,10,0.99992835521698,True
17,17,0.9999017715454102,True
4,2,0.8419999480247498,False
26,26,0.9999856948852539,True
13,13,0.9995916485786438,True
6,6,0.9999747276306152,True
24,24,0.916224479675293,True
9,9,0.9999827146530151,True
39,39,0.7613268494606018,True
23,23,0.9914395809173584,True
38,38,0.9943737983703613,True
11,11,0.9923049807548523,True
36,36,0.9905601143836975,True
25,25,0.9999817609786987,True
35,35,0.9999022483825684,True
12,12,0.9998058676719666,True
39,39,0.9847992658615112,True
15,15,0.9999032020568848,True
3,3,0.9997561573982239,True
3,3,0.9997038245201111,True
25,25,0.9948052763938904,True
25,25,0.9999779462814331,True
38,38,0.999954342842102,True
10,10,0.9991718530654907,True
14,14,0.9999499320983887,True
13,13,0.9842802286148071,True
23,23,0.9998970031738281,True
2,2,0.9994165897369385,True
12,12,0.99921715259552,True
12,12,0.9997404217720032,True
4,4,0.9999314546585083,True
14,14,0.999962568283081,True
2,2,0.9996034502983093,True
2,2,0.9999481439590454,True
4,4,0.9994810223579407,True
25,25,0.9999449253082275,True
31,31,0.9999788999557495,True
32,32,0.9926736950874329,True
4,4,0.9991857409477234,True
4,4,0.998985230922699,True
10,10,0.9999719858169556,True
41,41,0.9871515035629272,True
24,24,0.9951748251914978,True
15,15,0.9998763799667358,True
10,10,0.9999237060546875,True
9,9,0.9999120235443115,True
31,31,0.9917701482772827,True
31,31,0.9537625908851624,True
10,10,0.9998725652694702,True
36,36,0.9999477863311768,True
35,35,0.9983100891113281,True
2,2,0.9999431371688843,True
36,36,0.9725676774978638,True
11,11,0.9969057440757751,True
7,7,0.9999833106994629,True
1,1,0.9999229907989502,True
31,31,0.9950438737869263,True
18,18,0.9996705055236816,True
12,12,0.9994015693664551,True
38,38,0.9998480081558228,True
38,38,0.9988564252853394,True
3,3,0.9759886860847473,True
7,7,0.9999698400497437,True
9,9,0.9999873638153076,True
38,38,0.6842383146286011,True
6,6,0.9906104207038879,True
2,2,0.9964343309402466,True
13,13,0.9993104934692383,True
13,13,0.9992988109588623,True
17,17,0.9997674822807312,True
8,8,0.9996200799942017,True
7,7,0.9999246597290039,True
10,10,0.9999781847000122,True
18,18,0.9999804496765137,True
13,13,0.999536395072937,True
3,3,0.9877203106880188,True
2,2,0.9997830986976624,True
31,31,0.9997515082359314,True
33,33,0.9497641921043396,True
38,13,0.5563344359397888,False
21,21,0.6090219020843506,True
2,2,0.9988083839416504,True
1,1,0.9991552829742432,True
15,15,0.9992514252662659,True
2,2,0.9984001517295837,True
42,42,0.4935781955718994,True
10,10,0.9999805688858032,True
13,13,0.9996541738510132,True
33,33,0.9999412298202515,True
38,38,0.9994756579399109,True
25,30,0.25974687933921814,False
26,26,0.9999150037765503,True
4,2,0.9991911053657532,False
5,5,0.9999514818191528,True
5,5,0.90309739112854,True
7,7,0.9987517595291138,True
25,25,0.9982215762138367,True
9,9,0.9999513626098633,True
13,13,0.9995960593223572,True
33,33,0.9999561309814453,True
34,34,0.9905325174331665,True
1,1,0.9999876022338867,True
5,5,0.8217032551765442,True
12,12,0.9997604489326477,True
31,31,0.997433602809906,True
4,4,0.9906311631202698,True
13,13,0.9998891353607178,True
42,42,0.9886616468429565,True
3,3,0.9997696280479431,True
38,38,0.9918721318244934,True
2,2,0.995465874671936,True
8,8,0.9998600482940674,True
14,14,0.9998422861099243,True
19,19,0.9995871186256409,True
2,2,0.9992128610610962,True
6,6,0.9997574687004089,True
12,12,0.999693751335144,True
2,2,0.9999082088470459,True
25,25,0.9999502897262573,True
20,20,0.9969063401222229,True
11,11,0.9865429401397705,True
30,29,0.5832870602607727,False
12,12,0.9996126294136047,True
4,4,0.9998362064361572,True
3,3,0.9989075660705566,True
8,3,0.9222515225410461,False
23,25,0.5924293398857117,False
36,36,0.9998319149017334,True
38,38,0.9992475509643555,True
2,2,0.999985933303833,True
33,33,0.9999043941497803,True
21,21,0.9835593104362488,True
5,5,0.9967020153999329,True
8,8,0.99952232837677,True
18,18,0.9999593496322632,True
10,10,0.9999775886535645,True
1,1,0.9957777261734009,True
38,38,0.9996187686920166,True
19,19,0.9922792911529541,True
9,9,0.9999889135360718,True
18,18,0.9958624839782715,True
14,14,0.9891949892044067,True
16,16,0.9999725818634033,True
17,17,0.9997251629829407,True
12,12,0.9999531507492065,True
25,25,0.9987115859985352,True
35,35,0.9999146461486816,True
10,10,0.9995254278182983,True
5,1,0.8275153040885925,False
11,11,0.9999641180038452,True
14,14,0.8115847110748291,True
4,4,0.9999363422393799,True
14,14,0.9998476505279541,True
23,23,0.9543544054031372,True
10,10,0.9998394250869751,True
16,16,0.9996837377548218,True
38,38,0.9998518228530884,True
5,5,0.9979557991027832,True
3,3,0.999864935874939,True
11,11,0.9999964237213135,True
1,1,0.9602916836738586,True
1,1,0.9999121427536011,True
38,38,0.9996161460876465,True
9,9,0.453848659992218,True
11,11,0.9932683110237122,True
38,38,0.9998396635055542,True
26,26,0.9788297414779663,True
16,16,0.9998679161071777,True
2,2,0.7367374897003174,True
3,3,0.964952826499939,True
3,3,0.9682096242904663,True
32,32,0.9998441934585571,True
9,9,0.9999880790710449,True
11,11,0.9926578402519226,True
7,7,0.9999655485153198,True
1,1,0.9998643398284912,True
5,5,0.9951186180114746,True
8,8,0.9998589754104614,True
23,23,0.8706087470054626,True
39,39,0.9977890253067017,True
12,12,0.9999032020568848,True
1,1,0.9984056353569031,True
4,4,0.9995604157447815,True
28,28,0.971388041973114,True
1,1,0.9999934434890747,True
5,5,0.9111766815185547,True
23,23,0.9650197625160217,True
1,1,0.9999470710754395,True
33,33,0.9999717473983765,True
3,3,0.9847660064697266,True
9,9,0.999977707862854,True
4,4,0.9998500347137451,True
5,5,0.9995218515396118,True
31,31,0.9999690055847168,True
38,38,0.9988884329795837,True
22,22,0.6593806743621826,True
10,10,0.9999363422393799,True
3,3,0.9906918406486511,True
10,10,0.9999476671218872,True
2,2,0.9608088731765747,True
5,5,0.999057948589325,True
4,4,0.9999250173568726,True
37,37,0.9994124174118042,True
20,20,0.6254487037658691,True
35,35,0.9999557733535767,True
9,9,0.9999827146530151,True
15,15,0.999778687953949,True
15,15,0.9999386072158813,True
12,12,0.9999035596847534,True
34,34,0.9999009370803833,True
13,13,0.9999278783798218,True
11,26,0.35002434253692627,False
12,12,0.9999123811721802,True
26,26,0.9999607801437378,True
38,38,0.9995738863945007,True
11,26,0.4907616078853607,False
2,2,0.999988317489624,True
12,12,0.9997859597206116,True
21,21,0.9998512268066406,True
7,7,0.9996538162231445,True
18,18,0.9892793297767639,True
33,33,0.9987958669662476,True
1,1,0.9960076808929443,True
3,3,0.9965996146202087,True
10,10,0.9999973773956299,True
23,23,0.999887228012085,True
5,5,0.999909520149231,True
4,4,0.6518118381500244,True
6,6,0.9992328882217407,True
2,2,0.9992793202400208,True
25,25,0.9914604425430298,True
3,2,0.7060422897338867,False
5,5,0.9290063977241516,True
1,1,0.9081966280937195,True
18,8,0.5315432548522949,False
10,10,0.9994246959686279,True
29,29,0.9982399940490723,True
12,12,0.9999377727508545,True
4,4,0.999996542930603,True
35,35,0.999972939491272,True
39,39,0.9997016787528992,True
33,33,0.9727072715759277,True
24,24,0.8560243248939514,True
3,3,0.9997586607933044,True
4,4,0.9999582767486572,True
2,2,0.9995113611221313,True
3,3,0.9999450445175171,True
2,2,0.9997504353523254,True
10,10,0.9998959302902222,True
1,1,0.9932925701141357,True
22,22,0.6027305722236633,True
8,8,0.9997383952140808,True
10,10,0.9999337196350098,True
11,11,0.9998103976249695,True
15,15,0.9999256134033203,True
25,25,0.9999889135360718,True
4,4,0.9999701976776123,True
7,7,0.9995848536491394,True
11,28,0.536278247833252,False
3,3,0.9998539686203003,True
38,38,0.9997779726982117,True
25,25,0.9992243051528931,True
8,8,0.9987886548042297,True
8,8,0.9997265934944153,True
0,0,0.9756587743759155,True
36,36,0.9833695292472839,True
5,5,0.539223313331604,True
10,10,0.9999130964279175,True
4,4,0.9999315738677979,True
13,13,0.9998990297317505,True
35,35,0.9998502731323242,True
13,13,0.9994564652442932,True
17,17,0.9999376535415649,True
25,25,0.9994563460350037,True
28,24,0.5624555349349976,False
3,3,0.9999884366989136,True
10,10,0.9999579191207886,True
13,13,0.9998944997787476,True
12,12,0.9994749426841736,True
1,8,0.9189901351928711,False
6,6,0.9947117567062378,True
13,13,0.9998379945755005,True
18,18,0.9995368719100952,True
24,24,0.995678722858429,True
4,4,0.9999761581420898,True
2,2,0.9986656904220581,True
3,3,0.9960722923278809,True
30,30,0.997796893119812,True
32,32,0.9999666213989258,True
1,1,0.9998420476913452,True
8,8,0.9998162388801575,True
38,38,0.9994970560073853,True
14,14,0.618465006351471,True
12,12,0.9998785257339478,True
24,24,0.9658357501029968,True
25,25,0.9999866485595703,True
1,1,0.999681830406189,True
4,4,0.9997778534889221,True
38,38,0.8432856798171997,True
10,10,0.9999591112136841,True
12,12,0.999751627445221,True
12,12,0.9998012185096741,True
22,22,0.9992871880531311,True
13,13,0.9994207620620728,True
11,11,0.9911289215087891,True
27,27,0.4717179834842682,True
32,32,0.9999701976776123,True
32,32,0.9242068529129028,True
40,40,0.9034456014633179,True
1,1,0.9535096287727356,True
18,18,0.9998811483383179,True
37,37,0.948920488357544,True
12,12,0.9994329810142517,True
13,13,0.9998024106025696,True
31,31,0.9978814721107483,True
35,35,0.9996523857116699,True
38,38,0.9999423027038574,True
30,30,0.6092509031295776,True
13,13,0.9997976422309875,True
5,5,0.5807988047599792,True
38,40,0.8327839970588684,False
25,25,0.9795956611633301,True
5,5,0.5842047929763794,True
8,8,0.9997547268867493,True
26,26,0.9999717473983765,True
10,10,0.9999502897262573,True
10,10,0.9967465400695801,True
17,17,0.9999706745147705,True
2,2,0.9996706247329712,True
24,24,0.9996706247329712,True
39,39,0.910628616809845,True
9,9,0.9999457597732544,True
11,26,0.6315218210220337,False
4,4,0.9996975660324097,True
1,1,0.999988317489624,True
10,10,0.999925971031189,True
2,2,0.9994028806686401,True
11,11,0.9998337030410767,True
12,12,0.9983536005020142,True
25,25,0.999777615070343,True
38,38,0.9913654327392578,True
10,10,0.9998828172683716,True
10,10,0.9999709129333496,True
38,38,0.9988933205604553,True
10,10,0.9996821880340576,True
13,13,0.9995912909507751,True
13,13,0.9944815635681152,True
7,7,0.9630956053733826,True
32,32,0.9999427795410156,True
12,12,0.9998190999031067,True
1,1,0.9985709190368652,True
35,35,0.9999035596847534,True
10,10,0.9997963309288025,True
3,3,0.9999642372131348,True
25,25,0.9998970031738281,True
13,13,0.9998352527618408,True
5,5,0.999733030796051,True
7,7,0.9905850291252136,True
9,9,0.9999817609786987,True
35,35,0.9996732473373413,True
23,23,0.5524927377700806,True
2,2,0.9997127652168274,True
5,5,0.9998602867126465,True
24,24,0.9600866436958313,True
37,37,0.9995952248573303,True
5,5,0.9814691543579102,True
12,12,0.9998729228973389,True
38,38,0.9997102618217468,True
9,9,0.9731065034866333,True
21,21,0.5154047608375549,True
13,13,0.9997963309288025,True
35,35,0.9996104836463928,True
25,25,0.9999873638153076,True
10,10,0.9998569488525391,True
17,17,0.9999418258666992,True
9,9,0.999870777130127,True
10,10,0.9998759031295776,True
15,15,0.9999309778213501,True
36,36,0.9870725274085999,True
12,12,0.9998842477798462,True
42,42,0.9718760251998901,True
1,1,0.9092617630958557,True
4,4,0.9965984225273132,True
7,7,0.9999667406082153,True
2,2,0.9995658993721008,True
2,2,0.9320483803749084,True
22,25,0.9690866470336914,False
10,10,0.9999063014984131,True
4,4,0.9997057318687439,True
18,18,0.6477586030960083,True
7,7,0.9985450506210327,True
2,2,0.9997193217277527,True
29,29,0.9909147024154663,True
30,30,0.7400960922241211,True
18,18,0.999962329864502,True
39,39,0.9944608211517334,True
31,31,0.9999679327011108,True
13,13,0.9997896552085876,True
8,8,0.9996441602706909,True
5,5,0.9998692274093628,True
18,18,0.9999289512634277,True
18,27,0.5074679255485535,False
18,18,0.9990943670272827,True
23,30,0.3773690164089203,False
12,12,0.9996777772903442,True
3,3,0.9992675185203552,True
35,35,0.9999902248382568,True
5,5,0.9997491240501404,True
25,29,0.36999866366386414,False
8,8,0.9990129470825195,True
4,4,0.9978436231613159,True
14,14,0.9999663829803467,True
7,7,0.9999653100967407,True
2,2,0.9998027682304382,True
21,21,0.999221682548523,True
8,8,0.9998475313186646,True
9,9,0.9999803304672241,True
21,21,0.7460235357284546,True
1,1,0.9997133612632751,True
2,2,0.9998262524604797,True
2,2,0.9994328618049622,True
40,40,0.9999834299087524,True
18,18,0.9996028542518616,True
13,13,0.9990125894546509,True
18,18,0.9999669790267944,True
7,7,0.9999411106109619,True
11,11,0.9999563694000244,True
10,10,0.999588668346405,True
15,15,0.999946117401123,True
10,10,0.9999573230743408,True
12,12,0.9996077418327332,True
2,2,0.9998835325241089,True
35,35,0.9998230338096619,True
13,13,0.9997296929359436,True
38,38,0.9727166295051575,True
22,22,0.9623988270759583,True
28,28,0.7031444907188416,True
8,8,0.99982750415802,True
11,11,0.9999942779541016,True
10,10,0.9999709129333496,True
13,13,0.9981600642204285,True
4,4,0.9994946718215942,True
6,6,0.9968359470367432,True
25,25,0.9998358488082886,True
1,1,0.9922044277191162,True
18,18,0.9990981817245483,True
18,18,0.9999333620071411,True
25,25,0.9998202919960022,True
8,8,0.9997525811195374,True
34,34,0.9997759461402893,True
18,18,0.819313645362854,True
13,13,0.9996962547302246,True
11,11,0.9999791383743286,True
5,5,0.9999217987060547,True
31,31,0.9996682405471802,True
11,11,0.9968875050544739,True
28,28,0.905953049659729,True
37,37,0.9998643398284912,True
4,4,0.9995998740196228,True
8,8,0.9991865754127502,True
12,12,0.9997598528862,True
5,8,0.29391223192214966,False
2,2,0.9997377991676331,True
14,14,0.9977103471755981,True
13,13,0.9994344115257263,True
17,17,0.9999034404754639,True
8,8,0.9997542500495911,True
1,1,0.9998695850372314,True
3,3,0.9997287392616272,True
18,18,0.9998892545700073,True
4,4,0.9999173879623413,True
3,3,0.8834159970283508,True
8,8,0.9995272159576416,True
28,28,0.9982855916023254,True
1,1,0.9976971745491028,True
36,36,0.9998034834861755,True
34,34,0.9999556541442871,True
25,25,0.561008870601654,True
7,7,0.9999575614929199,True
2,2,0.9997642636299133,True
9,9,0.9998422861099243,True
2,2,0.9256182312965393,True
30,11,0.6819661855697632,False
2,2,0.9999924898147583,True
13,13,0.9998065829277039,True
7,7,0.9997052550315857,True
23,23,0.8137787580490112,True
38,38,0.9999077320098877,True
2,2,0.999874472618103,True
17,17,0.999680757522583,True
1,1,0.9990443587303162,True
14,14,0.9998726844787598,True
36,36,0.9999642372131348,True
13,13,0.9997219443321228,True
3,3,0.8276777863502502,True
1,1,0.9996277093887329,True
38,38,0.9994438290596008,True
42,12,0.5789135694503784,False
38,38,0.9998624324798584,True
3,3,0.9998121857643127,True
11,11,0.9999263286590576,True
15,15,0.9997588992118835,True
35,35,0.9998227953910828,True
16,16,0.9956028461456299,True
12,12,0.9999128580093384,True
13,13,0.9995916485786438,True
25,25,0.9966815114021301,True
14,14,0.9981153011322021,True
1,1,0.9993409514427185,True
2,2,0.9911072850227356,True
1,1,0.9987658262252808,True
33,33,0.8978359699249268,True
1,1,0.9998726844787598,True
8,8,0.9993345141410828,True
4,4,0.9999080896377563,True
35,35,0.9999865293502808,True
6,6,0.9966824650764465,True
6,6,0.9997977614402771,True
18,18,0.9996922016143799,True
33,39,0.48419010639190674,False
38,38,0.9743335843086243,True
10,10,0.9999880790710449,True
14,14,0.9998123049736023,True
4,4,0.9997517466545105,True
12,12,0.9999028444290161,True
9,9,0.9999551773071289,True
33,33,0.9999651908874512,True
34,34,0.9994365572929382,True
35,35,0.9573388695716858,True
28,28,0.9937363862991333,True
18,26,0.9630919694900513,False
14,14,0.9975805282592773,True
13,13,0.9997815489768982,True
34,34,0.999586284160614,True
13,13,0.9996975660324097,True
11,11,0.9996196031570435,True
20,20,0.993842363357544,True
8,8,0.9980631470680237,True
5,5,0.9999277591705322,True
2,2,0.9997333884239197,True
8,8,0.9995613694190979,True
5,5,0.9988596439361572,True
12,12,0.9995922446250916,True
7,7,0.9999914169311523,True
33,33,0.9443815350532532,True
2,2,0.9882937669754028,True
10,10,0.9999101161956787,True
36,36,0.9997343420982361,True
26,26,0.9994262456893921,True
28,28,0.9949740171432495,True
13,13,0.9996668100357056,True
31,31,0.9997658133506775,True
38,38,0.9781186580657959,True
2,2,0.999969482421875,True
22,22,0.9999035596847534,True
29,29,0.9995555281639099,True
25,25,0.9999653100967407,True
6,6,0.9995447993278503,True
30,30,0.9200801253318787,True
11,11,0.9986975193023682,True
18,18,0.871464729309082,True
10,10,0.9997968077659607,True
6,6,0.9999819993972778,True
38,38,0.9983882904052734,True
22,22,0.9997026324272156,True
27,27,0.9998726844787598,True
10,10,0.9991724491119385,True
1,1,0.9999173879623413,True
23,30,0.36097145080566406,False
38,38,0.9999475479125977,True
7,7,0.7348145842552185,True
8,8,0.9997901320457458,True
13,13,0.9998533725738525,True
5,5,0.999815046787262,True
10,10,0.9998345375061035,True
34,34,0.9999532699584961,True
5,5,0.9989390969276428,True
12,12,0.9998123049736023,True
10,10,0.9999797344207764,True
2,2,0.9998059868812561,True
31,31,0.9997063279151917,True
23,20,0.758246660232544,False
2,2,0.9995235204696655,True
9,9,0.9999520778656006,True
35,35,0.9366461038589478,True
1,1,0.9999675750732422,True
4,4,0.9999803304672241,True
5,5,0.997294008731842,True
17,17,0.9999159574508667,True
38,38,0.9949250221252441,True
24,24,0.9989783763885498,True
3,3,0.9925186634063721,True
10,10,0.9999483823776245,True
2,2,0.999688982963562,True
6,6,0.9999809265136719,True
12,12,0.9987902045249939,True
12,12,0.9998461008071899,True
39,39,0.9646379351615906,True
18,18,0.9996570348739624,True
25,25,0.9996484518051147,True
13,13,0.9994856119155884,True
7,7,0.9997058510780334,True
1,1,0.9999839067459106,True
13,13,0.9996575117111206,True
28,24,0.4059610962867737,False
23,23,0.9625100493431091,True
3,3,0.9988042116165161,True
10,10,0.9999748468399048,True
38,38,0.9993532299995422,True
41,41,0.4232485294342041,True
11,11,0.9999872446060181,True
12,12,0.9995734095573425,True
2,2,0.9996497631072998,True
2,2,0.9997996687889099,True
33,33,0.9319460988044739,True
10,10,0.9996660947799683,True
38,38,0.9994582533836365,True
38,38,0.9996663331985474,True
16,16,0.9995731711387634,True
1,1,0.9998326301574707,True
23,23,0.9999641180038452,True
5,5,0.9998488426208496,True
41,32,0.660775363445282,False
17,17,0.9979344606399536,True
8,8,0.9978808760643005,True
25,25,0.9999178647994995,True
26,26,0.9999765157699585,True
21,21,0.9999386072158813,True
10,10,0.9999957084655762,True
15,15,0.9998185038566589,True
4,4,0.5009312033653259,True
10,10,0.9999631643295288,True
25,25,0.9997904896736145,True
8,8,0.9998266100883484,True
13,13,0.9995598196983337,True
35,35,0.9999924898147583,True
16,16,0.9986055493354797,True
25,25,0.9999793767929077,True
9,9,0.9999222755432129,True
19,19,0.9965812563896179,True
42,42,0.9998965263366699,True
20,20,0.9934096336364746,True
8,8,0.9962183833122253,True
15,15,0.9999169111251831,True
25,25,0.41640955209732056,True
15,15,0.9999603033065796,True
4,4,0.9999361038208008,True
7,7,0.9998898506164551,True
17,17,0.9996293783187866,True
11,11,0.9999849796295166,True
38,38,0.9992485642433167,True
38,38,0.997448742389679,True
1,1,0.9999715089797974,True
11,26,0.290867418050766,False
3,3,0.9999145269393921,True
1,1,0.9292241334915161,True
27,28,0.6599605679512024,False
1,1,0.9999620914459229,True
38,38,0.9995429515838623,True
29,29,0.9870126843452454,True
1,1,0.9992783665657043,True
26,26,0.9999467134475708,True
4,4,0.9999651908874512,True
1,1,0.999933123588562,True
1,1,0.9981141090393066,True
4,4,0.9999088048934937,True
1,1,0.9998986721038818,True
17,17,0.9982209801673889,True
4,4,0.999962329864502,True
1,1,0.9994868040084839,True
1,1,0.999858021736145,True
10,10,0.9999585151672363,True
35,35,0.9999814033508301,True
5,5,0.9997822642326355,True
3,3,0.9999535083770752,True
27,27,0.9981581568717957,True
9,9,0.999954342842102,True
1,1,0.99994957447052,True
16,16,0.7880064249038696,True
14,14,0.9999513626098633,True
12,12,0.9997039437294006,True
35,35,0.9981060028076172,True
38,38,0.9775257706642151,True
20,20,0.9591308236122131,True
35,35,0.9951754808425903,True
1,1,0.995927631855011,True
3,3,0.9974321722984314,True
10,10,0.999703586101532,True
5,5,0.9935917258262634,True
24,24,0.9995638728141785,True
32,32,0.9979820251464844,True
13,13,0.9993436932563782,True
6,6,0.9566003084182739,True
18,18,0.8841248750686646,True
27,11,0.4739593267440796,False
19,19,0.9995399713516235,True
11,11,0.9999773502349854,True
29,29,0.9962313771247864,True
9,9,0.9999239444732666,True
10,10,0.9999001026153564,True
27,27,0.9999547004699707,True
4,4,0.9999862909317017,True
5,5,0.778805136680603,True
35,35,0.999975323677063,True
15,15,0.9997912049293518,True
12,12,0.9996002316474915,True
8,8,0.9987661838531494,True
2,2,0.9958477020263672,True
5,5,0.9927664995193481,True
38,38,0.9993317723274231,True
5,5,0.9995242357254028,True
2,2,0.9999111890792847,True
9,9,0.9999845027923584,True
10,10,0.9999266862869263,True
14,14,0.9999028444290161,True
12,12,0.9999181032180786,True
4,4,0.999984860420227,True
26,26,0.9998801946640015,True
35,35,0.9999752044677734,True
10,10,0.9998725652694702,True
4,4,0.9984569549560547,True
5,5,0.9456209540367126,True
14,14,0.9912972450256348,True
13,13,0.999733030796051,True
10,10,0.9998691082000732,True
9,9,0.9865472316741943,True
18,18,0.9993696808815002,True
4,4,0.9999301433563232,True
13,13,0.9997716546058655,True
3,3,0.9998899698257446,True
15,15,0.9988277554512024,True
9,9,0.9999902248382568,True
14,14,0.9998728036880493,True
2,2,0.9993908405303955,True
4,4,0.9999617338180542,True
17,17,0.9999063014984131,True
33,33,0.9966471791267395,True
7,7,0.831588625907898,True
6,6,0.988727331161499,True
3,3,0.9941508173942566,True
42,42,0.9976676106452942,True
4,4,0.9999550580978394,True
1,1,0.9987834095954895,True
26,26,0.9998711347579956,True
38,38,0.9998620748519897,True
2,2,0.9996647834777832,True
11,11,0.9995741248130798,True
13,13,0.9997352957725525,True
16,16,0.999498724937439,True
2,2,0.9891282916069031,True
16,16,0.9998490810394287,True
25,25,0.9993588328361511,True
4,4,0.9990611672401428,True
12,12,0.9990283250808716,True
17,17,0.9997881054878235,True
31,31,0.5921742916107178,True
36,36,0.8979121446609497,True
13,13,0.9997145533561707,True
20,20,0.502417802810669,True
13,13,0.9997772574424744,True
12,12,0.9993512034416199,True
1,1,0.9999285936355591,True
10,10,0.999909520149231,True
35,35,0.9997692704200745,True
38,38,0.9997649788856506,True
35,35,0.9999794960021973,True
11,11,0.9975011944770813,True
10,10,0.9999209642410278,True
26,26,0.9998660087585449,True
38,38,0.9999409914016724,True
7,7,0.985918402671814,True
5,5,0.9988375306129456,True
18,18,0.9999469518661499,True
12,12,0.99992835521698,True
28,28,0.9999960660934448,True
18,18,0.9921647310256958,True
14,14,0.9999709129333496,True
26,26,0.9991286396980286,True
38,38,0.9996362924575806,True
10,10,0.9999910593032837,True
9,9,0.9999783039093018,True
1,1,0.9999793767929077,True
38,38,0.9996016621589661,True
13,13,0.9996110796928406,True
22,22,0.9998677968978882,True
3,3,0.9941617846488953,True
4,4,0.9998608827590942,True
5,5,0.9998705387115479,True
5,5,0.9993300437927246,True
14,14,0.9995332956314087,True
14,14,0.9772027134895325,True
2,2,0.9948786497116089,True
13,13,0.9999046325683594,True
42,42,0.7651750445365906,True
5,5,0.9998987913131714,True
6,6,0.9774367809295654,True
3,3,0.9995443224906921,True
38,38,0.9994319081306458,True
5,5,0.9997934699058533,True
8,8,0.9998279809951782,True
35,35,0.9998899698257446,True
15,15,0.999826967716217,True
13,13,0.9999003410339355,True
3,3,0.9988239407539368,True
5,5,0.9996567964553833,True
10,10,0.9982965588569641,True
22,25,0.32648083567619324,False
2,2,0.9999264478683472,True
30,30,0.7252500653266907,True
9,9,0.9998984336853027,True
11,11,0.9992848038673401,True
14,14,0.9998754262924194,True
25,25,0.9995057582855225,True
35,35,0.9924439787864685,True
4,4,0.9999756813049316,True
22,22,0.9998053908348083,True
25,25,0.9573689103126526,True
5,5,0.9960440397262573,True
12,12,0.9998286962509155,True
2,2,0.9997329115867615,True
10,10,0.9994781613349915,True
17,17,0.9996083378791809,True
13,13,0.9997397065162659,True
13,13,0.9998563528060913,True
1,1,0.999981164932251,True
14,14,0.9997466206550598,True
3,3,0.9619359970092773,True
38,38,0.9998941421508789,True
4,4,0.999976634979248,True
1,1,0.9975270628929138,True
4,4,0.9999297857284546,True
13,13,0.9996281862258911,True
7,7,0.9990336894989014,True
1,1,0.9999387264251709,True
2,2,0.5275842547416687,True
23,23,0.4624505043029785,True
4,4,0.9999314546585083,True
10,10,0.9999743700027466,True
4,4,0.9999912977218628,True
30,30,0.6124541163444519,True
4,4,0.9999725818634033,True
9,9,0.8257560729980469,True
2,2,0.9986146688461304,True
7,7,0.9993261098861694,True
7,7,0.999076247215271,True
10,10,0.9998658895492554,True
11,11,0.9999727010726929,True
5,5,0.9980904459953308,True
8,8,0.8078532218933105,True
33,33,0.9999352693557739,True
18,18,0.9992757439613342,True
13,13,0.9994812607765198,True
7,7,0.999972939491272,True
4,4,0.9996285438537598,True
2,2,0.9995515942573547,True
3,3,0.6314897537231445,True
38,38,0.9908599257469177,True
28,28,0.9999232292175293,True
3,3,0.9978510141372681,True
12,12,0.9997689127922058,True
12,12,0.9991525411605835,True
38,38,0.9882431626319885,True
16,16,0.8797752857208252,True
38,38,0.9996436834335327,True
38,38,0.9991569519042969,True
13,13,0.9997312426567078,True
3,1,0.511421263217926,False
33,33,0.9980447292327881,True
7,7,0.9995391368865967,True
34,34,0.9999864101409912,True
11,11,0.9999661445617676,True
5,5,0.9998137354850769,True
18,18,0.9990518689155579,True
18,18,0.994466245174408,True
11,11,0.9999680519104004,True
4,4,0.9999152421951294,True
9,9,0.9999607801437378,True
5,5,0.9986088871955872,True
38,38,0.9019064903259277,True
28,28,0.9999951124191284,True
4,4,0.9993284940719604,True
2,2,0.7436584234237671,True
38,38,0.9998100399971008,True
13,13,0.9996421337127686,True
39,39,0.9988717436790466,True
8,8,0.9995071887969971,True
3,3,0.9996315240859985,True
8,8,0.9717888832092285,True
10,10,0.9999217987060547,True
14,14,0.9994944334030151,True
18,18,0.9998906850814819,True
4,8,0.9988425374031067,False
3,3,0.9833239912986755,True
15,15,0.9999738931655884,True
36,36,0.6846470236778259,True
38,38,0.9996641874313354,True
2,2,0.9997101426124573,True
13,13,0.9996676445007324,True
34,34,0.9999784231185913,True
11,11,0.9998444318771362,True
25,25,0.99455726146698,True
13,13,0.9994673132896423,True
2,2,0.9995259046554565,True
7,7,0.9994593262672424,True
5,5,0.9969469904899597,True
3,3,0.9876188039779663,True
13,13,0.9885907769203186,True
4,4,0.9992015957832336,True
7,7,0.9963626265525818,True
25,25,0.8642536997795105,True
4,4,0.9998605251312256,True
8,8,0.9658429622650146,True
10,10,0.999988317489624,True
31,31,0.9999899864196777,True
9,9,0.9999222755432129,True
1,1,0.999982476234436,True
30,30,0.7962783575057983,True
12,12,0.9998388290405273,True
29,29,0.999289870262146,True
31,31,0.9989711046218872,True
2,2,0.9998412132263184,True
7,7,0.9999362230300903,True
12,12,0.9998623132705688,True
25,25,0.9999904632568359,True
9,9,0.9998675584793091,True
18,18,0.9978548884391785,True
16,16,0.9846423268318176,True
11,11,0.9801631569862366,True
18,18,0.9972198009490967,True
4,4,0.8815658688545227,True
2,2,0.9988277554512024,True
1,1,0.9985969662666321,True
10,10,0.999943733215332,True
13,13,0.9996999502182007,True
13,13,0.9998852014541626,True
1,1,0.999929666519165,True
9,9,0.9999809265136719,True
37,37,0.9959361553192139,True
20,20,0.9997912049293518,True
21,19,0.6517906785011292,False
19,19,0.9974379539489746,True
12,12,0.9992904663085938,True
38,38,0.9998252987861633,True
2,2,0.9996335506439209,True
11,11,0.7703253626823425,True
2,2,0.9998210072517395,True
33,33,0.9999552965164185,True
13,13,0.9997408986091614,True
34,34,0.9999769926071167,True
14,14,0.48349860310554504,True
13,13,0.9998732805252075,True
25,26,0.30312368273735046,False
38,38,0.5207968354225159,True
5,5,0.6016660332679749,True
4,4,0.9998874664306641,True
24,24,0.9961739182472229,True
38,38,0.9991287589073181,True
6,6,0.9939910769462585,True
35,35,0.9998451471328735,True
11,11,0.9999254941940308,True
1,1,0.9999680519104004,True
2,2,0.9994475245475769,True
15,15,0.9999403953552246,True
1,1,0.9988527297973633,True
38,38,0.9998722076416016,True
25,25,0.6235398054122925,True
13,13,0.9993694424629211,True
10,10,0.9999362230300903,True
25,25,0.999836802482605,True
26,26,0.9999783039093018,True
13,13,0.9998212456703186,True
12,12,0.999525785446167,True
11,11,0.999068558216095,True
9,9,0.9998880624771118,True
9,9,0.9997519850730896,True
39,39,0.9873397350311279,True
8,8,0.9999493360519409,True
31,31,0.9997996687889099,True
13,13,0.9999328851699829,True
2,2,0.9734790325164795,True
17,17,0.9995380640029907,True
19,19,0.9980683922767639,True
21,19,0.5738924145698547,False
23,23,0.991718053817749,True
17,12,0.40712374448776245,False
2,2,0.9996436834335327,True
14,14,0.9997217059135437,True
10,10,0.9998360872268677,True
28,28,0.9998955726623535,True
16,16,0.9979046583175659,True
11,11,0.9999500513076782,True
36,36,0.9971840977668762,True
8,8,0.9998053908348083,True
4,4,0.9997449517250061,True
10,10,0.9999414682388306,True
37,37,0.9997867941856384,True
32,32,0.9999229907989502,True
25,25,0.9586796760559082,True
8,8,0.9997716546058655,True
2,2,0.9999310970306396,True
3,3,0.9998014569282532,True
29,29,0.957945704460144,True
32,32,0.9999312162399292,True
25,25,0.9999591112136841,True
17,17,0.9995236396789551,True
2,2,0.9996569156646729,True
26,26,0.9990614056587219,True
2,2,0.9857380390167236,True
7,7,0.999895453453064,True
9,9,0.9999923706054688,True
8,8,0.9998045563697815,True
33,33,0.9997900128364563,True
4,4,0.9999054670333862,True
9,9,0.9999821186065674,True
14,14,0.9994961023330688,True
42,42,0.9999232292175293,True
12,12,0.9998038411140442,True
3,3,0.9997619986534119,True
38,38,0.9999316930770874,True
4,4,0.9999359846115112,True
31,31,0.9993031024932861,True
11,11,0.9998912811279297,True
9,9,0.9998533725738525,True
4,4,0.998840868473053,True
26,26,0.9400419592857361,True
17,17,0.999964714050293,True
38,38,0.9999654293060303,True
39,37,0.9243661761283875,False
23,23,0.9999850988388062,True
26,26,0.9999582767486572,True
3,3,0.9999302625656128,True
12,12,0.9991621971130371,True
13,13,0.9997026324272156,True
4,4,0.9985532164573669,True
31,31,0.9999092817306519,True
12,12,0.9994401335716248,True
33,33,0.7170873284339905,True
13,13,0.9998471736907959,True
7,7,0.998687207698822,True
33,33,0.9915259480476379,True
10,10,0.9997820258140564,True
14,14,0.9971331357955933,True
9,9,0.9998881816864014,True
13,13,0.9998015761375427,True
2,2,0.9999264478683472,True
7,7,0.9995064735412598,True
24,24,0.9988549947738647,True
5,5,0.9998928308486938,True
2,2,0.99969482421875,True
4,4,0.9999324083328247,True
9,9,0.9999823570251465,True
4,4,0.9998987913131714,True
13,13,0.999745786190033,True
35,35,0.9999922513961792,True
35,35,0.999079704284668,True
13,13,0.999760091304779,True
26,26,0.9996297359466553,True
13,13,0.9995744824409485,True
1,1,0.99222332239151,True
13,13,0.9995618462562561,True
15,15,0.9998667240142822,True
25,25,0.9986642599105835,True
8,8,0.9994423985481262,True
6,6,0.9996747970581055,True
13,13,0.9998772144317627,True
32,32,0.9999525547027588,True
10,10,0.999951958656311,True
7,7,0.9999445676803589,True
38,38,0.9998351335525513,True
7,7,0.9063881635665894,True
14,14,0.998664379119873,True
38,38,0.9998910427093506,True
1,1,0.9999871253967285,True
22,22,0.6690838932991028,True
26,26,0.9999079704284668,True
2,2,0.8381122946739197,True
1,1,0.9972725510597229,True
12,12,0.9992771744728088,True
8,8,0.9268256425857544,True
12,12,0.9999074935913086,True
3,3,0.9995825886726379,True
12,12,0.9997575879096985,True
17,17,0.9990684390068054,True
19,19,0.8411045074462891,True
42,42,0.7712339162826538,True
9,9,0.9999868869781494,True
10,10,0.9998084902763367,True
2,2,0.9995372295379639,True
6,6,0.9975295662879944,True
9,9,0.9999440908432007,True
2,2,0.9997040629386902,True
5,5,0.9994789958000183,True
2,2,0.9998181462287903,True
5,5,0.9983351826667786,True
3,3,0.9996240139007568,True
10,10,0.999942421913147,True
9,9,0.9999902248382568,True
8,8,0.999470055103302,True
31,31,0.9715631008148193,True
12,12,0.9964767098426819,True
10,10,0.9999473094940186,True
38,38,0.9991253018379211,True
38,38,0.9997673630714417,True
8,8,0.9427394866943359,True
5,5,0.999752938747406,True
3,3,0.9988019466400146,True
8,8,0.9986777901649475,True
4,4,0.6686548590660095,True
31,20,0.7562837600708008,False
5,5,0.9994773268699646,True
2,2,0.9319977760314941,True
12,12,0.9997039437294006,True
35,35,0.9999593496322632,True
31,18,0.6729696989059448,False
3,3,0.9987912774085999,True
38,38,0.9987272620201111,True
14,14,0.9998875856399536,True
17,17,0.9995612502098083,True
9,9,0.9987509250640869,True
13,13,0.9995561242103577,True
1,1,0.9999517202377319,True
11,11,0.9702202677726746,True
40,40,0.9999643564224243,True
13,13,0.9994833469390869,True
18,18,0.9999176263809204,True
9,9,0.9999903440475464,True
3,3,0.9998406171798706,True
13,13,0.9991519451141357,True
35,35,0.9999819993972778,True
4,4,0.9996004700660706,True
13,13,0.9997764229774475,True
35,35,0.9987329840660095,True
15,15,0.9995143413543701,True
2,2,0.9995477795600891,True
24,24,0.9845772385597229,True
13,13,0.9999439716339111,True
8,8,0.8930526375770569,True
5,5,0.99751877784729,True
38,38,0.9998624324798584,True
4,4,0.9998469352722168,True
17,12,0.6338527798652649,False
38,38,0.9998069405555725,True
1,1,0.9703391194343567,True
2,2,0.9997681975364685,True
28,28,0.9999560117721558,True
25,25,0.9999853372573853,True
5,5,0.9816865921020508,True
27,27,0.9998378753662109,True
12,12,0.9994444251060486,True
20,20,0.5882644653320312,True
38,38,0.9994450211524963,True
25,25,0.9998469352722168,True
13,13,0.9993139505386353,True
12,12,0.9996507167816162,True
4,4,0.9998424053192139,True
33,33,0.9077062606811523,True
23,23,0.9999972581863403,True
11,11,0.999976634979248,True
13,13,0.999925971031189,True
1,1,0.9993754029273987,True
6,6,0.8038666844367981,True
10,10,0.9999665021896362,True
6,6,0.9762741327285767,True
30,29,0.8453287482261658,False
12,12,0.9998373985290527,True
38,38,0.999798595905304,True
11,11,0.9999974966049194,True
1,1,0.9999749660491943,True
38,38,0.9999150037765503,True
18,18,0.9998829364776611,True
4,4,0.9999443292617798,True
18,27,0.9799990653991699,False
2,2,0.9996572732925415,True
38,38,0.9995410442352295,True
13,13,0.9996262788772583,True
18,18,0.9699367880821228,True
5,5,0.9993706345558167,True
21,21,0.8129478693008423,True
9,9,0.9592217206954956,True
4,4,0.9997555613517761,True
8,8,0.9998093247413635,True
25,25,0.9999572038650513,True
2,2,0.9996765851974487,True
11,11,0.970122754573822,True
33,33,0.9997546076774597,True
14,14,0.9999549388885498,True
13,13,0.9998144507408142,True
9,9,0.9999438524246216,True
9,9,0.9999352693557739,True
17,17,0.9996827840805054,True
12,12,0.9996080994606018,True
9,9,0.9999841451644897,True
8,8,0.6641219854354858,True
11,11,0.9999667406082153,True
5,5,0.9998743534088135,True
4,4,0.9996086955070496,True
0,0,0.9998722076416016,True
4,4,0.9985999464988708,True
10,10,0.9999613761901855,True
13,13,0.9995146989822388,True
28,28,0.9978387951850891,True
18,18,0.9810991883277893,True
10,10,0.9998927116394043,True
39,39,0.9970114231109619,True
5,5,0.9995216131210327,True
3,3,0.997829258441925,True
22,22,0.9985356330871582,True
35,35,0.9997058510780334,True
16,16,0.9999467134475708,True
26,26,0.9992989301681519,True
35,35,0.997983455657959,True
7,7,0.9999874830245972,True
18,18,0.9908769726753235,True
3,3,0.9984673857688904,True
25,25,0.8495913743972778,True
16,16,0.9997181296348572,True
35,35,0.999956488609314,True
25,25,0.9989327788352966,True
4,4,0.9997856020927429,True
9,9,0.9999902248382568,True
5,5,0.9491205215454102,True
11,11,0.9336224794387817,True
1,1,0.9999974966049194,True
11,11,0.9999876022338867,True
36,36,0.999506950378418,True
42,42,0.9260261654853821,True
1,1,0.9999842643737793,True
12,12,0.9997568726539612,True
4,4,0.9997864365577698,True
26,26,0.9999704360961914,True
3,3,0.8505525588989258,True
38,38,0.9441609978675842,True
34,34,0.9999243021011353,True
7,7,0.9996250867843628,True
3,3,0.9995442032814026,True
2,2,0.9998051524162292,True
11,11,0.9999676942825317,True
25,25,0.9991289973258972,True
25,25,0.999946117401123,True
9,9,0.9999809265136719,True
3,3,0.9996293783187866,True
35,35,0.9999755620956421,True
3,3,0.9997414946556091,True
26,26,0.9995080232620239,True
5,5,0.9995641112327576,True
2,2,0.9998149275779724,True
38,38,0.999292254447937,True
27,11,0.974418044090271,False
14,14,0.9999098777770996,True
17,17,0.9996286630630493,True
12,12,0.9998013377189636,True
10,10,0.9999141693115234,True
7,7,0.9999468326568604,True
35,35,0.9998955726623535,True
3,3,0.9995812773704529,True
18,18,0.9995725750923157,True
25,25,0.8719292283058167,True
18,18,0.9999685287475586,True
10,10,0.9999841451644897,True
2,2,0.999444305896759,True
11,11,0.9999738931655884,True
11,11,0.9999613761901855,True
4,4,0.9999814033508301,True
38,38,0.9993083477020264,True
38,38,0.9988799691200256,True
13,13,0.9996393918991089,True
20,20,0.9708312153816223,True
8,8,0.9996671676635742,True
26,26,0.9999703168869019,True
10,10,0.9999678134918213,True
12,12,0.9997169375419617,True
11,11,0.8487507104873657,True
13,13,0.9999116659164429,True
1,1,0.999988317489624,True
4,4,0.9957549571990967,True
13,13,0.9996509552001953,True
1,1,0.9999339580535889,True
12,12,0.999569833278656,True
33,33,0.9998804330825806,True
1,1,0.9999780654907227,True
31,31,0.9997913241386414,True
35,35,0.9998155236244202,True
3,3,0.49207526445388794,True
7,7,0.9987003803253174,True
21,21,0.8218996524810791,True
10,10,0.999953031539917,True
2,2,0.7575631141662598,True
31,31,0.9996446371078491,True
10,10,0.9991822838783264,True
28,28,0.9999409914016724,True
9,9,0.9999831914901733,True
25,25,0.9998884201049805,True
36,36,0.9999644756317139,True
15,15,0.9997010231018066,True
38,38,0.9981721639633179,True
3,3,0.9907752871513367,True
17,17,0.4305591583251953,True
10,10,0.9999899864196777,True
12,12,0.9996305704116821,True
15,15,0.9985511898994446,True
13,13,0.9999431371688843,True
17,17,0.9998799562454224,True
29,29,0.9994326233863831,True
22,25,0.9901612997055054,False
12,12,0.9987226128578186,True
4,4,0.9991803765296936,True
17,17,0.9997691512107849,True
17,17,0.9999545812606812,True
8,8,0.9980165958404541,True
2,2,0.9967100620269775,True
10,10,0.9999388456344604,True
16,16,0.9659907817840576,True
33,33,0.9998224377632141,True
22,22,0.9996438026428223,True
35,35,0.9998646974563599,True
2,2,0.9990251064300537,True
40,40,0.8341099619865417,True
14,14,0.9995392560958862,True
11,11,0.9999381303787231,True
1,1,0.9999672174453735,True
26,25,0.5751497745513916,False
35,35,0.9998550415039062,True
22,22,0.9996461868286133,True
24,24,0.9984663724899292,True
18,18,0.9919339418411255,True
15,15,0.9992591738700867,True
3,3,0.9988834261894226,True
5,5,0.9930214285850525,True
4,4,0.9998729228973389,True
38,38,0.9989375472068787,True
12,12,0.9995912909507751,True
11,11,0.999972939491272,True
3,3,0.9982174038887024,True
10,10,0.9999755620956421,True
19,19,0.8392574191093445,True
24,24,0.9428932070732117,True
9,9,0.999862790107727,True
11,11,0.9994768500328064,True
12,12,0.9997981190681458,True
3,3,0.9987185001373291,True
5,5,0.9998980760574341,True
6,6,0.9956372380256653,True
3,3,0.9996514320373535,True
33,33,0.9994988441467285,True
13,13,0.9997839331626892,True
12,12,0.9991656541824341,True
4,4,0.999011754989624,True
33,33,0.7008136510848999,True
5,5,0.9996936321258545,True
15,15,0.9977806210517883,True
18,18,0.9999747276306152,True
21,19,0.5411196351051331,False
26,26,0.6021808385848999,True
40,40,0.9999901056289673,True
7,7,0.9997367262840271,True
13,13,0.9997147917747498,True
1,1,0.9232210516929626,True
6,6,0.8641077876091003,True
10,10,0.9995173215866089,True
10,10,0.9999821186065674,True
17,17,0.9997945427894592,True
24,24,0.9996930360794067,True
14,14,0.9994194507598877,True
4,4,0.999957799911499,True
10,10,0.9997580647468567,True
4,4,0.9999043941497803,True
11,11,0.9312708973884583,True
13,13,0.9998960494995117,True
8,8,0.9984096884727478,True
15,15,0.9992992877960205,True
30,30,0.5158692002296448,True
10,10,0.9999953508377075,True
14,14,0.998956561088562,True
1,1,0.9999841451644897,True
11,11,0.999782145023346,True
9,9,0.9999866485595703,True
2,2,0.9996656179428101,True
1,8,0.9540910720825195,False
5,5,0.9993367791175842,True
2,2,0.9998028874397278,True
38,38,0.988431453704834,True
12,12,0.9997542500495911,True
8,8,0.9998549222946167,True
2,2,0.99988853931427,True
10,10,0.9997062087059021,True
23,23,0.9999027252197266,True
11,11,0.999972939491272,True
17,17,0.9999432563781738,True
9,9,0.9999850988388062,True
13,13,0.9996030926704407,True
23,20,0.8732573390007019,False
7,7,0.9999810457229614,True
25,26,0.6569864153862,False
4,4,0.9997143149375916,True
7,7,0.9999068975448608,True
35,35,0.9997383952140808,True
2,2,0.999776303768158,True
41,41,0.9985722303390503,True
35,34,0.5673906803131104,False
22,22,0.9998880624771118,True
10,10,0.9998921155929565,True
13,13,0.999847412109375,True
38,38,0.9993719458580017,True
17,12,0.5804236531257629,False
8,8,0.9994105100631714,True
38,38,0.9973294734954834,True
4,4,0.9997221827507019,True
15,15,0.9998291730880737,True
7,7,0.9999417066574097,True
9,9,0.9999758005142212,True
22,22,0.4990057349205017,True
30,30,0.5595575571060181,True
12,12,0.999710738658905,True
38,38,0.9984579086303711,True
7,7,0.9998747110366821,True
4,4,0.9999269247055054,True
38,38,0.9999336004257202,True
13,13,0.9994834661483765,True
13,13,0.9998636245727539,True
10,10,0.9999053478240967,True
38,38,0.9999679327011108,True
33,33,0.9997641444206238,True
1,1,0.9999850988388062,True
21,21,0.9987958669662476,True
38,38,0.9961420893669128,True
4,4,0.9951989054679871,True
9,9,0.9999587535858154,True
8,8,0.9861844182014465,True
37,37,0.999834418296814,True
12,12,0.9996345043182373,True
42,42,0.9977353811264038,True
13,13,0.9995455145835876,True
25,25,0.9978727102279663,True
9,9,0.9999842643737793,True
10,10,0.999983549118042,True
2,2,0.999859094619751,True
5,5,0.9975022673606873,True
16,16,0.5949829816818237,True
12,12,0.9999277591705322,True
41,9,0.6697445511817932,False
33,33,0.9997455477714539,True
18,18,0.999981164932251,True
10,10,0.9982975125312805,True
1,1,0.9998733997344971,True
30,30,0.991255521774292,True
10,10,0.9999258518218994,True
8,8,0.9983353018760681,True
7,7,0.996803879737854,True
1,1,0.9866048693656921,True
4,4,0.9997429251670837,True
5,5,0.48881709575653076,True
1,1,0.9986745119094849,True
8,8,0.9990792274475098,True
2,2,0.9987982511520386,True
5,5,0.9995437264442444,True
5,5,0.9987377524375916,True
14,12,0.4718431234359741,False
4,4,0.9995935559272766,True
35,35,0.999937891960144,True
15,15,0.9997820258140564,True
9,9,0.9999905824661255,True
33,33,0.9994107484817505,True
12,12,0.9990507960319519,True
36,36,0.9998310804367065,True
7,7,0.9998732805252075,True
18,18,0.5880711674690247,True
42,42,0.998145341873169,True
18,18,0.9999371767044067,True
9,9,0.9998534917831421,True
7,7,0.9973806738853455,True
7,7,0.9999892711639404,True
12,12,0.9991313815116882,True
26,26,0.9999551773071289,True
33,33,0.999843955039978,True
15,15,0.9997808337211609,True
18,18,0.9926579594612122,True
8,8,0.9991876482963562,True
18,18,0.9999631643295288,True
13,13,0.999876856803894,True
18,18,0.9998912811279297,True
4,4,0.9999133348464966,True
2,2,0.9990785121917725,True
10,10,0.9999146461486816,True
5,5,0.9991986155509949,True
11,11,0.999996542930603,True
4,4,0.9997524619102478,True
8,8,0.9996010661125183,True
2,2,0.9998711347579956,True
33,33,0.9997679591178894,True
9,9,0.9999816417694092,True
33,33,0.999956488609314,True
33,33,0.9928357005119324,True
9,9,0.9999008178710938,True
8,8,0.9999207258224487,True
4,4,0.9999517202377319,True
1,1,0.9948819875717163,True
10,10,0.9999170303344727,True
15,15,0.999976634979248,True
11,11,0.9999065399169922,True
23,23,0.9999752044677734,True
4,4,0.9996552467346191,True
38,38,0.9998040795326233,True
12,12,0.999775230884552,True
7,7,0.9041245579719543,True
3,3,0.9877888560295105,True
1,1,0.9999665021896362,True
12,12,0.9988162517547607,True
14,17,0.5750647187232971,False
4,4,0.9999091625213623,True
17,17,0.9918819069862366,True
24,24,0.996753990650177,True
10,10,0.9997479319572449,True
4,9,0.5264188051223755,False
13,13,0.9996815919876099,True
27,27,0.44616442918777466,True
9,9,0.9999544620513916,True
2,2,0.9999185800552368,True
14,14,0.9999860525131226,True
17,17,0.9997475743293762,True
9,9,0.9999974966049194,True
25,25,0.9802982211112976,True
38,38,0.9770384430885315,True
17,17,0.999813973903656,True
15,15,0.9998601675033569,True
38,38,0.9973897337913513,True
13,13,0.9997398257255554,True
10,10,0.9999505281448364,True
4,4,0.9999619722366333,True
0,1,0.779191255569458,False
25,25,0.9999833106994629,True
33,33,0.946192741394043,True
9,9,0.9594923257827759,True
11,25,0.6081054210662842,False
11,11,0.9999668598175049,True
5,5,0.9991263747215271,True
4,4,0.9988164901733398,True
33,35,0.2000502198934555,False
18,18,0.7883799076080322,True
17,17,0.9948316812515259,True
17,17,0.9999464750289917,True
20,20,0.9952789545059204,True
13,13,0.9996194839477539,True
5,5,0.9999195337295532,True
23,20,0.7979418039321899,False
4,4,0.9999432563781738,True
21,19,0.6982390880584717,False
4,4,0.9988518953323364,True
7,7,0.5671906471252441,True
1,8,0.9986024498939514,False
10,10,0.9999871253967285,True
2,2,0.999705970287323,True
7,7,0.9999666213989258,True
4,4,0.9999414682388306,True
0,0,0.9364907145500183,True
25,25,0.9999024868011475,True
5,5,0.9970441460609436,True
1,1,0.9999450445175171,True
17,17,0.9856429696083069,True
10,10,0.999962329864502,True
4,4,0.9992081522941589,True
6,6,0.9999614953994751,True
37,37,0.9924461245536804,True
4,4,0.9999417066574097,True
32,32,0.9603533744812012,True
32,32,0.9999510049819946,True
35,35,0.9997664093971252,True
41,41,0.9999737739562988,True
13,13,0.9997618794441223,True
38,38,0.9992859959602356,True
35,35,0.9999877214431763,True
25,25,0.99996018409729,True
2,2,0.9999480247497559,True
21,23,0.6109253764152527,False
38,38,0.999908447265625,True
8,3,0.6545841693878174,False
9,9,0.9999593496322632,True
2,1,0.9417819380760193,False
12,12,0.9994732737541199,True
25,29,0.4557661712169647,False
14,17,0.9665462970733643,False
28,28,0.946077823638916,True
9,9,0.9999179840087891,True
14,14,0.9995939135551453,True
1,1,0.9849120378494263,True
25,25,0.9994521737098694,True
10,10,0.9976736903190613,True
42,42,0.9997498393058777,True
35,35,0.9983003735542297,True
8,8,0.9991790652275085,True
25,25,0.9998476505279541,True
36,36,0.9997974038124084,True
4,4,0.9999816417694092,True
25,25,0.9998986721038818,True
4,4,0.999428927898407,True
31,31,0.9798558950424194,True
11,11,0.9998553991317749,True
3,3,0.9998238682746887,True
31,31,0.9996728897094727,True
2,2,0.9981641173362732,True
9,9,0.6934861540794373,True
23,23,0.9999866485595703,True
5,8,0.8845698833465576,False
2,2,0.9999616146087646,True
9,9,0.9999839067459106,True
12,12,0.999562680721283,True
7,7,0.9996115565299988,True
10,10,0.9999068975448608,True
10,10,0.9998953342437744,True
29,29,0.999137282371521,True
10,10,0.9998962879180908,True
4,4,0.9998617172241211,True
8,8,0.9996110796928406,True
13,13,0.9995813965797424,True
12,12,0.9998828172683716,True
4,4,0.9999786615371704,True
8,8,0.99988853931427,True
18,18,0.9949861764907837,True
12,12,0.9998824596405029,True
2,2,0.9995391368865967,True
16,16,0.9999749660491943,True
1,1,0.9991538524627686,True
4,4,0.9999510049819946,True
18,18,0.999823272228241,True
4,4,0.9999583959579468,True
18,26,0.3669547736644745,False
13,13,0.9996071457862854,True
5,5,0.9999260902404785,True
18,18,0.974170982837677,True
25,25,0.9998119473457336,True
5,5,0.9676244258880615,True
25,25,0.9986416697502136,True
39,39,0.9995299577713013,True
38,38,0.9999196529388428,True
7,7,0.9661868214607239,True
14,14,0.9948943853378296,True
28,28,0.9744319319725037,True
30,30,0.5106009840965271,True
8,8,0.9997380375862122,True
12,12,0.999506950378418,True
10,10,0.9998522996902466,True
2,2,0.9997965693473816,True
10,10,0.9998703002929688,True
13,13,0.999727189540863,True
10,10,0.999840497970581,True
3,3,0.5683009028434753,True
3,3,0.9751225709915161,True
1,1,0.9995201826095581,True
13,13,0.9989746809005737,True
4,4,0.9999614953994751,True
26,26,0.9925351142883301,True
2,2,0.9088158011436462,True
9,9,0.9999794960021973,True
3,3,0.9994668364524841,True
39,39,0.9880068302154541,True
21,21,0.49986931681632996,True
3,3,0.9995111227035522,True
10,10,0.9999372959136963,True
12,12,0.9999192953109741,True
10,10,0.9997017979621887,True
28,28,0.9894173741340637,True
1,1,0.9995251893997192,True
9,9,0.9999774694442749,True
4,4,0.9999377727508545,True
7,7,0.9999263286590576,True
15,15,0.9993256330490112,True
32,32,0.9999725818634033,True
35,40,0.923103392124176,False
13,13,0.9996644258499146,True
2,2,0.9999905824661255,True
16,16,0.9997827410697937,True
3,3,0.9956854581832886,True
25,25,0.9605267643928528,True
8,8,0.9998862743377686,True
21,21,0.820471465587616,True
29,29,0.9900460839271545,True
20,20,0.9999147653579712,True
38,38,0.9995219707489014,True
38,38,0.9998488426208496,True
9,9,0.9999525547027588,True
38,38,0.9999256134033203,True
11,11,0.999997615814209,True
10,10,0.9999651908874512,True
25,25,0.9997071623802185,True
0,0,0.9274629950523376,True
21,21,0.8941896557807922,True
15,15,0.999947190284729,True
14,14,0.9998250603675842,True
4,4,0.9998288154602051,True
11,11,0.9917005896568298,True
4,4,0.9998480081558228,True
13,13,0.9998698234558105,True
17,17,0.9996259212493896,True
18,18,0.9985628724098206,True
1,8,0.9924037456512451,False
26,26,0.9986336827278137,True
2,2,0.9991794228553772,True
26,26,0.9998694658279419,True
9,9,0.9999796152114868,True
1,1,0.9994739890098572,True
4,4,0.9999306201934814,True
25,25,0.9999808073043823,True
18,18,0.9997913241386414,True
3,3,0.9954533576965332,True
22,22,0.9997770190238953,True
11,11,0.9999620914459229,True
12,12,0.9996727705001831,True
31,20,0.38359344005584717,False
13,13,0.9983990788459778,True
4,2,0.3002047538757324,False
36,36,0.7072162628173828,True
23,23,0.9990735054016113,True
39,39,0.9591118693351746,True
2,2,0.9996359348297119,True
11,11,0.9940991401672363,True
8,8,0.9997014403343201,True
8,8,0.9985612034797668,True
1,1,0.999974250793457,True
11,11,0.9998264908790588,True
10,10,0.9984756112098694,True
22,25,0.8140862584114075,False
21,21,0.7942497134208679,True
4,4,0.9999070167541504,True
40,40,0.9999936819076538,True
2,2,0.9997424483299255,True
31,31,0.9997406601905823,True
35,35,0.996802568435669,True
25,25,0.9995560050010681,True
38,38,0.9990230798721313,True
17,17,0.9998818635940552,True
39,39,0.993432879447937,True
42,42,0.9987742304801941,True
30,11,0.6918611526489258,False
4,4,0.9998445510864258,True
31,20,0.9544018507003784,False
11,11,0.9999626874923706,True
10,10,0.9979879856109619,True
10,10,0.9998879432678223,True
2,2,0.9432298541069031,True
31,31,0.9998869895935059,True
25,25,0.9996680021286011,True
22,22,0.9998347759246826,True
38,38,0.9997414946556091,True
7,7,0.9997333884239197,True
25,25,0.9994139671325684,True
10,10,0.999995231628418,True
22,22,0.9996719360351562,True
4,4,0.9998974800109863,True
2,2,0.8267574906349182,True
12,12,0.9997828602790833,True
17,17,0.9997041821479797,True
1,1,0.9996355772018433,True
25,27,0.3065010607242584,False
9,9,0.9999790191650391,True
12,12,0.9995617270469666,True
3,3,0.9999825954437256,True
8,8,0.9983235001564026,True
38,38,0.9996528625488281,True
33,33,0.999618649482727,True
38,38,0.9777098894119263,True
21,21,0.9999710321426392,True
34,34,0.997951328754425,True
17,17,0.9988935589790344,True
18,18,0.9999481439590454,True
11,11,0.8223777413368225,True
4,4,0.9999287128448486,True
9,9,0.9999536275863647,True
2,2,0.9993680119514465,True
3,3,0.9986050724983215,True
14,14,0.9713296890258789,True
17,17,0.9998062252998352,True
1,1,0.9986096620559692,True
24,24,0.9971215128898621,True
9,9,0.9999040365219116,True
9,9,0.9998225569725037,True
11,11,0.9844768643379211,True
8,3,0.5361447334289551,False
3,3,0.9981594681739807,True
2,2,0.9998353719711304,True
18,18,0.9999678134918213,True
17,17,0.9991967082023621,True
28,28,0.9994658827781677,True
9,9,0.9999769926071167,True
28,28,0.9955867528915405,True
12,12,0.9996373653411865,True
14,14,0.9970393776893616,True
13,13,0.9996519088745117,True
8,8,0.9993981122970581,True
26,26,0.9999438524246216,True
1,1,0.9934951663017273,True
1,1,0.9999521970748901,True
17,17,0.9998201727867126,True
4,4,0.9999504089355469,True
18,18,0.9967838525772095,True
13,13,0.9995608925819397,True
3,3,0.9981334805488586,True
34,34,0.9987599849700928,True
12,12,0.99949049949646,True
2,2,0.9997276663780212,True
22,22,0.9998736381530762,True
1,1,0.9999268054962158,True
18,18,0.9860870242118835,True
16,16,0.9999842643737793,True
25,25,0.9999532699584961,True
1,1,0.9999250173568726,True
35,35,0.9999524354934692,True
25,25,0.9993672966957092,True
30,30,0.9506331086158752,True
14,14,0.9996583461761475,True
35,35,0.9999686479568481,True
26,26,0.9997976422309875,True
2,2,0.9996950626373291,True
20,20,0.9999285936355591,True
38,38,0.9996533393859863,True
5,5,0.9998452663421631,True
7,7,0.9774066209793091,True
14,12,0.5243800282478333,False
25,25,0.9943493008613586,True
28,28,0.9985514283180237,True
2,2,0.9998200535774231,True
5,5,0.5961243510246277,True
1,1,0.9999905824661255,True
26,26,0.9994470477104187,True
25,25,0.9951737523078918,True
6,6,0.9963768124580383,True
1,1,0.9974775910377502,True
13,13,0.9994780421257019,True
4,4,0.999916672706604,True
3,3,0.9824470281600952,True
11,11,0.958275556564331,True
25,25,0.9999123811721802,True
31,31,0.9955161213874817,True
13,13,0.9994921684265137,True
11,11,0.9999908208847046,True
25,25,0.9997338652610779,True
38,38,0.9946058392524719,True
5,5,0.9863134622573853,True
12,12,0.9999459981918335,True
2,2,0.9997084736824036,True
20,20,0.9951457381248474,True
18,18,0.9962145686149597,True
8,8,0.9997362494468689,True
12,12,0.9998086094856262,True
18,18,0.9973170161247253,True
12,12,0.9994729161262512,True
2,2,0.9997705817222595,True
41,9,0.4209091365337372,False
25,25,0.9983179569244385,True
36,36,0.9776110649108887,True
9,9,0.9999738931655884,True
10,10,0.9999499320983887,True
8,8,0.9992935657501221,True
2,2,0.9994716048240662,True
4,4,0.9996919631958008,True
42,42,0.9974967837333679,True
1,1,0.9645803570747375,True
4,4,0.5278853178024292,True
5,5,0.9958670139312744,True
29,29,0.9979490637779236,True
4,4,0.9998204112052917,True
2,2,0.9995170831680298,True
42,42,0.996402382850647,True
18,18,0.9321253299713135,True
13,13,0.9995952248573303,True
25,25,0.9999920129776001,True
12,12,0.9991520643234253,True
12,12,0.999492883682251,True
12,12,0.9999195337295532,True
2,2,0.9996106028556824,True
39,39,0.9926754832267761,True
4,4,0.9917194843292236,True
10,10,0.9998767375946045,True
12,12,0.9995753169059753,True
2,2,0.9928292632102966,True
3,3,0.999672532081604,True
10,10,0.9999167919158936,True
38,38,0.9959938526153564,True
35,33,0.990454375743866,False
5,5,0.9992963075637817,True
33,33,0.9999768733978271,True
28,28,0.9999222755432129,True
1,1,0.9999290704727173,True
6,6,0.999936580657959,True
42,42,0.9947102069854736,True
25,25,0.9892784953117371,True
2,2,0.9999748468399048,True
2,2,0.9997676014900208,True
15,15,0.9998120665550232,True
8,8,0.9997479319572449,True
36,36,0.9995872378349304,True
26,26,0.9999558925628662,True
2,2,0.9998749494552612,True
3,3,0.995101809501648,True
32,32,0.9999547004699707,True
6,6,0.8996103405952454,True
7,7,0.9998364448547363,True
14,14,0.9999804496765137,True
1,1,0.9350566267967224,True
1,1,0.9362077713012695,True
13,13,0.9995563626289368,True
4,4,0.9999499320983887,True
1,1,0.9999728202819824,True
2,2,0.9983692765235901,True
15,15,0.9996378421783447,True
17,17,0.998314619064331,True
2,2,0.9987647533416748,True
10,10,0.9999010562896729,True
25,25,0.9989312291145325,True
5,5,0.9982812404632568,True
31,31,0.9998237490653992,True
4,4,0.9998307228088379,True
11,11,0.9977104663848877,True
2,2,0.9935801029205322,True
5,5,0.9997968077659607,True
2,2,0.9995107650756836,True
13,13,0.9998214840888977,True
13,13,0.9998310804367065,True
10,10,0.9999483823776245,True
38,38,0.9999034404754639,True
1,1,0.9999500513076782,True
18,18,0.99998939037323,True
9,9,0.9997192025184631,True
35,35,0.999893307685852,True
38,38,0.999081015586853,True
35,35,0.9950311183929443,True
13,13,0.999794065952301,True
18,18,0.9999195337295532,True
21,21,0.9997217059135437,True
18,18,0.9983641505241394,True
22,22,0.9988763928413391,True
18,18,0.9877644181251526,True
7,8,0.48357799649238586,False
38,38,0.9998910427093506,True
33,33,0.9996707439422607,True
14,12,0.30493292212486267,False
28,28,0.5208036303520203,True
8,3,0.7160365581512451,False
38,38,0.9988223910331726,True
13,13,0.9998167157173157,True
7,7,0.9999483823776245,True
9,9,0.9996603727340698,True
9,9,0.9999481439590454,True
35,35,0.999935507774353,True
11,11,0.9999971389770508,True
13,13,0.9995251893997192,True
35,35,0.9985113739967346,True
3,3,0.9999639987945557,True
33,33,0.999936580657959,True
38,38,0.9998217225074768,True
8,8,0.9996966123580933,True
38,38,0.9992102384567261,True
12,12,0.9998204112052917,True
9,9,0.9999608993530273,True
2,2,0.9998980760574341,True
33,33,0.9997655749320984,True
3,3,0.9855660796165466,True
13,13,0.9998925924301147,True
5,5,0.9997673630714417,True
35,35,0.9999885559082031,True
23,23,0.9999529123306274,True
12,12,0.9993138313293457,True
4,4,0.9999735355377197,True
1,1,0.9990829229354858,True
5,5,0.99882572889328,True
5,5,0.9969047904014587,True
31,31,0.9995030164718628,True
11,11,0.9994812607765198,True
9,9,0.9998747110366821,True
7,7,0.9362728595733643,True
17,17,0.9998218417167664,True
1,1,0.9999628067016602,True
18,18,0.9152094125747681,True
25,25,0.9988779425621033,True
30,30,0.9995841383934021,True
7,7,0.9999080896377563,True
13,13,0.9996210336685181,True
2,2,0.9982707500457764,True
4,4,0.9999289512634277,True
5,5,0.9998694658279419,True
3,3,0.8998048305511475,True
22,22,0.9989749193191528,True
16,16,0.9999501705169678,True
29,29,0.9990831613540649,True
40,40,0.7049435973167419,True
15,15,0.9945430755615234,True
39,39,0.9591158032417297,True
3,3,0.999760091304779,True
1,1,0.9998277425765991,True
11,12,0.27204692363739014,False
1,1,0.9999198913574219,True
3,3,0.9999079704284668,True
38,38,0.965086817741394,True
18,18,0.9850817918777466,True
39,33,0.4053156077861786,False
13,13,0.9995536208152771,True
17,17,0.9998257756233215,True
38,38,0.999661922454834,True
5,5,0.9997081160545349,True
2,2,0.9992071986198425,True
10,10,0.9999731779098511,True
11,11,0.9999797344207764,True
12,12,0.9999696016311646,True
8,8,0.9978989362716675,True
13,13,0.9996559619903564,True
25,25,0.9998393058776855,True
3,3,0.9999622106552124,True
1,1,0.9990641474723816,True
38,38,0.9985301494598389,True
13,13,0.9994309544563293,True
11,11,0.9997480511665344,True
26,26,0.9996107220649719,True
11,11,0.9995492100715637,True
3,3,0.9864742159843445,True
11,11,0.9997183680534363,True
25,25,0.5130678415298462,True
9,9,0.9999731779098511,True
2,2,0.9988861680030823,True
26,26,0.9759151935577393,True
35,35,0.9998212456703186,True
1,1,0.9978325963020325,True
1,1,0.9998852014541626,True
9,9,0.9999947547912598,True
10,10,0.9998427629470825,True
36,36,0.9999390840530396,True
9,9,0.9999337196350098,True
2,2,0.9998902082443237,True
27,27,0.9527900218963623,True
31,31,0.9998672008514404,True
4,4,0.9998437166213989,True
3,3,0.9998692274093628,True
13,13,0.9998887777328491,True
13,13,0.9994404911994934,True
13,13,0.9998537302017212,True
2,2,0.9999371767044067,True
5,5,0.9996933937072754,True
10,10,0.9999454021453857,True
35,35,0.9999821186065674,True
9,9,0.9999749660491943,True
4,4,0.9997894167900085,True
7,7,0.999891996383667,True
41,41,0.9057489037513733,True
25,25,0.9997710585594177,True
17,17,0.7134941220283508,True
4,4,0.9998801946640015,True
15,15,0.9998629093170166,True
3,3,0.998548686504364,True
16,16,0.994445264339447,True
13,13,0.999713122844696,True
4,4,0.984876275062561,True
31,31,0.9996505975723267,True
3,3,0.9888728260993958,True
17,17,0.9890144467353821,True
8,8,0.9915353059768677,True
17,17,0.9965559244155884,True
38,38,0.9990732669830322,True
14,14,0.9900013208389282,True
24,24,0.8556602597236633,True
13,13,0.9999102354049683,True
41,9,0.8302116394042969,False
1,1,0.9999363422393799,True
1,1,0.9999321699142456,True
11,11,0.999981164932251,True
15,15,0.9997311234474182,True
3,3,0.9025518298149109,True
36,36,0.999954104423523,True
10,10,0.999962329864502,True
10,10,0.9999037981033325,True
16,16,0.9990205764770508,True
2,2,0.9999624490737915,True
24,24,0.9996426105499268,True
23,23,0.9998983144760132,True
2,2,0.999858021736145,True
17,17,0.9996994733810425,True
3,3,0.9978844523429871,True
4,4,0.9998773336410522,True
35,35,0.6769018769264221,True
5,5,0.5058499574661255,True
7,7,0.9907242655754089,True
1,1,0.9998714923858643,True
12,12,0.9997343420982361,True
4,4,0.999900221824646,True
11,11,0.9999970197677612,True
13,13,0.9997804760932922,True
4,4,0.9999797344207764,True
22,22,0.9997492432594299,True
8,8,0.9996286630630493,True
1,1,0.9999929666519165,True
2,2,0.9998993873596191,True
38,38,0.5916818380355835,True
13,13,0.9998816251754761,True
31,31,0.999974250793457,True
9,9,0.9999333620071411,True
8,8,0.9998297691345215,True
25,25,0.9939233660697937,True
2,2,0.9997912049293518,True
18,18,0.9995859265327454,True
11,11,0.9999067783355713,True
11,11,0.9920238256454468,True
17,17,0.9998985528945923,True
13,13,0.9996196031570435,True
17,17,0.999114453792572,True
2,2,0.9997407793998718,True
14,14,0.99974125623703,True
5,5,0.9995836615562439,True
31,31,0.9969298243522644,True
36,36,0.9935861229896545,True
3,3,0.9999847412109375,True
10,10,0.9999071359634399,True
13,13,0.9999321699142456,True
23,23,0.998755931854248,True
4,4,0.9999065399169922,True
38,38,0.9999065399169922,True
31,31,0.9993836879730225,True
3,3,0.9695649147033691,True
8,8,0.9998735189437866,True
2,2,0.9748206734657288,True
30,20,0.45693129301071167,False
12,12,0.999640941619873,True
12,12,0.9997201561927795,True
36,36,0.7406777143478394,True
13,13,0.9997221827507019,True
14,14,0.9894487857818604,True
10,10,0.9999727010726929,True
2,2,0.9996427297592163,True
14,14,0.999890923500061,True
17,17,0.9916894435882568,True
38,38,0.9997405409812927,True
4,4,0.9989911913871765,True
37,37,0.9740992784500122,True
35,35,0.9998020529747009,True
2,2,0.9930515289306641,True
23,23,0.9964935183525085,True
7,7,0.9998992681503296,True
1,1,0.9998360872268677,True
26,26,0.9999822378158569,True
38,38,0.9995377063751221,True
3,3,0.9996849298477173,True
17,17,0.9914643168449402,True
15,15,0.9998049139976501,True
3,3,0.9973769187927246,True
6,6,0.9990264177322388,True
13,13,0.9995653033256531,True
3,3,0.9999440908432007,True
18,27,0.39109480381011963,False
17,17,0.9988347887992859,True
13,13,0.9998650550842285,True
4,4,0.999862790107727,True
24,24,0.5681143403053284,True
7,7,0.9998263716697693,True
8,8,0.9999163150787354,True
19,19,0.9990429282188416,True
9,9,0.9999929666519165,True
5,5,0.9998843669891357,True
4,4,0.9996191263198853,True
4,4,0.9999443292617798,True
7,7,0.9999954700469971,True
17,17,0.9970930814743042,True
38,38,0.999656081199646,True
13,13,0.9998164772987366,True
14,14,0.999786913394928,True
30,30,0.6065263152122498,True
12,12,0.9998577833175659,True
9,9,0.9999723434448242,True
8,8,0.9990382194519043,True
3,3,0.993062436580658,True
8,8,0.9826005101203918,True
38,38,0.9996302127838135,True
11,11,0.9739654064178467,True
33,33,0.9710921049118042,True
38,38,0.9990507960319519,True
11,11,0.9999969005584717,True
8,8,0.9996448755264282,True
14,14,0.997391939163208,True
17,17,0.9998016953468323,True
35,35,0.9996626377105713,True
3,3,0.9988387227058411,True
40,40,0.993012011051178,True
25,25,0.9991212487220764,True
7,7,0.999946117401123,True
7,7,0.9998900890350342,True
13,13,0.9990798234939575,True
1,1,0.9999852180480957,True
25,25,0.9999505281448364,True
38,38,0.9994392991065979,True
25,25,0.9900960922241211,True
9,9,0.9999891519546509,True
5,5,0.9998800754547119,True
11,11,0.9999891519546509,True
12,12,0.9996705055236816,True
1,1,0.9939824938774109,True
25,25,0.9999717473983765,True
1,1,0.8961166739463806,True
31,20,0.6871137022972107,False
19,19,0.9995061159133911,True
3,3,0.9996219873428345,True
16,16,0.9999560117721558,True
10,10,0.9997802376747131,True
12,12,0.9992961883544922,True
11,11,0.9250978827476501,True
7,7,0.9997429251670837,True
2,2,0.9998916387557983,True
2,2,0.9997723698616028,True
4,4,0.9996111989021301,True
35,35,0.9999090433120728,True
5,5,0.9998636245727539,True
22,22,0.9999523162841797,True
7,7,0.9999494552612305,True
9,9,0.9999270439147949,True
16,16,0.9999574422836304,True
1,1,0.9977837204933167,True
8,8,0.9998422861099243,True
38,38,0.9988923668861389,True
5,5,0.9998496770858765,True
1,1,0.9994018077850342,True
3,3,0.9917255640029907,True
38,38,0.9996343851089478,True
23,23,0.9999618530273438,True
5,2,0.8072922229766846,False
6,6,0.821845293045044,True
9,9,0.999976396560669,True
12,12,0.9998860359191895,True
13,13,0.9994545578956604,True
30,30,0.9623392224311829,True
7,7,0.6658633947372437,True
2,2,0.999722421169281,True
4,4,0.9998339414596558,True
7,7,0.9996114373207092,True
26,26,0.999910831451416,True
4,4,0.9998044371604919,True
1,1,0.9966778755187988,True
8,8,0.9995450377464294,True
17,17,0.9996345043182373,True
6,6,0.9994200468063354,True
15,15,0.9998306035995483,True
37,37,0.9665346145629883,True
12,12,0.9997249245643616,True
8,8,0.9990991353988647,True
18,28,0.5984479784965515,False
12,12,0.9996101260185242,True
16,16,0.9368963241577148,True
25,25,0.9999983310699463,True
14,14,0.9979495406150818,True
5,5,0.9995455145835876,True
1,1,0.9999171495437622,True
13,13,0.999666690826416,True
38,38,0.9998960494995117,True
1,1,0.999062716960907,True
35,35,0.9973771572113037,True
13,13,0.9997196793556213,True
11,11,0.9259876012802124,True
13,13,0.9995473027229309,True
2,2,0.6120476722717285,True
4,4,0.9999648332595825,True
38,38,0.9998743534088135,True
25,25,0.9999474287033081,True
25,25,0.9999415874481201,True
4,4,0.9998617172241211,True
23,23,0.9999912977218628,True
10,10,0.999990701675415,True
3,3,0.9998420476913452,True
3,3,0.7127023935317993,True
5,5,0.9993447661399841,True
42,42,0.6407266855239868,True
37,37,0.924200177192688,True
2,2,0.9998096823692322,True
10,10,0.99986732006073,True
13,13,0.999761164188385,True
23,23,0.9998584985733032,True
35,35,0.9999426603317261,True
38,38,0.9996851682662964,True
3,3,0.999887228012085,True
10,10,0.9999297857284546,True
22,22,0.9996591806411743,True
2,2,0.9998654127120972,True
18,18,0.9975748658180237,True
36,36,0.9816511869430542,True
6,6,0.5830349326133728,True
15,15,0.9997676014900208,True
16,16,0.9999680519104004,True
31,31,0.9998433589935303,True
25,40,0.4439203441143036,False
16,16,0.9664847254753113,True
35,35,0.9999387264251709,True
9,9,0.9999834299087524,True
35,35,0.9999829530715942,True
38,38,0.9996466636657715,True
7,7,0.9989970326423645,True
17,17,0.9998331069946289,True
12,12,0.999742329120636,True
4,4,0.9999873638153076,True
5,5,0.9813173413276672,True
1,1,0.6733037829399109,True
11,11,0.9999845027923584,True
8,8,0.9994723200798035,True
32,32,0.9998399019241333,True
38,38,0.999749481678009,True
25,25,0.9998171925544739,True
17,17,0.9888454079627991,True
33,33,0.9999382495880127,True
10,10,0.9998447895050049,True
17,17,0.9988170862197876,True
10,10,0.9998877048492432,True
4,4,0.9999529123306274,True
3,3,0.9029293060302734,True
4,4,0.9999649524688721,True
5,5,0.8907946348190308,True
17,17,0.9998206496238708,True
4,4,0.9999544620513916,True
1,1,0.9999852180480957,True
2,2,0.9965168237686157,True
11,11,0.9999959468841553,True
7,7,0.9998373985290527,True
1,1,0.9997403025627136,True
2,2,0.9992290735244751,True
2,2,0.9997835755348206,True
36,36,0.9997972846031189,True
33,33,0.9999756813049316,True
8,8,0.9955970644950867,True
21,21,0.8963702321052551,True
25,25,0.9922963976860046,True
34,34,0.9999133348464966,True
30,30,0.5360015034675598,True
16,16,0.9999549388885498,True
12,12,0.999790608882904,True
42,42,0.9556791186332703,True
18,18,0.9999876022338867,True
16,16,0.6664771437644958,True
12,12,0.9999144077301025,True
9,9,0.9524681568145752,True
9,9,0.9999805688858032,True
11,11,0.9999972581863403,True
26,26,0.6363509297370911,True
3,3,0.9820985794067383,True
38,38,0.9987252354621887,True
8,8,0.9998691082000732,True
12,12,0.9997089505195618,True
7,7,0.9999481439590454,True
2,2,0.9994338154792786,True
14,14,0.9997084736824036,True
1,1,0.9996914863586426,True
21,21,0.8788555860519409,True
12,12,0.9996993541717529,True
5,5,0.9967523813247681,True
17,17,0.9969897270202637,True
25,25,0.9998629093170166,True
12,12,0.999803364276886,True
18,18,0.9998192191123962,True
9,9,0.9999159574508667,True
42,42,0.9775217771530151,True
41,41,0.5533427000045776,True
3,3,0.9081549048423767,True
11,11,0.9765543937683105,True
3,3,0.5744397640228271,True
15,15,0.9982839226722717,True
10,10,0.9999769926071167,True
32,32,0.9976925849914551,True
5,1,0.9950333833694458,False
5,5,0.9866960048675537,True
8,8,0.9996930360794067,True
14,14,0.9996267557144165,True
5,5,0.9948741793632507,True
3,3,0.9986741542816162,True
2,2,0.9906514883041382,True
31,20,0.5225169062614441,False
2,2,0.9998600482940674,True
36,36,0.9997780919075012,True
11,11,0.999901294708252,True
17,17,0.9998328685760498,True
14,14,0.999969482421875,True
2,2,0.9999237060546875,True
7,7,0.9846503138542175,True
13,13,0.9998123049736023,True
6,6,0.9993401169776917,True
5,5,0.9999115467071533,True
4,4,0.998094379901886,True
7,7,0.9984171390533447,True
38,38,0.9999054670333862,True
20,20,0.9999676942825317,True
32,32,0.9999427795410156,True
12,12,0.9997385144233704,True
33,33,0.9984173774719238,True
28,28,0.9271815419197083,True
1,1,0.99993896484375,True
17,17,0.9998056292533875,True
13,13,0.9998292922973633,True
17,17,0.9968735575675964,True
8,5,0.7932409644126892,False
23,23,0.556605875492096,True
38,38,0.9993293285369873,True
1,1,0.9998071789741516,True
10,10,0.9999614953994751,True
11,11,0.9999772310256958,True
28,28,0.99930739402771,True
2,2,0.9681684970855713,True
18,18,0.9967746138572693,True
1,1,0.9952812790870667,True
38,38,0.9988130331039429,True
8,8,0.6650318503379822,True
7,7,0.9997116923332214,True
38,38,0.9987521171569824,True
17,17,0.9997774958610535,True
4,4,0.9997274279594421,True
31,31,0.9999487400054932,True
3,3,0.999913215637207,True
17,17,0.999876856803894,True
5,5,0.9969145059585571,True
8,8,0.9984754920005798,True
10,10,0.9999734163284302,True
9,9,0.9999933242797852,True
41,41,0.9996161460876465,True
1,1,0.9999231100082397,True
26,26,0.9998241066932678,True
13,13,0.9998188614845276,True
10,10,0.9999756813049316,True
20,20,0.9972214698791504,True
10,10,0.9999715089797974,True
11,11,0.6574751138687134,True
7,7,0.5608136653900146,True
8,8,0.9971728324890137,True
13,13,0.9998612403869629,True
39,39,0.8172805309295654,True
25,25,0.9999438524246216,True
1,1,0.9999716281890869,True
31,31,0.9959474205970764,True
9,9,0.9812555909156799,True
12,12,0.9998480081558228,True
2,2,0.9515196681022644,True
12,12,0.9998660087585449,True
4,4,0.9999797344207764,True
17,17,0.9952602982521057,True
31,31,0.9996405839920044,True
9,9,0.9999994039535522,True
5,5,0.9998372793197632,True
7,7,0.9995620846748352,True
22,25,0.9575363993644714,False
9,9,0.9999895095825195,True
31,31,0.9996752738952637,True
1,1,0.9997836947441101,True
7,7,0.998521625995636,True
18,18,0.9985066056251526,True
12,12,0.9998581409454346,True
22,22,0.9996076226234436,True
13,13,0.9997459053993225,True
10,10,0.9998900890350342,True
10,10,0.9996215105056763,True
10,10,0.9999518394470215,True
40,40,0.9998140931129456,True
2,2,0.999782145023346,True
10,10,0.9999912977218628,True
10,10,0.999872088432312,True
7,7,0.9999747276306152,True
11,11,0.9997503161430359,True
1,1,0.9998776912689209,True
14,14,0.6692249178886414,True
10,10,0.9994062185287476,True
38,38,0.998630940914154,True
32,32,0.9974180459976196,True
7,7,0.9999445676803589,True
8,8,0.999768078327179,True
25,25,0.9992590546607971,True
11,11,0.9878548979759216,True
38,38,0.9997408986091614,True
17,17,0.9995757937431335,True
14,12,0.39850208163261414,False
10,10,0.9998852014541626,True
4,4,0.9999923706054688,True
25,25,0.9932332634925842,True
35,35,0.999976634979248,True
12,12,0.999830961227417,True
11,11,0.9997417330741882,True
12,12,0.9998924732208252,True
10,10,0.9999827146530151,True
25,25,0.9998819828033447,True
18,18,0.9999157190322876,True
29,29,0.9974791407585144,True
2,2,0.860268235206604,True
36,36,0.9984814524650574,True
7,7,0.9997976422309875,True
38,38,0.9446594715118408,True
5,5,0.9998800754547119,True
11,11,0.999616265296936,True
13,13,0.9994338154792786,True
13,13,0.9997684359550476,True
4,4,0.9997753500938416,True
31,31,0.999901533126831,True
12,12,0.9999516010284424,True
5,5,0.9996246099472046,True
22,22,0.9996935129165649,True
5,5,0.9998237490653992,True
24,24,0.9962235689163208,True
9,9,0.9999874830245972,True
7,7,0.9983938336372375,True
42,42,0.9948281645774841,True
1,1,0.9976092576980591,True
3,3,0.9999914169311523,True
1,1,0.9998795986175537,True
9,9,0.9999698400497437,True
12,12,0.9998327493667603,True
36,36,0.9999374151229858,True
25,25,0.9623612761497498,True
2,2,0.9993676543235779,True
16,16,0.9930002689361572,True
15,15,0.9999605417251587,True
10,10,0.9999974966049194,True
38,38,0.9714478850364685,True
1,1,0.9999840259552002,True
5,5,0.761145830154419,True
35,35,0.9978951215744019,True
12,12,0.9996854066848755,True
8,10,0.6149086952209473,False
24,24,0.9991338849067688,True
25,25,0.9999485015869141,True
15,15,0.9998904466629028,True
9,9,0.9999825954437256,True
27,27,0.48593243956565857,True
17,17,0.9996203184127808,True
5,5,0.9995760321617126,True
38,38,0.9992801547050476,True
5,5,0.9967741370201111,True
12,12,0.9997206330299377,True
26,26,0.9999613761901855,True
5,5,0.982212245464325,True
10,10,0.999220609664917,True
28,28,0.8580554723739624,True
25,25,0.9999788999557495,True
36,36,0.9814726114273071,True
1,1,0.9999891519546509,True
12,12,0.99977046251297,True
10,10,0.999849796295166,True
14,14,0.5270790457725525,True
36,36,0.9991689920425415,True
7,7,0.9929664134979248,True
34,34,0.9998307228088379,True
9,9,0.9999725818634033,True
12,12,0.9998955726623535,True
35,35,0.9999865293502808,True
1,1,0.9993250370025635,True
4,4,0.999984622001648,True
1,1,0.999901294708252,True
21,21,0.8182170987129211,True
25,25,0.9989369511604309,True
21,11,0.9998446702957153,False
20,20,0.9997503161430359,True
25,25,0.9999203681945801,True
11,11,0.997729480266571,True
8,8,0.9994351267814636,True
35,35,0.9994707703590393,True
3,3,0.9974883794784546,True
34,34,0.9999202489852905,True
13,13,0.9995242357254028,True
4,4,0.9999226331710815,True
18,24,0.6639371514320374,False
31,31,0.9987415671348572,True
2,2,0.9993304014205933,True
12,12,0.9999375343322754,True
21,21,0.9983941912651062,True
4,4,0.999966025352478,True
25,25,0.9964290261268616,True
30,28,0.6693292260169983,False
35,35,0.9999710321426392,True
10,10,0.9999804496765137,True
4,4,0.9983795881271362,True
41,41,0.9321454167366028,True
27,27,0.9689680337905884,True
4,4,0.9998102784156799,True
3,3,0.9995682835578918,True
11,11,0.9983623623847961,True
35,35,0.999976396560669,True
13,13,0.9997397065162659,True
13,13,0.9997981190681458,True
35,35,0.9999736547470093,True
7,7,0.9999626874923706,True
2,2,0.9999021291732788,True
38,38,0.9995265007019043,True
10,10,0.9561049938201904,True
5,5,0.9998914003372192,True
2,2,0.9994601607322693,True
38,38,0.986929178237915,True
25,25,0.9829286336898804,True
24,24,0.9982954859733582,True
16,16,0.9999634027481079,True
13,13,0.9998340606689453,True
13,13,0.9999299049377441,True
30,30,0.26026639342308044,True
36,36,0.9990789890289307,True
13,13,0.9995920062065125,True
6,6,0.6744272708892822,True
30,30,0.9583979249000549,True
14,14,0.9999411106109619,True
9,9,0.9999551773071289,True
3,3,0.9994695782661438,True
5,5,0.9996576309204102,True
8,8,0.9996836185455322,True
5,5,0.9999045133590698,True
6,6,0.9880657196044922,True
15,15,0.9995230436325073,True
38,38,0.999974250793457,True
11,11,0.9749680757522583,True
19,19,0.9995811581611633,True
30,11,0.45171889662742615,False
4,4,0.9999420642852783,True
19,19,0.9969643950462341,True
18,18,0.9997665286064148,True
31,31,0.9978355765342712,True
14,14,0.994924783706665,True
12,12,0.9994188547134399,True
38,40,0.7031351923942566,False
12,12,0.9938309192657471,True
8,8,0.9996036887168884,True
2,2,0.999891996383667,True
2,2,0.9866374731063843,True
38,38,0.9990749359130859,True
35,35,0.9866816997528076,True
8,8,0.9962006211280823,True
12,12,0.9997740387916565,True
2,2,0.9997878670692444,True
31,31,0.9999116659164429,True
10,10,0.9977036118507385,True
31,31,0.9983148574829102,True
8,8,0.9997761845588684,True
1,1,0.999261200428009,True
10,10,0.9999418258666992,True
1,1,0.9996374845504761,True
10,10,0.9998342990875244,True
5,5,0.9995458722114563,True
14,14,0.9998196959495544,True
4,4,0.9971063733100891,True
36,36,0.9433923363685608,True
38,38,0.9996705055236816,True
32,32,0.9745647311210632,True
13,13,0.999767005443573,True
34,34,0.999882698059082,True
2,2,0.9944692850112915,True
33,33,0.9997327923774719,True
11,11,0.9995952248573303,True
3,3,0.9951979517936707,True
9,9,0.9999769926071167,True
3,3,0.9999486207962036,True
2,2,0.9993706345558167,True
9,9,0.9998433589935303,True
12,12,0.9994801878929138,True
12,12,0.9998273253440857,True
13,13,0.9994279742240906,True
30,30,0.9088242650032043,True
13,13,0.9998130202293396,True
41,41,0.8748410940170288,True
15,15,0.9996389150619507,True
12,12,0.9999575614929199,True
22,22,0.9997813105583191,True
2,2,0.9770597219467163,True
13,13,0.9996340274810791,True
38,38,0.9990215301513672,True
29,29,0.9998449087142944,True
2,2,0.9999309778213501,True
1,1,0.9999785423278809,True
5,5,0.9800655245780945,True
8,5,0.5494038462638855,False
38,38,0.9994196891784668,True
39,39,0.9994285702705383,True
31,31,0.9997908473014832,True
20,20,0.9950622916221619,True
1,1,0.9982737302780151,True
10,10,0.9999759197235107,True
35,35,0.5614247918128967,True
19,19,0.9986928105354309,True
5,5,0.9998577833175659,True
37,35,0.6514791250228882,False
38,38,0.998405396938324,True
1,8,0.985763430595398,False
17,17,0.9998651742935181,True
4,4,0.9998181462287903,True
38,38,0.9994661211967468,True
8,8,0.9980674386024475,True
25,25,0.9999830722808838,True
9,9,0.9998972415924072,True
33,33,0.9999208450317383,True
1,1,0.99561607837677,True
18,18,0.9542025327682495,True
18,18,0.9998064637184143,True
24,24,0.9997972846031189,True
11,11,0.9998995065689087,True
4,4,0.999610960483551,True
7,7,0.9994142055511475,True
13,13,0.9997099041938782,True
20,20,0.8753347992897034,True
1,1,0.9552842378616333,True
38,38,0.9995964169502258,True
5,5,0.9993739724159241,True
12,12,0.999213457107544,True
26,26,0.9990254640579224,True
13,13,0.999763548374176,True
12,12,0.9951483607292175,True
33,33,0.9998984336853027,True
18,18,0.9994075298309326,True
2,2,0.9993032217025757,True
37,37,0.9997485280036926,True
26,26,0.9998146891593933,True
11,11,0.997028648853302,True
10,10,0.9999516010284424,True
2,2,0.9978229999542236,True
38,38,0.9997445940971375,True
38,38,0.9997274279594421,True
17,17,0.9999237060546875,True
10,10,0.9999043941497803,True
8,8,0.9998026490211487,True
5,5,0.9968493580818176,True
12,12,0.9997789263725281,True
8,8,0.9994499087333679,True
13,13,0.9995996356010437,True
14,14,0.9994045495986938,True
5,5,0.999219536781311,True
31,31,0.49375179409980774,True
30,30,0.8341143727302551,True
13,13,0.9997066855430603,True
9,5,0.664359450340271,False
17,17,0.9995902180671692,True
31,31,0.9988362193107605,True
5,5,0.9998898506164551,True
15,15,0.9999662637710571,True
33,33,0.9731931686401367,True
8,8,0.9992228746414185,True
4,4,0.9998173117637634,True
9,9,0.9999701976776123,True
18,18,0.9988555908203125,True
5,5,0.9966773986816406,True
5,5,0.9998809099197388,True
2,2,0.9992210865020752,True
4,4,0.9999886751174927,True
22,22,0.9999200105667114,True
13,13,0.999751627445221,True
9,9,0.9729557037353516,True
26,26,0.9999537467956543,True
4,4,0.9996768236160278,True
1,1,0.9999411106109619,True
16,16,0.9999885559082031,True
13,13,0.9998290538787842,True
1,1,0.9999511241912842,True
4,2,0.9761821031570435,False
9,9,0.9999946355819702,True
10,10,0.9999827146530151,True
14,7,0.4430083632469177,False
18,27,0.6535780429840088,False
2,2,0.9998831748962402,True
28,26,0.6380376815795898,False
5,5,0.996204674243927,True
1,1,0.9995831847190857,True
5,5,0.9998248219490051,True
21,21,0.9703369140625,True
8,8,0.9958922863006592,True
4,4,0.9999511241912842,True
10,10,0.9999752044677734,True
2,2,0.9998589754104614,True
16,16,0.9999920129776001,True
13,13,0.9997146725654602,True
7,7,0.9999674558639526,True
1,1,0.9832268357276917,True
7,7,0.9995908141136169,True
35,35,0.9999895095825195,True
7,7,0.9905644655227661,True
4,4,0.9995890259742737,True
17,17,0.9997808337211609,True
1,1,0.999956488609314,True
14,14,0.999470055103302,True
13,13,0.9997853636741638,True
38,38,0.9985198378562927,True
30,29,0.7111147046089172,False
7,7,0.9998787641525269,True
8,8,0.9694734811782837,True
4,4,0.9995403289794922,True
1,1,0.999834418296814,True
4,4,0.9999498128890991,True
25,25,0.9998778104782104,True
12,12,0.9975981116294861,True
26,26,0.5559687614440918,True
4,4,0.9981474876403809,True
13,13,0.9989315867424011,True
35,35,0.9999616146087646,True
7,7,0.9999058246612549,True
8,8,0.999832034111023,True
7,7,0.9999489784240723,True
2,2,0.9999109506607056,True
38,38,0.9967785477638245,True
30,28,0.6900206804275513,False
10,10,0.999840497970581,True
2,2,0.9998094439506531,True
3,3,0.9089723825454712,True
13,13,0.9996563196182251,True
33,33,0.9998157620429993,True
6,6,0.9997634291648865,True
15,15,0.9995941519737244,True
16,16,0.9411507248878479,True
18,27,0.5257502198219299,False
10,10,0.9994953870773315,True
26,26,0.9999648332595825,True
38,38,0.9997578263282776,True
24,24,0.993309736251831,True
15,15,0.9992671608924866,True
11,11,0.9999843835830688,True
3,16,0.36092203855514526,False
14,14,0.7545346021652222,True
6,6,0.9996777772903442,True
14,14,0.9999594688415527,True
11,11,0.9999845027923584,True
24,24,0.9999433755874634,True
28,28,0.7893948554992676,True
1,1,0.9380003213882446,True
42,42,0.9998507499694824,True
5,1,0.7934683561325073,False
25,25,0.998285710811615,True
23,23,0.9990304708480835,True
37,37,0.9938589930534363,True
7,7,0.9994400143623352,True
14,14,0.9992563128471375,True
13,13,0.9998881816864014,True
25,25,0.867946207523346,True
9,9,0.9999444484710693,True
38,38,0.9997848868370056,True
2,2,0.9999274015426636,True
11,11,0.918489396572113,True
4,4,0.9998964071273804,True
1,1,0.9999852180480957,True
2,2,0.9987406134605408,True
10,10,0.9999909400939941,True
3,3,0.9968284964561462,True
3,3,0.9995784163475037,True
14,17,0.29719531536102295,False
38,38,0.9998074173927307,True
36,36,0.9995379447937012,True
24,24,0.9854217767715454,True
12,12,0.9996621608734131,True
7,7,0.9997720122337341,True
5,5,0.6381692886352539,True
7,7,0.9996597766876221,True
2,2,0.9996637105941772,True
17,17,0.999750554561615,True
25,25,0.9999085664749146,True
36,36,0.9997777342796326,True
13,13,0.9992212057113647,True
25,25,0.9999762773513794,True
3,3,0.9872921705245972,True
3,3,0.9993170499801636,True
1,1,0.9999659061431885,True
9,9,0.9999614953994751,True
18,18,0.9996623992919922,True
1,1,0.9997860789299011,True
18,18,0.9947499632835388,True
31,31,0.7177157998085022,True
10,10,0.9998462200164795,True
10,10,0.9998321533203125,True
7,7,0.999752938747406,True
24,24,0.9996953010559082,True
13,13,0.9996274709701538,True
35,35,0.9999716281890869,True
33,33,0.9504170417785645,True
13,13,0.9997232556343079,True
14,14,0.9996730089187622,True
3,3,0.9974905252456665,True
30,29,0.9060575366020203,False
33,33,0.999985933303833,True
5,2,0.8676436543464661,False
5,5,0.9751699566841125,True
8,8,0.9303924441337585,True
34,34,0.9999563694000244,True
35,35,0.999974250793457,True
38,38,0.9997549653053284,True
26,26,0.999982476234436,True
0,0,0.8585114479064941,True
2,2,0.9999284744262695,True
31,31,0.5107520818710327,True
25,25,0.9974763989448547,True
31,31,0.9998433589935303,True
16,16,0.9999710321426392,True
3,3,0.9973581433296204,True
23,23,0.9884549379348755,True
29,29,0.9994240999221802,True
33,33,0.9901353716850281,True
35,35,0.9975922703742981,True
12,12,0.9998888969421387,True
17,17,0.9855172038078308,True
11,11,0.9997391104698181,True
10,10,0.9997684359550476,True
10,10,0.9999569654464722,True
35,35,0.9801216125488281,True
15,15,0.9997676014900208,True
23,23,0.5217708945274353,True
13,13,0.9996175765991211,True
40,40,0.9999958276748657,True
7,7,0.9999161958694458,True
8,8,0.999752938747406,True
34,38,0.5225250720977783,False
8,8,0.9992929697036743,True
4,4,0.9992520213127136,True
38,38,0.9995267391204834,True
6,6,0.9990763664245605,True
30,20,0.3726123869419098,False
14,12,0.23883163928985596,False
12,12,0.999859094619751,True
13,13,0.9996438026428223,True
5,5,0.9999465942382812,True
34,34,0.999850869178772,True
8,3,0.9680781364440918,False
3,3,0.999872088432312,True
13,13,0.9998507499694824,True
22,22,0.9964323043823242,True
12,12,0.9996386766433716,True
31,31,0.9959812164306641,True
1,1,0.9992105960845947,True
21,21,0.9999474287033081,True
18,18,0.9999390840530396,True
3,3,0.9999768733978271,True
25,25,0.9994348883628845,True
23,23,0.9999560117721558,True
7,7,0.9999685287475586,True
39,39,0.9532696604728699,True
3,3,0.9998109936714172,True
5,5,0.8973343372344971,True
20,20,0.999923825263977,True
12,12,0.9993847608566284,True
16,16,0.9999642372131348,True
0,0,0.982958972454071,True
1,1,0.9998692274093628,True
6,6,0.9997716546058655,True
4,4,0.9999717473983765,True
35,35,0.999969482421875,True
35,35,0.9995952248573303,True
38,38,0.9995703101158142,True
3,3,0.9709926247596741,True
3,3,0.9986982345581055,True
36,36,0.9999054670333862,True
6,6,0.9999662637710571,True
17,17,0.999795138835907,True
7,7,0.9999649524688721,True
13,13,0.9997709393501282,True
38,38,0.9998592138290405,True
35,35,0.9999911785125732,True
12,12,0.9996811151504517,True
21,21,0.9999809265136719,True
11,11,0.8623435497283936,True
0,0,0.9360897541046143,True
8,8,0.9999041557312012,True
8,8,0.9998124241828918,True
9,9,0.9999947547912598,True
1,1,0.9985411167144775,True
2,2,0.9993889331817627,True
17,17,0.999291181564331,True
38,38,0.9990149736404419,True
3,3,0.9939373731613159,True
13,13,0.9997637867927551,True
5,5,0.9937657117843628,True
11,11,0.9998608827590942,True
13,13,0.999646782875061,True
4,4,0.999968409538269,True
0,0,0.7143265008926392,True
2,2,0.9999278783798218,True
8,8,0.9996464252471924,True
4,4,0.9996278285980225,True
19,19,0.999554455280304,True
18,18,0.9970767498016357,True
33,33,0.9169345498085022,True
1,1,0.9986013770103455,True
0,1,0.8361778259277344,False
39,39,0.9985219836235046,True
8,8,0.9982588887214661,True
10,10,0.9988059997558594,True
10,10,0.9998644590377808,True
21,21,0.9354482889175415,True
10,10,0.9999914169311523,True
5,5,0.9998645782470703,True
25,25,0.9999101161956787,True
18,18,0.9955917000770569,True
5,5,0.998839795589447,True
13,13,0.9997898936271667,True
17,17,0.9993353486061096,True
26,25,0.6470907926559448,False
9,9,0.9999842643737793,True
33,33,0.999881386756897,True
2,2,0.9999873638153076,True
1,1,0.9482520222663879,True
30,11,0.7159577012062073,False
12,12,0.9997950196266174,True
31,31,0.9999654293060303,True
40,40,0.9999792575836182,True
18,18,0.9997294545173645,True
4,4,0.9998605251312256,True
7,7,0.9998871088027954,True
18,18,0.9895138740539551,True
9,9,0.9999909400939941,True
1,1,0.9995703101158142,True
5,5,0.9999221563339233,True
31,31,0.9998475313186646,True
42,42,0.7021754384040833,True
1,1,0.9995255470275879,True
9,9,0.9998095631599426,True
9,9,0.9999908208847046,True
15,15,0.9997193217277527,True
33,33,0.9995274543762207,True
33,33,0.9999018907546997,True
5,5,0.9992234706878662,True
17,17,0.9999092817306519,True
27,27,0.8434133529663086,True
12,12,0.9996165037155151,True
25,29,0.2632249891757965,False
2,2,0.9994433522224426,True
38,38,0.9948015213012695,True
9,9,0.9999516010284424,True
40,40,0.9999772310256958,True
33,33,0.9997544884681702,True
9,9,0.995039165019989,True
35,35,0.999964714050293,True
9,9,0.9999977350234985,True
12,12,0.9998284578323364,True
11,11,0.9999765157699585,True
1,1,0.9998844861984253,True
4,4,0.9983708262443542,True
21,21,0.5951876044273376,True
34,34,0.9999433755874634,True
5,5,0.9979338645935059,True
2,2,0.999920129776001,True
18,18,0.9851858019828796,True
9,9,0.999991774559021,True
35,35,0.9730094075202942,True
0,0,0.9998987913131714,True
18,18,0.9913767576217651,True
2,2,0.999624490737915,True
5,5,0.999626636505127,True
26,26,0.9957109689712524,True
10,10,0.9999905824661255,True
13,13,0.9998229146003723,True
10,10,0.9999582767486572,True
4,4,0.9997106194496155,True
8,8,0.9990530610084534,True
26,26,0.9999661445617676,True
2,2,0.9962963461875916,True
9,9,0.9722290635108948,True
10,10,0.999945878982544,True
3,3,0.9986369013786316,True
25,25,0.9998170733451843,True
41,41,0.9901761412620544,True
16,16,0.9999961853027344,True
8,8,0.9976550340652466,True
14,14,0.9996126294136047,True
7,8,0.97098708152771,False
10,10,0.9999414682388306,True
23,20,0.5751067399978638,False
13,13,0.9996864795684814,True
9,9,0.999976634979248,True
12,12,0.9993667006492615,True
12,12,0.9999035596847534,True
8,8,0.999843955039978,True
38,38,0.9999381303787231,True
15,15,0.9992814660072327,True
9,9,0.999941349029541,True
30,11,0.7636743187904358,False
38,38,0.9984734654426575,True
14,14,0.9868773818016052,True
1,1,0.733837366104126,True
25,25,0.9997274279594421,True
1,1,0.9999920129776001,True
20,20,0.9994544386863708,True
9,9,0.9994239807128906,True
26,26,0.9995924830436707,True
23,23,0.971642792224884,True
2,2,0.9834490418434143,True
38,38,0.9993420243263245,True
12,12,0.9998726844787598,True
3,3,0.9995259046554565,True
20,20,0.9980132579803467,True
12,12,0.9995562434196472,True
13,13,0.9998890161514282,True
38,38,0.9997287392616272,True
10,10,0.9999129772186279,True
22,22,0.9997879862785339,True
3,3,0.9863887429237366,True
30,28,0.9900920987129211,False
35,35,0.9998365640640259,True
17,17,0.9999384880065918,True
11,11,0.9997090697288513,True
18,18,0.999913215637207,True
4,4,0.9999501705169678,True
33,33,0.8977620005607605,True
17,17,0.9999661445617676,True
9,9,0.9999784231185913,True
9,9,0.9999804496765137,True
25,25,0.9850953221321106,True
36,36,0.9999043941497803,True
6,6,0.9491261839866638,True
3,3,0.999980092048645,True
13,13,0.9996428489685059,True
29,29,0.9521281719207764,True
5,5,0.9990707039833069,True
7,7,0.9999878406524658,True
4,4,0.9998799562454224,True
4,4,0.999809205532074,True
2,2,0.9960814118385315,True
38,38,0.9996473789215088,True
20,20,0.9993410706520081,True
4,4,0.9998570680618286,True
8,8,0.9991527795791626,True
22,22,0.9983348250389099,True
3,3,0.9994823932647705,True
3,3,0.9997722506523132,True
8,8,0.9989808201789856,True
14,14,0.9142910838127136,True
4,4,0.9999133348464966,True
7,7,0.994550883769989,True
18,18,0.9998669624328613,True
28,28,0.9996614456176758,True
13,13,0.9997839331626892,True
18,18,0.9999209642410278,True
1,1,0.9999005794525146,True
34,34,0.9957413673400879,True
25,25,0.9999632835388184,True
7,7,0.9891310930252075,True
4,4,0.9999014139175415,True
16,16,0.791645348072052,True
11,11,0.9999796152114868,True
38,38,0.9980037808418274,True
10,10,0.9999767541885376,True
2,2,0.9999454021453857,True
22,22,0.9998072981834412,True
2,2,0.999970555305481,True
8,8,0.9613757133483887,True
8,8,0.9988884329795837,True
38,38,0.9995768666267395,True
22,23,0.8571711182594299,False
25,27,0.4072771370410919,False
38,38,0.999823272228241,True
17,17,0.9997372031211853,True
8,3,0.9875349998474121,False
38,38,0.9996837377548218,True
1,1,0.9999786615371704,True
2,2,0.999922513961792,True
6,6,0.9989771842956543,True
7,7,0.9318419694900513,True
18,18,0.9987240433692932,True
9,9,0.9990062117576599,True
3,3,0.9918844699859619,True
10,10,0.9999669790267944,True
11,11,0.9825201630592346,True
8,8,0.9969782829284668,True
31,31,0.9967856407165527,True
11,11,0.9999526739120483,True
9,9,0.9999819993972778,True
16,16,0.9999810457229614,True
17,17,0.999937891960144,True
8,8,0.9998451471328735,True
8,8,0.9987704157829285,True
23,23,0.686316967010498,True
2,2,0.9998480081558228,True
3,3,0.9966158270835876,True
2,3,0.46882033348083496,False
5,5,0.9998716115951538,True
2,1,0.7002930641174316,False
5,5,0.9991818070411682,True
22,25,0.9801654815673828,False
38,38,0.9912214279174805,True
22,30,0.6059799790382385,False
22,22,0.9843599200248718,True
13,13,0.9996168613433838,True
3,3,0.999518632888794,True
22,22,0.9996761083602905,True
14,14,0.9992820620536804,True
12,12,0.999795138835907,True
2,2,0.9998375177383423,True
24,24,0.9965883493423462,True
14,14,0.999885082244873,True
10,10,0.9999785423278809,True
42,42,0.9993413090705872,True
7,7,0.9999655485153198,True
15,15,0.9999690055847168,True
8,8,0.9329409003257751,True
12,12,0.999866247177124,True
26,26,0.5377540588378906,True
13,13,0.9998906850814819,True
10,10,0.9999685287475586,True
1,1,0.8644092679023743,True
12,12,0.9997501969337463,True
4,4,0.9999158382415771,True
7,7,0.9978894591331482,True
8,8,0.9993903636932373,True
21,21,0.9587913155555725,True
13,13,0.9996694326400757,True
38,38,0.6659290194511414,True
17,17,0.9998383522033691,True
7,7,0.9944294691085815,True
2,2,0.9994537234306335,True
4,4,0.9997820258140564,True
39,33,0.5171663165092468,False
26,26,0.9997324347496033,True
36,36,0.9996123909950256,True
9,9,0.9999706745147705,True
1,1,0.9995205402374268,True
12,12,0.9997912049293518,True
9,9,0.9998990297317505,True
28,28,0.9879817366600037,True
5,5,0.9990897178649902,True
38,38,0.9998213648796082,True
2,2,0.9979902505874634,True
2,2,0.9994018077850342,True
1,1,0.999908447265625,True
9,9,0.9999792575836182,True
20,20,0.9937368631362915,True
12,12,0.989081859588623,True
1,1,0.9999477863311768,True
3,3,0.8885534405708313,True
41,41,0.9992833733558655,True
9,9,0.9999850988388062,True
13,13,0.9998202919960022,True
37,37,0.9998440742492676,True
13,13,0.9991533756256104,True
33,33,0.9993271827697754,True
4,4,0.9999197721481323,True
35,35,0.9958785772323608,True
35,35,0.9999855756759644,True
5,3,0.9120884537696838,False
35,35,0.9999874830245972,True
25,25,0.9997612833976746,True
9,9,0.9999918937683105,True
2,2,0.9996497631072998,True
26,26,0.9999617338180542,True
17,17,0.9999496936798096,True
35,35,0.9999791383743286,True
12,12,0.9998941421508789,True
18,18,0.9999375343322754,True
37,37,0.999692440032959,True
31,31,0.9814471006393433,True
38,38,0.997256338596344,True
16,16,0.9998394250869751,True
1,1,0.9999904632568359,True
38,38,0.9998005032539368,True
10,10,0.9963319897651672,True
12,12,0.9996805191040039,True
35,35,0.9995587468147278,True
10,10,0.9999889135360718,True
10,10,0.9999616146087646,True
20,20,0.9999449253082275,True
2,2,0.999749481678009,True
3,3,0.99491947889328,True
18,18,0.9999488592147827,True
1,1,0.9999867677688599,True
38,38,0.9443857073783875,True
33,33,0.9999464750289917,True
2,2,0.9985080361366272,True
3,3,0.9997991919517517,True
18,18,0.9999405145645142,True
16,16,0.9998725652694702,True
42,42,0.9998378753662109,True
38,38,0.9982134103775024,True
13,13,0.9996446371078491,True
1,1,0.9999114274978638,True
2,2,0.9999395608901978,True
4,4,0.9079296588897705,True
24,24,0.9947373270988464,True
19,19,0.8998364210128784,True
4,4,0.9998935461044312,True
24,24,0.999401330947876,True
1,1,0.9998164772987366,True
11,11,0.9999945163726807,True
7,7,0.9998998641967773,True
21,19,0.6522526741027832,False
18,18,0.9999449253082275,True
8,8,0.9778209924697876,True
6,6,0.9995347261428833,True
1,1,0.9974414110183716,True
2,2,0.9998675584793091,True
31,31,0.7841371297836304,True
12,12,0.9991482496261597,True
12,12,0.9997817873954773,True
25,25,0.9974971413612366,True
15,15,0.9996002316474915,True
13,13,0.9996671676635742,True
13,13,0.9998304843902588,True
1,1,0.9990280866622925,True
16,16,0.9999791383743286,True
5,5,0.9582878947257996,True
32,32,0.9999600648880005,True
38,38,0.9996771812438965,True
8,8,0.9873539805412292,True
25,25,0.9997804760932922,True
35,35,0.999969482421875,True
8,8,0.9989163875579834,True
25,25,0.9993552565574646,True
8,8,0.5442990064620972,True
40,40,0.9999815225601196,True
2,2,0.9997480511665344,True
5,5,0.9998855590820312,True
3,3,0.9999785423278809,True
38,38,0.9943267703056335,True
31,31,0.9947952628135681,True
5,8,0.8250009417533875,False
38,38,0.999607503414154,True
5,1,0.9499984383583069,False
10,10,0.9998539686203003,True
3,3,0.9991908669471741,True
38,38,0.9997184872627258,True
13,13,0.9997581839561462,True
5,5,0.9969791173934937,True
26,26,0.999883770942688,True
1,1,0.9986384510993958,True
2,2,0.9951997995376587,True
8,8,0.9998714923858643,True
8,8,0.9992786049842834,True
7,7,0.9998316764831543,True
25,25,0.9541227221488953,True
18,18,0.9997106194496155,True
10,10,0.9999507665634155,True
25,25,0.9998925924301147,True
13,13,0.999733030796051,True
5,5,0.9996973276138306,True
26,26,0.9999576807022095,True
15,15,0.9998791217803955,True
25,25,0.9972869157791138,True
2,2,0.9997302889823914,True
17,17,0.9991486072540283,True
10,10,0.9997610449790955,True
39,39,0.996422290802002,True
2,2,0.42147159576416016,True
1,1,0.7570240497589111,True
9,9,0.9807336330413818,True
35,35,0.9999545812606812,True
25,25,0.9999685287475586,True
4,4,0.9999545812606812,True
4,8,0.2786918580532074,False
18,18,0.9999555349349976,True
14,14,0.9999291896820068,True
8,8,0.9998096823692322,True
3,23,0.22356894612312317,False
17,17,0.9994257688522339,True
2,2,0.9998311996459961,True
18,18,0.8007833361625671,True
2,2,0.9754514098167419,True
10,10,0.9995242357254028,True
40,40,0.9999778270721436,True
13,13,0.9996656179428101,True
11,11,0.96222323179245,True
25,25,0.9993008375167847,True
25,25,0.9998365640640259,True
1,1,0.9627750515937805,True
17,17,0.9986648559570312,True
36,36,0.9999504089355469,True
23,23,0.7504727244377136,True
35,37,0.8699290156364441,False
3,3,0.9998496770858765,True
23,23,0.44586777687072754,True
9,9,0.9999747276306152,True
38,38,0.9998366832733154,True
38,38,0.999517560005188,True
2,2,0.9999221563339233,True
18,18,0.3383080065250397,True
14,14,0.9725626707077026,True
38,38,0.999876856803894,True
7,7,0.9993330836296082,True
25,25,0.9999842643737793,True
5,5,0.9390154480934143,True
2,2,0.9999130964279175,True
12,12,0.998482882976532,True
4,4,0.9990643858909607,True
38,38,0.9995726943016052,True
11,11,0.9999597072601318,True
28,28,0.9994581341743469,True
28,28,0.5904006361961365,True
1,1,0.9999065399169922,True
12,12,0.9977855682373047,True
31,31,0.3661970794200897,True
1,1,0.99998939037323,True
25,25,0.9999783039093018,True
39,39,0.9998505115509033,True
25,25,0.9999632835388184,True
13,13,0.999701201915741,True
8,8,0.9981294274330139,True
3,3,0.6279264688491821,True
19,19,0.9430572390556335,True
20,20,0.9996095299720764,True
9,9,0.9999579191207886,True
26,26,0.7406486868858337,True
21,21,0.6842552423477173,True
7,7,0.99952232837677,True
28,28,0.9790465831756592,True
2,2,0.9999083280563354,True
35,35,0.9999815225601196,True
17,17,0.9992596507072449,True
12,12,0.9997956156730652,True
5,5,0.9980905652046204,True
11,11,0.9998999834060669,True
31,31,0.9990400671958923,True
1,1,0.9938381314277649,True
31,31,0.9861537218093872,True
10,10,0.999832272529602,True
35,35,0.9153376221656799,True
18,18,0.9999308586120605,True
14,14,0.9994783997535706,True
15,15,0.9996792078018188,True
2,2,0.9999644756317139,True
12,12,0.9998611211776733,True
5,5,0.5332092046737671,True
2,2,0.999589741230011,True
15,15,0.9999794960021973,True
18,18,0.9982556700706482,True
23,23,0.9979057312011719,True
9,9,0.9886393547058105,True
30,30,0.9809746146202087,True
24,24,0.9947577118873596,True
29,29,0.9988521337509155,True
18,18,0.9996896982192993,True
1,1,0.999945878982544,True
10,10,0.9999756813049316,True
35,35,0.9998688697814941,True
7,7,0.9999932050704956,True
2,2,0.9946664571762085,True
17,17,0.9995779395103455,True
39,39,0.5880028605461121,True
7,7,0.9999395608901978,True
18,18,0.9625083804130554,True
38,38,0.9998706579208374,True
1,1,0.9999498128890991,True
5,5,0.9985722303390503,True
16,16,0.9999942779541016,True
9,9,0.999925971031189,True
26,26,0.9992202520370483,True
8,8,0.9998847246170044,True
4,4,0.9999525547027588,True
8,8,0.9997578263282776,True
13,13,0.9997981190681458,True
10,10,0.9999659061431885,True
42,42,0.9635990858078003,True
13,13,0.9996175765991211,True
38,38,0.9993847608566284,True
9,9,0.9999803304672241,True
25,25,0.999823272228241,True
13,13,0.9996707439422607,True
12,12,0.9997759461402893,True
5,5,0.7066627144813538,True
1,1,0.9999094009399414,True
36,36,0.805349588394165,True
8,8,0.999650239944458,True
2,2,0.9989485144615173,True
2,2,0.9998239874839783,True
2,2,0.9993162155151367,True
31,31,0.999839186668396,True
11,11,0.9999884366989136,True
9,9,0.9995593428611755,True
19,19,0.9980583786964417,True
22,22,0.9967744946479797,True
4,4,0.9995583891868591,True
7,7,0.9998891353607178,True
31,31,0.9997926354408264,True
12,12,0.9996540546417236,True
26,26,0.9988106489181519,True
2,2,0.9994263648986816,True
26,26,0.9999749660491943,True
18,18,0.9982200264930725,True
9,9,0.9999642372131348,True
3,3,0.998475968837738,True
5,5,0.999669075012207,True
9,9,0.9996071457862854,True
5,5,0.998924195766449,True
2,2,0.9997187256813049,True
10,5,0.455543577671051,False
38,38,0.9998325109481812,True
9,9,0.9999704360961914,True
7,7,0.9999674558639526,True
14,14,0.9997997879981995,True
25,25,0.9999686479568481,True
25,25,0.9988471269607544,True
36,36,0.9755398631095886,True
24,24,0.989379346370697,True
4,4,0.9999251365661621,True
18,18,0.999860405921936,True
36,36,0.9951991438865662,True
3,3,0.9999364614486694,True
24,24,0.9996312856674194,True
4,4,0.9997033476829529,True
12,12,0.9998067021369934,True
5,5,0.9990701079368591,True
40,40,0.9999548196792603,True
2,2,0.9999314546585083,True
3,3,0.9999189376831055,True
20,20,0.9947212934494019,True
15,15,0.999396562576294,True
13,13,0.9995126724243164,True
13,13,0.99970942735672,True
20,20,0.9994044303894043,True
5,5,0.9999091625213623,True
1,1,0.9998433589935303,True
39,39,0.812248945236206,True
2,2,0.9996596574783325,True
35,35,0.9988999366760254,True
22,23,0.3317478597164154,False
5,5,0.9984048008918762,True
37,37,0.9997934699058533,True
11,11,0.9999493360519409,True
2,2,0.99257493019104,True
10,10,0.9997405409812927,True
19,19,0.9315100908279419,True
30,11,0.6396128535270691,False
12,12,0.9999698400497437,True
5,5,0.9041121006011963,True
37,37,0.9908905625343323,True
9,9,0.9999942779541016,True
8,8,0.9972952008247375,True
33,33,0.9999569654464722,True
36,36,0.9975047707557678,True
26,26,0.8705736994743347,True
13,13,0.999659538269043,True
12,12,0.9998408555984497,True
13,13,0.999474823474884,True
5,5,0.9968786239624023,True
13,13,0.999705970287323,True
2,2,0.9985843896865845,True
7,7,0.9998255372047424,True
11,11,0.9999297857284546,True
8,5,0.9082680344581604,False
3,3,0.6243252754211426,True
25,25,0.9999656677246094,True
1,1,0.9996991157531738,True
38,38,0.9995120763778687,True
13,13,0.9997331500053406,True
24,24,0.9943304061889648,True
3,3,0.999733030796051,True
28,28,0.9886900782585144,True
2,2,0.9931721687316895,True
9,9,0.99996018409729,True
11,11,0.47799474000930786,True
28,28,0.464564710855484,True
2,2,0.9991746544837952,True
18,18,0.8751623630523682,True
10,10,0.9999632835388184,True
12,12,0.9999563694000244,True
33,33,0.9999510049819946,True
12,12,0.9998743534088135,True
11,11,0.9960863590240479,True
1,1,0.9998849630355835,True
1,1,0.9988645315170288,True
11,11,0.9998867511749268,True
15,15,0.9990990161895752,True
9,9,0.9999921321868896,True
38,38,0.999650239944458,True
13,13,0.9994850158691406,True
4,4,0.9805357456207275,True
13,13,0.9997221827507019,True
5,5,0.9999068975448608,True
1,1,0.7327613234519958,True
10,10,0.9999443292617798,True
4,4,0.9999741315841675,True
3,9,0.6246349811553955,False
10,10,0.9999717473983765,True
12,12,0.9997583031654358,True
39,39,0.9932451844215393,True
3,3,0.999775230884552,True
38,38,0.999969482421875,True
31,31,0.994649350643158,True
28,28,0.9920977354049683,True
2,2,0.6929072737693787,True
4,4,0.9927622675895691,True
2,2,0.9990391731262207,True
41,41,0.9988358616828918,True
6,6,0.999982476234436,True
20,20,0.987409770488739,True
35,35,0.9999744892120361,True
9,9,0.9908906817436218,True
21,21,0.8965442776679993,True
3,3,0.9910224676132202,True
9,9,0.9972870349884033,True
1,1,0.9999600648880005,True
13,13,0.9935959577560425,True
4,4,0.9999257326126099,True
7,7,0.9986855387687683,True
31,31,0.999875545501709,True
23,23,0.7838416695594788,True
22,22,0.9998142123222351,True
11,11,0.9999231100082397,True
41,9,0.6470787525177002,False
10,10,0.9998493194580078,True
13,13,0.9998818635940552,True
6,6,0.9993565678596497,True
26,26,0.9999237060546875,True
9,9,0.9999879598617554,True
26,26,0.9983955025672913,True
1,1,0.999919056892395,True
3,3,0.9994722008705139,True
33,33,0.9998927116394043,True
31,31,0.9831636548042297,True
16,16,0.985430121421814,True
40,40,0.9999911785125732,True
40,40,0.9999186992645264,True
29,29,0.9986540079116821,True
5,5,0.9998206496238708,True
5,5,0.9997361302375793,True
18,18,0.9998345375061035,True
15,15,0.9994638562202454,True
3,3,0.9982328414916992,True
13,13,0.9997506737709045,True
12,12,0.9999209642410278,True
10,10,0.9999911785125732,True
10,10,0.9927217364311218,True
28,28,0.9993081092834473,True
15,15,0.9997560381889343,True
25,25,0.9999397993087769,True
7,7,0.9985962510108948,True
31,31,0.999946117401123,True
35,35,0.9983252882957458,True
5,5,0.9996556043624878,True
32,32,0.9919787645339966,True
16,16,0.9991936087608337,True
33,33,0.9955525994300842,True
17,17,0.9997783303260803,True
10,10,0.9985878467559814,True
21,21,0.9964805245399475,True
14,14,0.9999834299087524,True
12,12,0.9994831085205078,True
4,4,0.9999487400054932,True
3,3,0.9898505210876465,True
4,4,0.9997537732124329,True
8,8,0.9990146160125732,True
1,1,0.9999337196350098,True
18,18,0.9973119497299194,True
3,3,0.9989633560180664,True
9,9,0.9999881982803345,True
29,29,0.9990758895874023,True
5,5,0.9977030158042908,True
3,3,0.9997090697288513,True
31,31,0.4972926080226898,True
3,2,0.4907989501953125,False
40,40,0.9999297857284546,True
30,30,0.9760688543319702,True
5,5,0.9997180104255676,True
19,19,0.9997126460075378,True
3,5,0.9715606570243835,False
38,38,0.9999459981918335,True
5,5,0.6808777451515198,True
2,2,0.836125910282135,True
35,35,0.9999226331710815,True
5,5,0.9993953704833984,True
13,13,0.9998249411582947,True
17,17,0.99013352394104,True
5,5,0.9996315240859985,True
38,38,0.999819815158844,True
4,4,0.999850869178772,True
7,7,0.9986390471458435,True
3,3,0.9998993873596191,True
4,4,0.9998089671134949,True
34,34,0.9999814033508301,True
38,38,0.9986054301261902,True
9,9,0.9999878406524658,True
33,33,0.9999198913574219,True
38,38,0.9999141693115234,True
32,32,0.9998490810394287,True
3,3,0.9983896017074585,True
38,38,0.9969099164009094,True
38,38,0.8098553419113159,True
42,42,0.9995156526565552,True
25,25,0.7117588520050049,True
25,25,0.9997641444206238,True
14,14,0.9998936653137207,True
34,34,0.9915618300437927,True
26,26,0.9999488592147827,True
1,1,0.9998629093170166,True
12,12,0.999909520149231,True
4,4,0.999386191368103,True
33,33,0.9999756813049316,True
10,10,0.99996018409729,True
3,3,0.999290943145752,True
10,10,0.9995812773704529,True
10,10,0.9999834299087524,True
13,13,0.9992268085479736,True
15,15,0.9999277591705322,True
18,19,0.6930084228515625,False
3,3,0.98450767993927,True
1,1,0.9998295307159424,True
2,2,0.9998107552528381,True
18,26,0.5984690189361572,False
4,4,0.9990493655204773,True
33,33,0.9983633160591125,True
20,20,0.5534539818763733,True
3,3,0.9960081577301025,True
15,15,0.9994447827339172,True
33,33,0.9784166812896729,True
38,38,0.999679684638977,True
2,2,0.9942809343338013,True
5,5,0.9997536540031433,True
13,13,0.999618411064148,True
14,14,0.4420148432254791,True
13,13,0.9994716048240662,True
1,1,0.999316930770874,True
25,25,0.9994939565658569,True
28,28,0.9307804107666016,True
24,24,0.9997311234474182,True
5,5,0.9940240979194641,True
25,25,0.9999881982803345,True
38,38,0.9996887445449829,True
4,4,0.9995942711830139,True
13,13,0.9997729659080505,True
2,2,0.9993420243263245,True
38,38,0.5370004177093506,True
24,24,0.9932841062545776,True
25,25,0.9998101592063904,True
9,9,0.9904982447624207,True
5,8,0.7290467023849487,False
1,1,0.9999463558197021,True
22,22,0.9998828172683716,True
5,5,0.9998251795768738,True
7,7,0.9999426603317261,True
6,6,0.9963375329971313,True
12,12,0.999825656414032,True
16,16,0.9998676776885986,True
3,3,0.9998064637184143,True
35,35,0.9619613885879517,True
1,1,0.9998071789741516,True
9,9,0.9691811800003052,True
7,7,0.9998737573623657,True
8,8,0.9990611672401428,True
30,11,0.5830497741699219,False
23,23,0.9983162879943848,True
2,1,0.7986263036727905,False
39,39,0.9995081424713135,True
23,23,0.8893519639968872,True
10,10,0.9999039173126221,True
11,11,0.45625123381614685,True
1,1,0.9999661445617676,True
2,2,0.999729573726654,True
15,15,0.9999595880508423,True
17,12,0.8590705990791321,False
7,7,0.9978431463241577,True
2,2,0.9999076128005981,True
18,18,0.9990645051002502,True
11,11,0.9098884463310242,True
9,9,0.9998990297317505,True
20,20,0.9999146461486816,True
2,2,0.9999613761901855,True
9,9,0.9999480247497559,True
3,3,0.9681747555732727,True
1,1,0.9997789263725281,True
11,11,0.9999016523361206,True
8,8,0.9990543723106384,True
10,10,0.9998974800109863,True
6,6,0.9993947744369507,True
10,10,0.9998586177825928,True
3,3,0.9999619722366333,True
25,25,0.9995623230934143,True
5,5,0.9997614026069641,True
22,22,0.9998635053634644,True
3,3,0.9997751116752625,True
12,12,0.9993719458580017,True
25,25,0.9986616373062134,True
13,13,0.9995334148406982,True
10,10,0.9999918937683105,True
35,35,0.7821900248527527,True
10,10,0.9999841451644897,True
35,35,0.9995829463005066,True
38,38,0.9997662901878357,True
24,24,0.9979658126831055,True
13,13,0.9990991353988647,True
35,35,0.9999022483825684,True
25,25,0.9998430013656616,True
38,38,0.9997057318687439,True
1,1,0.9978639483451843,True
18,18,0.9058346152305603,True
7,7,0.961245059967041,True
35,35,0.9999958276748657,True
11,11,0.9990084767341614,True
39,39,0.9982056617736816,True
8,8,0.9998432397842407,True
0,0,0.9605332612991333,True
10,10,0.9961816072463989,True
18,26,0.7317334413528442,False
31,31,0.9994915723800659,True
8,8,0.998663067817688,True
31,31,0.9955692887306213,True
13,13,0.9999107122421265,True
5,5,0.9922052025794983,True
12,12,0.9998897314071655,True
35,35,0.9996592998504639,True
25,25,0.9812198877334595,True
12,12,0.9998345375061035,True
33,33,0.9997978806495667,True
6,6,0.6221664547920227,True
7,7,0.9998565912246704,True
10,10,0.9998520612716675,True
